{
  "method": "Per-country linear projection of LE/TFR/U5MR/GDP under two scenarios (current pace and Bangladesh pace +30pp). Country FE \u03b2s from handout_ssa_betas.json: LE/TFR use SSA-specific +init-Y spec (matches handout \u00a73); GDP uses global +init-Y (SSA n.s.); U5MR uses SSA pure-FE (+init-Y n.s. for both).",
  "params": {
    "threshold_pct": 30,
    "bangladesh_pace_pp": 30,
    "baseline_year": 2015,
    "scenario_years": 25,
    "growth_baseline_start": 1990
  },
  "betas_used": {
    "LE": {
      "value": 0.17187385910556396,
      "source": "SSA \u03b2 (+init Y), this script"
    },
    "TFR": {
      "value": -0.043828932291324285,
      "source": "SSA \u03b2 (+init Y), this script"
    },
    "GDP": {
      "value": 0.01251467169796668,
      "source": "global \u03b2 (+init Y); SSA not significant"
    },
    "U5MR": {
      "value": -2.1802247891669624,
      "source": "SSA \u03b2 (pure FE); +init Y not significant"
    }
  },
  "rows": [
    {
      "country": "Burkina Faso",
      "edu_2015": 10.32,
      "pace_pp_per_yr": 0.0796,
      "le_2015": 58.778,
      "tfr_2015": 5.478,
      "u5mr_2015": 86.8,
      "gdp_2015": 630.124751,
      "current_pace_2040": {
        "\u0394edu": 1.9900000000000002,
        "edu_next": 12.31,
        "LE": 59.12002897962007,
        "TFR": 5.390780424740265,
        "U5MR": 82.46135266955774,
        "GDP": 646.0145417137056
      },
      "bgd_pace_2040": {
        "\u0394edu": 30.0,
        "edu_next": 40.32,
        "LE": 63.93421577316692,
        "TFR": 4.163132031260272,
        "U5MR": 21.39325632499113,
        "GDP": 917.2297335361962
      }
    },
    {
      "country": "Burundi",
      "edu_2015": 14.18,
      "pace_pp_per_yr": 0.36719999999999997,
      "le_2015": 60.107,
      "tfr_2015": 5.695,
      "u5mr_2015": 67.0,
      "gdp_2015": 254.402585,
      "current_pace_2040": {
        "\u0394edu": 9.18,
        "edu_next": 23.36,
        "LE": 61.684802026589075,
        "TFR": 5.292650401565643,
        "U5MR": 46.98553643544729,
        "GDP": 285.3745930313516
      },
      "bgd_pace_2040": {
        "\u0394edu": 30.0,
        "edu_next": 44.18,
        "LE": 65.26321577316692,
        "TFR": 4.380132031260272,
        "U5MR": 1.5932563249911311,
        "GDP": 370.3165363368968
      }
    },
    {
      "country": "Central African Republic",
      "edu_2015": 15.5,
      "pace_pp_per_yr": 0.2064,
      "le_2015": 51.934,
      "tfr_2015": 6.126,
      "u5mr_2015": 129.0,
      "gdp_2015": 366.322854,
      "current_pace_2040": {
        "\u0394edu": 5.16,
        "edu_next": 20.66,
        "LE": 52.82086911298471,
        "TFR": 5.899842709376767,
        "U5MR": 117.75004008789847,
        "GDP": 390.75890763103206
      },
      "bgd_pace_2040": {
        "\u0394edu": 30.0,
        "edu_next": 45.5,
        "LE": 57.09021577316692,
        "TFR": 4.8111320312602714,
        "U5MR": 63.59325632499113,
        "GDP": 533.2312581427848
      }
    },
    {
      "country": "Chad",
      "edu_2015": 21.35,
      "pace_pp_per_yr": 0.5668000000000001,
      "le_2015": 51.32,
      "tfr_2015": 6.706,
      "u5mr_2015": 130.0,
      "gdp_2015": 993.990731,
      "current_pace_2040": {
        "\u0394edu": 14.170000000000002,
        "edu_next": 35.52,
        "LE": 53.755452583525845,
        "TFR": 6.084944029431935,
        "U5MR": 99.10621473750413,
        "GDP": 1186.8532780802216
      },
      "bgd_pace_2040": {
        "\u0394edu": 30.0,
        "edu_next": 51.35,
        "LE": 56.47621577316692,
        "TFR": 5.3911320312602715,
        "U5MR": 64.59325632499113,
        "GDP": 1446.8846873348402
      }
    },
    {
      "country": "Ethiopia",
      "edu_2015": 15.18,
      "pace_pp_per_yr": 0.36719999999999997,
      "le_2015": 63.592,
      "tfr_2015": 4.529,
      "u5mr_2015": 63.5,
      "gdp_2015": 597.912113,
      "current_pace_2040": {
        "\u0394edu": 9.18,
        "edu_next": 24.36,
        "LE": 65.16980202658908,
        "TFR": 4.126650401565643,
        "U5MR": 43.48553643544729,
        "GDP": 670.7043716395041
      },
      "bgd_pace_2040": {
        "\u0394edu": 30.0,
        "edu_next": 45.18,
        "LE": 68.74821577316692,
        "TFR": 3.2141320312602715,
        "U5MR": -1.9067436750088689,
        "GDP": 870.3399877797438
      }
    },
    {
      "country": "Guinea",
      "edu_2015": 29.61,
      "pace_pp_per_yr": 0.82,
      "le_2015": 57.899,
      "tfr_2015": 5.002,
      "u5mr_2015": 107.0,
      "gdp_2015": 747.356967,
      "current_pace_2040": {
        "\u0394edu": 20.5,
        "edu_next": 50.11,
        "LE": 61.42241411166406,
        "TFR": 4.103506888027852,
        "U5MR": 62.30539182207727,
        "GDP": 965.932260713456
      },
      "bgd_pace_2040": {
        "\u0394edu": 30.0,
        "edu_next": 59.61,
        "LE": 63.05521577316692,
        "TFR": 3.6871320312602713,
        "U5MR": 41.59325632499113,
        "GDP": 1087.8766952257522
      }
    },
    {
      "country": "Guinea-Bissau",
      "edu_2015": 28.02,
      "pace_pp_per_yr": 0.5068,
      "le_2015": 60.071,
      "tfr_2015": 4.661,
      "u5mr_2015": 91.2,
      "gdp_2015": 645.066837,
      "current_pace_2040": {
        "\u0394edu": 12.67,
        "edu_next": 40.69,
        "LE": 62.248641794867495,
        "TFR": 4.105687427868921,
        "U5MR": 63.57655192125459,
        "GDP": 755.9043334345614
      },
      "bgd_pace_2040": {
        "\u0394edu": 30.0,
        "edu_next": 58.019999999999996,
        "LE": 65.22721577316692,
        "TFR": 3.346132031260271,
        "U5MR": 25.793256324991134,
        "GDP": 938.9799116374448
      }
    },
    {
      "country": "Madagascar",
      "edu_2015": 23.07,
      "pace_pp_per_yr": 0.19920000000000002,
      "le_2015": 63.362,
      "tfr_2015": 4.335,
      "u5mr_2015": 58.1,
      "gdp_2015": 445.320069,
      "current_pace_2040": {
        "\u0394edu": 4.98,
        "edu_next": 28.05,
        "LE": 64.2179318183457,
        "TFR": 4.116731917189205,
        "U5MR": 47.242480549948525,
        "GDP": 473.95687894224653
      },
      "bgd_pace_2040": {
        "\u0394edu": 30.0,
        "edu_next": 53.07,
        "LE": 68.51821577316692,
        "TFR": 3.0201320312602715,
        "U5MR": -7.3067436750088675,
        "GDP": 648.2221299496147
      }
    },
    {
      "country": "Mali",
      "edu_2015": 23.96,
      "pace_pp_per_yr": 0.6896000000000001,
      "le_2015": 57.852,
      "tfr_2015": 6.385,
      "u5mr_2015": 109.0,
      "gdp_2015": 838.119869,
      "current_pace_2040": {
        "\u0394edu": 17.240000000000002,
        "edu_next": 41.2,
        "LE": 60.81510533097992,
        "TFR": 5.629389207297569,
        "U5MR": 71.41292463476157,
        "GDP": 1039.9356051481577
      },
      "bgd_pace_2040": {
        "\u0394edu": 30.0,
        "edu_next": 53.96,
        "LE": 63.00821577316692,
        "TFR": 5.070132031260272,
        "U5MR": 43.59325632499113,
        "GDP": 1219.9940771954564
      }
    },
    {
      "country": "Mozambique",
      "edu_2015": 26.0,
      "pace_pp_per_yr": 0.6384000000000001,
      "le_2015": 58.711,
      "tfr_2015": 5.245,
      "u5mr_2015": 81.8,
      "gdp_2015": 610.563775,
      "current_pace_2040": {
        "\u0394edu": 15.960000000000003,
        "edu_next": 41.96,
        "LE": 61.4541067913248,
        "TFR": 4.545490240630464,
        "U5MR": 47.003612364895275,
        "GDP": 745.5460567308083
      },
      "bgd_pace_2040": {
        "\u0394edu": 30.0,
        "edu_next": 56.0,
        "LE": 63.86721577316692,
        "TFR": 3.9301320312602717,
        "U5MR": 16.39325632499113,
        "GDP": 888.7561514784936
      }
    },
    {
      "country": "Niger",
      "edu_2015": 8.86,
      "pace_pp_per_yr": 0.1876,
      "le_2015": 58.85,
      "tfr_2015": 7.215,
      "u5mr_2015": 94.3,
      "gdp_2015": 485.662574,
      "current_pace_2040": {
        "\u0394edu": 4.6899999999999995,
        "edu_next": 13.549999999999999,