{
  "method": "Country FE, country-clustered SE; entry-cohort design (entry\u226510%, ceiling\u226490%); lower-sec completion at T \u2192 outcome at T+25; T=1960-1990 (5yr); lag=25. SSA = UN M49 (48 countries). Outcomes: LE, TFR, log GDP per capita (constant 2015 USD), U5MR.",
  "spec": {
    "lag": 25,
    "entry": 10,
    "ceiling": 90,
    "t_years": [
      1960,
      1965,
      1970,
      1975,
      1980,
      1985,
      1990
    ],
    "ssa_n_eligible": 48
  },
  "results": {
    "life_expectancy": {
      "ytransform": "linear",
      "pure_fe": {
        "global": {
          "beta": 0.17388227610565543,
          "se": 0.011111698360100208,
          "pval": 3.3972714522006834e-55,
          "r2_within": 0.4757199038475747,
          "n": 826,
          "countries": 160
        },
        "ssa": {
          "beta": 0.20868549731842637,
          "se": 0.057009619926817426,
          "pval": 0.00025169281807673556,
          "r2_within": 0.19728568882359043,
          "n": 164,
          "countries": 36
        }
      },
      "with_init_outcome": {
        "global": {
          "beta": 0.10424997216628848,
          "se": 0.01944293095844725,
          "pval": 8.237644541786075e-08,
          "r2_within": 0.5211558117045092,
          "n": 819,
          "countries": 160
        },
        "ssa": {
          "beta": 0.17187385910556396,
          "se": 0.0641730604535176,
          "pval": 0.007399983096063227,
          "r2_within": 0.20402275670436143,
          "n": 164,
          "countries": 36
        }
      }
    },
    "tfr": {
      "ytransform": "linear",
      "pure_fe": {
        "global": {
          "beta": -0.03414406885997042,
          "se": 0.002675144121973843,
          "pval": 2.6231962262603505e-37,
          "r2_within": 0.483275601531008,
          "n": 826,
          "countries": 160
        },
        "ssa": {
          "beta": -0.04646320112095129,
          "se": 0.00719347744606193,
          "pval": 1.0534578867155372e-10,
          "r2_within": 0.4807936396137953,
          "n": 164,
          "countries": 36
        }
      },
      "with_init_outcome": {
        "global": {
          "beta": -0.028734475452820887,
          "se": 0.004302288436028211,
          "pval": 2.407724348220378e-11,
          "r2_within": 0.4855940076310412,
          "n": 821,
          "countries": 160
        },
        "ssa": {
          "beta": -0.043828932291324285,
          "se": 0.009899951601567637,
          "pval": 9.547017315289034e-06,
          "r2_within": 0.48290718920052067,
          "n": 164,
          "countries": 36
        }
      }
    },
    "log_gdp": {
      "ytransform": "log",
      "pure_fe": {
        "global": {
          "beta": 0.014457866840542729,
          "se": 0.0013900919264475883,
          "pval": 2.4623417893245065e-25,
          "r2_within": 0.36434807858972595,
          "n": 792,
          "countries": 156
        },
        "ssa": {
          "beta": 0.011587652732259543,
          "se": 0.005904539462424986,
          "pval": 0.04970441806869784,
          "r2_within": 0.08214230331453298,
          "n": 164,
          "countries": 36
        }
      },
      "with_init_outcome": {
        "global": {
          "beta": 0.01251467169796668,
          "se": 0.001773453752966623,
          "pval": 1.70544259059444e-12,
          "r2_within": 0.48091493085942105,
          "n": 663,
          "countries": 134
        },
        "ssa": {
          "beta": 0.007112155437657735,
          "se": 0.005152305431940072,
          "pval": 0.16746871525353957,
          "r2_within": 0.09458017684302589,
          "n": 152,
          "countries": 35
        }
      }
    },
    "u5mr": {
      "ytransform": "linear",
      "pure_fe": {
        "global": {
          "beta": -0.8519180497279578,
          "se": 0.08616255738565895,
          "pval": 4.7243821474044687e-23,
          "r2_within": 0.28201326201145915,
          "n": 791,
          "countries": 155
        },
        "ssa": {
          "beta": -2.1802247891669624,
          "se": 0.4724326319560806,
          "pval": 3.933029272848082e-06,
          "r2_within": 0.35689126678017635,
          "n": 164,
          "countries": 36
        }
      },
      "with_init_outcome": {
        "global": {
          "beta": -0.11113718701604877,
          "se": 0.10718240937873677,
          "pval": 0.2997835653078359,
          "r2_within": 0.4377931749230991,
          "n": 791,
          "countries": 155
        },
        "ssa": {
          "beta": -0.46917605516026456,
          "se": 0.5013932539168976,
          "pval": 0.3494046754055896,
          "r2_within": 0.48961864666964705,
          "n": 164,
          "countries": 36
        }
      }
    }
  },
  "summary_vs_handout": {
    "life_expectancy": {
      "handout_beta": 0.109,
      "pure_fe": {
        "global": 0.17388227610565543,
        "ssa": 0.20868549731842637,
        "ssa_over_global": 1.2001539316843517
      },
      "with_init_outcome": {
        "global": 0.10424997216628848,
        "ssa": 0.17187385910556396,
        "ssa_over_global": 1.6486705515029687
      }
    },
    "tfr": {
      "handout_beta": -0.032,
      "pure_fe": {
        "global": -0.03414406885997042,
        "ssa": -0.04646320112095129,
        "ssa_over_global": 1.3607986005271764
      },
      "with_init_outcome": {
        "global": -0.028734475452820887,
        "ssa": -0.043828932291324285,
        "ssa_over_global": 1.5253082438650036
      }
    },
    "log_gdp": {
      "handout_beta": 0.011,
      "pure_fe": {
        "global": 0.014457866840542729,
        "ssa": 0.011587652732259543,
        "ssa_over_global": 0.801477345175532
      },
      "with_init_outcome": {
        "global": 0.01251467169796668,
        "ssa": 0.007112155437657735,
        "ssa_over_global": 0.5683053946044211
      }
    },
    "u5mr": {
      "handout_beta": null,
      "pure_fe": {
        "global": -0.8519180497279578,
        "ssa": -2.1802247891669624,
        "ssa_over_global": 2.559195441231902
      },
      "with_init_outcome": {
        "global": -0.11113718701604877,
        "ssa": -0.46917605516026456,
        "ssa_over_global": 4.221593759544347
      }
    }
  },
  "script": "scripts/handout/ssa_subsample_betas.py",
  "produced": "2026-04-29"
}