{
  "n_obs": 1665,
  "n_countries": 185,
  "year_min": 1975,
  "year_max": 2015,
  "lag": 25,
  "n_iter": 200,
  "seed": 2026,
  "real_beta": 0.4833766292051475,
  "within_year": {
    "null_mean": 0.10151344567126547,
    "null_sd": 0.004955946511924251,
    "null_min": 0.08703982755685828,
    "null_max": 0.11508217424990304,
    "z": 77.05151430006366,
    "p": 0.0,
    "n_iter": 200
  },
  "full": {
    "null_mean": 0.0006240375594353842,
    "null_sd": 0.00919129337677383,
    "null_min": -0.021806912669147843,
    "null_max": 0.020687510279581243,
    "z": 52.52281391274224,
    "p": 0.0,
    "n_iter": 200
  },
  "script": "scripts/robustness/permutation_null.py",
  "produced": "2026-04-28"
}