Austria, Life tables (period 1x1), Total	Last modified: 12 Dec 2024;  Methods Protocol: v6 (2017)

  Year          Age         mx       qx    ax      lx      dx      Lx       Tx     ex
  1947           0      0.08989  0.08461  0.31  100000    8461   94125  6153987  61.54
  1947           1      0.00753  0.00750  0.50   91539     687   91196  6059862  66.20
  1947           2      0.00447  0.00446  0.50   90853     406   90650  5968666  65.70
  1947           3      0.00339  0.00338  0.50   90447     306   90294  5878017  64.99
  1947           4      0.00253  0.00253  0.50   90141     228   90027  5787723  64.21
  1947           5      0.00184  0.00184  0.50   89913     166   89830  5697695  63.37
  1947           6      0.00142  0.00142  0.50   89748     127   89684  5607865  62.48
  1947           7      0.00151  0.00151  0.50   89620     135   89553  5518181  61.57
  1947           8      0.00132  0.00132  0.50   89485     118   89426  5428628  60.66
  1947           9      0.00092  0.00092  0.50   89367      82   89326  5339202  59.74
  1947          10      0.00125  0.00125  0.50   89285     112   89229  5249876  58.80
  1947          11      0.00131  0.00130  0.50   89173     116   89115  5160647  57.87
  1947          12      0.00098  0.00098  0.50   89057      88   89013  5071531  56.95
  1947          13      0.00113  0.00113  0.50   88969     101   88919  4982518  56.00
  1947          14      0.00131  0.00130  0.50   88869     116   88811  4893599  55.07
  1947          15      0.00151  0.00151  0.50   88753     134   88686  4804788  54.14
  1947          16      0.00163  0.00163  0.50   88619     144   88547  4716102  53.22
  1947          17      0.00209  0.00209  0.50   88475     185   88382  4627555  52.30
  1947          18      0.00212  0.00212  0.50   88290     187   88196  4539173  51.41
  1947          19      0.00262  0.00261  0.50   88103     230   87987  4450977  50.52
  1947          20      0.00288  0.00288  0.50   87872     253   87746  4362989  49.65
  1947          21      0.00297  0.00297  0.50   87619     260   87489  4275243  48.79
  1947          22      0.00302  0.00301  0.50   87359     263   87228  4187754  47.94
  1947          23      0.00294  0.00294  0.50   87096     256   86968  4100526  47.08
  1947          24      0.00306  0.00305  0.50   86840     265   86708  4013558  46.22
  1947          25      0.00269  0.00269  0.50   86575     233   86459  3926850  45.36
  1947          26      0.00307  0.00307  0.50   86343     265   86210  3840391  44.48
  1947          27      0.00301  0.00300  0.50   86078     259   85948  3754181  43.61
  1947          28      0.00263  0.00263  0.50   85819     226   85706  3668233  42.74
  1947          29      0.00255  0.00254  0.50   85593     218   85484  3582527  41.86
  1947          30      0.00332  0.00332  0.50   85376     283   85234  3497042  40.96
  1947          31      0.00300  0.00300  0.50   85092     255   84965  3411808  40.10
  1947          32      0.00336  0.00336  0.50   84838     285   84695  3326843  39.21
  1947          33      0.00305  0.00305  0.50   84553     258   84424  3242148  38.34
  1947          34      0.00355  0.00355  0.50   84295     299   84145  3157724  37.46
  1947          35      0.00311  0.00310  0.50   83996     260   83866  3073579  36.59
  1947          36      0.00357  0.00356  0.50   83735     298   83586  2989714  35.70
  1947          37      0.00372  0.00371  0.50   83437     310   83282  2906127  34.83
  1947          38      0.00429  0.00428  0.50   83127     356   82950  2822845  33.96
  1947          39      0.00416  0.00415  0.50   82772     344   82600  2739895  33.10
  1947          40      0.00455  0.00454  0.50   82428     374   82241  2657296  32.24
  1947          41      0.00445  0.00444  0.50   82054     365   81872  2575055  31.38
  1947          42      0.00483  0.00482  0.50   81690     394   81493  2493183  30.52
  1947          43      0.00491  0.00490  0.50   81296     398   81096  2411690  29.67
  1947          44      0.00546  0.00544  0.50   80897     440   80677  2330594  28.81
  1947          45      0.00582  0.00580  0.50   80457     467   80223  2249917  27.96
  1947          46      0.00642  0.00640  0.50   79990     512   79734  2169693  27.12
  1947          47      0.00673  0.00671  0.50   79478     533   79211  2089959  26.30
  1947          48      0.00788  0.00784  0.50   78945     619   78635  2010748  25.47
  1947          49      0.00781  0.00778  0.50   78325     609   78021  1932113  24.67
  1947          50      0.00890  0.00886  0.50   77716     689   77372  1854093  23.86
  1947          51      0.00906  0.00902  0.50   77027     694   76680  1776721  23.07
  1947          52      0.01013  0.01008  0.50   76333     769   75948  1700041  22.27
  1947          53      0.00971  0.00967  0.50   75564     731   75198  1624093  21.49
  1947          54      0.01037  0.01032  0.50   74833     772   74447  1548894  20.70
  1947          55      0.01242  0.01235  0.50   74061     914   73604  1474447  19.91
  1947          56      0.01352  0.01342  0.50   73146     982   72655  1400844  19.15
  1947          57      0.01461  0.01450  0.50   72164    1047   71641  1328188  18.41
  1947          58      0.01491  0.01480  0.50   71118    1053   70592  1256547  17.67
  1947          59      0.01703  0.01689  0.50   70065    1183   69473  1185955  16.93
  1947          60      0.01776  0.01760  0.50   68882    1213   68275  1116482  16.21
  1947          61      0.02030  0.02010  0.50   67669    1360   66989  1048206  15.49
  1947          62      0.02205  0.02181  0.50   66309    1446   65586   981217  14.80
  1947          63      0.02428  0.02399  0.50   64863    1556   64085   915631  14.12
  1947          64      0.02659  0.02624  0.50   63307    1661   62477   851546  13.45
  1947          65      0.02945  0.02902  0.50   61646    1789   60752   789069  12.80
  1947          66      0.03225  0.03173  0.50   59857    1899   58907   728317  12.17
  1947          67      0.03405  0.03348  0.50   57958    1940   56987   669410  11.55
  1947          68      0.03907  0.03832  0.50   56017    2147   54944   612422  10.93
  1947          69      0.04362  0.04269  0.50   53871    2300   52721   557479  10.35
  1947          70      0.04813  0.04700  0.50   51571    2424   50359   504758   9.79
  1947          71      0.05163  0.05033  0.50   49147    2474   47910   454399   9.25
  1947          72      0.05747  0.05587  0.50   46673    2607   45369   406490   8.71
  1947          73      0.06398  0.06199  0.50   44065    2732   42700   361120   8.20
  1947          74      0.06792  0.06569  0.50   41334    2715   39976   318421   7.70
  1947          75      0.08129  0.07812  0.50   38619    3017   37110   278445   7.21
  1947          76      0.08762  0.08394  0.50   35602    2989   34108   241334   6.78
  1947          77      0.09736  0.09284  0.50   32613    3028   31099   207227   6.35
  1947          78      0.10713  0.10168  0.50   29585    3008   28081   176127   5.95
  1947          79      0.11950  0.11277  0.50   26577    2997   25079   148046   5.57
  1947          80      0.13471  0.12621  0.50   23580    2976   22092   122967   5.21
  1947          81      0.14328  0.13370  0.50   20604    2755   19227   100875   4.90
  1947          82      0.15435  0.14329  0.50   17849    2558   16570    81649   4.57
  1947          83      0.17718  0.16276  0.50   15292    2489   14047    65078   4.26
  1947          84      0.19199  0.17518  0.50   12803    2243   11681    51031   3.99
  1947          85      0.20671  0.18735  0.50   10560    1978    9571    39350   3.73
  1947          86      0.22900  0.20547  0.50    8582    1763    7700    29779   3.47
  1947          87      0.25889  0.22922  0.50    6818    1563    6037    22079   3.24
  1947          88      0.26955  0.23754  0.50    5255    1248    4631    16042   3.05
  1947          89      0.31198  0.26988  0.50    4007    1081    3466    11411   2.85
  1947          90      0.32818  0.28192  0.50    2926     825    2513     7944   2.72
  1947          91      0.34058  0.29102  0.50    2101     611    1795     5431   2.59
  1947          92      0.36549  0.30902  0.50    1489     460    1259     3636   2.44
  1947          93      0.39104  0.32709  0.50    1029     337     861     2377   2.31
  1947          94      0.41709  0.34512  0.50     693     239     573     1516   2.19
  1947          95      0.44350  0.36300  0.50     454     165     371      943   2.08
  1947          96      0.47012  0.38065  0.50     289     110     234      572   1.98
  1947          97      0.49680  0.39795  0.50     179      71     143      338   1.89
  1947          98      0.52341  0.41484  0.50     108      45      85      194   1.80
  1947          99      0.54978  0.43124  0.50      63      27      49      109   1.73
  1947         100      0.57579  0.44708  0.50      36      16      28       59   1.66
  1947         101      0.60131  0.46232  0.50      20       9      15       32   1.60
  1947         102      0.62623  0.47691  0.50      11       5       8       16   1.54
  1947         103      0.65045  0.49082  0.50       6       3       4        8   1.49
  1947         104      0.67387  0.50404  0.50       3       1       2        4   1.44
  1947         105      0.69643  0.51656  0.50       1       1       1        2   1.40
  1947         106      0.71806  0.52836  0.50       1       0       1        1   1.36
  1947         107      0.73871  0.53946  0.50       0       0       0        0   1.33
  1947         108      0.75836  0.54986  0.50       0       0       0        0   1.30
  1947         109      0.77698  0.55959  0.50       0       0       0        0   1.27
  1947         110+     0.79457  1.00000  1.26       0       0       0        0   1.26
  1948           0      0.08402  0.07939  0.31  100000    7939   94487  6321075  63.21
  1948           1      0.00617  0.00615  0.50   92061     566   91778  6226588  67.64
  1948           2      0.00337  0.00337  0.50   91495     308   91341  6134810  67.05
  1948           3      0.00235  0.00235  0.50   91187     214   91080  6043469  66.28
  1948           4      0.00196  0.00196  0.50   90973     178   90884  5952389  65.43
  1948           5      0.00148  0.00148  0.50   90795     134   90728  5861505  64.56
  1948           6      0.00136  0.00136  0.50   90661     123   90599  5770777  63.65
  1948           7      0.00109  0.00109  0.50   90538      99   90488  5680178  62.74
  1948           8      0.00106  0.00106  0.50   90439      96   90391  5589689  61.81
  1948           9      0.00083  0.00083  0.50   90343      75   90306  5499298  60.87
  1948          10      0.00080  0.00080  0.50   90268      72   90232  5408992  59.92
  1948          11      0.00091  0.00091  0.50   90196      82   90155  5318760  58.97
  1948          12      0.00085  0.00085  0.50   90114      76   90076  5228605  58.02
  1948          13      0.00072  0.00072  0.50   90038      65   90005  5138530  57.07
  1948          14      0.00096  0.00096  0.50   89973      86   89930  5048524  56.11
  1948          15      0.00124  0.00124  0.50   89887     112   89831  4958594  55.16
  1948          16      0.00148  0.00148  0.50   89775     133   89708  4868763  54.23
  1948          17      0.00171  0.00171  0.50   89642     153   89565  4779055  53.31
  1948          18      0.00185  0.00185  0.50   89489     165   89406  4689490  52.40
  1948          19      0.00226  0.00226  0.50   89323     202   89222  4600084  51.50
  1948          20      0.00225  0.00224  0.50   89121     200   89021  4510862  50.61
  1948          21      0.00222  0.00221  0.50   88922     197   88823  4421840  49.73
  1948          22      0.00243  0.00243  0.50   88725     216   88617  4333017  48.84
  1948          23      0.00244  0.00244  0.50   88509     216   88401  4244400  47.95
  1948          24      0.00259  0.00259  0.50   88293     228   88179  4155999  47.07
  1948          25      0.00284  0.00284  0.50   88065     250   87940  4067820  46.19
  1948          26      0.00251  0.00251  0.50   87815     221   87705  3979881  45.32
  1948          27      0.00226  0.00226  0.50   87594     198   87496  3892176  44.43
  1948          28      0.00262  0.00261  0.50   87397     228   87283  3804680  43.53
  1948          29      0.00239  0.00239  0.50   87168     208   87064  3717398  42.65
  1948          30      0.00322  0.00321  0.50   86960     279   86821  3630333  41.75
  1948          31      0.00310  0.00310  0.50   86681     268   86547  3543512  40.88
  1948          32      0.00288  0.00287  0.50   86413     248   86288  3456966  40.01
  1948          33      0.00305  0.00304  0.50   86164     262   86033  3370677  39.12
  1948          34      0.00329  0.00329  0.50   85902     282   85761  3284644  38.24
  1948          35      0.00311  0.00310  0.50   85620     266   85487  3198883  37.36
  1948          36      0.00336  0.00336  0.50   85354     287   85211  3113397  36.48
  1948          37      0.00316  0.00315  0.50   85067     268   84933  3028186  35.60
  1948          38      0.00355  0.00354  0.50   84799     300   84649  2943253  34.71
  1948          39      0.00373  0.00372  0.50   84499     314   84341  2858604  33.83
  1948          40      0.00391  0.00390  0.50   84184     328   84020  2774263  32.95
  1948          41      0.00417  0.00416  0.50   83856     349   83681  2690243  32.08
  1948          42      0.00409  0.00408  0.50   83507     341   83336  2606562  31.21
  1948          43      0.00477  0.00476  0.50   83166     396   82968  2523226  30.34
  1948          44      0.00516  0.00515  0.50   82770     426   82557  2440258  29.48
  1948          45      0.00510  0.00509  0.50   82344     419   82134  2357701  28.63
  1948          46      0.00595  0.00593  0.50   81924     486   81681  2275567  27.78
  1948          47      0.00712  0.00709  0.50   81438     577   81150  2193886  26.94
  1948          48      0.00691  0.00689  0.50   80861     557   80582  2112736  26.13
  1948          49      0.00749  0.00746  0.50   80304     599   80004  2032154  25.31
  1948          50      0.00814  0.00811  0.50   79704     646   79381  1952149  24.49
  1948          51      0.00857  0.00853  0.50   79058     674   78721  1872768  23.69
  1948          52      0.00971  0.00967  0.50   78384     758   78005  1794047  22.89
  1948          53      0.01050  0.01045  0.50   77626     811   77221  1716042  22.11
  1948          54      0.01064  0.01059  0.50   76815     813   76408  1638822  21.33
  1948          55      0.01193  0.01186  0.50   76002     901   75551  1562413  20.56
  1948          56      0.01316  0.01308  0.50   75101     982   74610  1486862  19.80
  1948          57      0.01378  0.01368  0.50   74119    1014   73611  1412253  19.05
  1948          58      0.01453  0.01443  0.50   73104    1055   72577  1338641  18.31
  1948          59      0.01551  0.01539  0.50   72050    1109   71495  1266064  17.57
  1948          60      0.01789  0.01773  0.50   70941    1258   70312  1194569  16.84
  1948          61      0.01877  0.01859  0.50   69683    1296   69035  1124257  16.13
  1948          62      0.02064  0.02043  0.50   68387    1397   67689  1055222  15.43
  1948          63      0.02295  0.02269  0.50   66991    1520   66231   987533  14.74
  1948          64      0.02486  0.02455  0.50   65471    1607   64667   921302  14.07
  1948          65      0.02832  0.02792  0.50   63863    1783   62972   856635  13.41
  1948          66      0.02959  0.02916  0.50   62080    1810   61175   793664  12.78
  1948          67      0.03132  0.03083  0.50   60270    1858   59341   732489  12.15
  1948          68      0.03407  0.03350  0.50   58411    1957   57433   673148  11.52
  1948          69      0.03961  0.03884  0.50   56455    2193   55358   615715  10.91
  1948          70      0.04460  0.04362  0.50   54262    2367   53079   560357  10.33
  1948          71      0.04833  0.04719  0.50   51895    2449   50670   507278   9.78
  1948          72      0.05448  0.05304  0.50   49446    2623   48135   456608   9.23
  1948          73      0.05882  0.05714  0.50   46823    2676   45486   408473   8.72
  1948          74      0.06480  0.06276  0.50   44148    2771   42762   362987   8.22
  1948          75      0.07072  0.06830  0.50   41377    2826   39964   320225   7.74
  1948          76      0.07884  0.07585  0.50   38551    2924   37089   280261   7.27
  1948          77      0.08517  0.08170  0.50   35627    2911   34171   243172   6.83
  1948          78      0.09619  0.09178  0.50   32716    3003   31215   209001   6.39
  1948          79      0.10521  0.09995  0.50   29714    2970   28229   177786   5.98
  1948          80      0.12550  0.11809  0.50   26744    3158   25165   149557   5.59
  1948          81      0.13776  0.12889  0.50   23586    3040   22066   124393   5.27
  1948          82      0.14251  0.13303  0.50   20546    2733   19179   102327   4.98
  1948          83      0.16145  0.14939  0.50   17813    2661   16482    83148   4.67
  1948          84      0.17671  0.16236  0.50   15152    2460   13921    66666   4.40
  1948          85      0.19235  0.17547  0.50   12691    2227   11578    52744   4.16
  1948          86      0.19916  0.18112  0.50   10464    1895    9517    41166   3.93
  1948          87      0.21298  0.19248  0.50    8569    1649    7744    31650   3.69
  1948          88      0.23701  0.21190  0.50    6920    1466    6187    23905   3.45
  1948          89      0.26031  0.23033  0.50    5453    1256    4825    17719   3.25
  1948          90      0.28518  0.24959  0.50    4197    1048    3674    12893   3.07
  1948          91      0.29600  0.25784  0.50    3150     812    2744     9220   2.93
  1948          92      0.31681  0.27349  0.50    2338     639    2018     6476   2.77
  1948          93      0.33836  0.28940  0.50    1698     491    1453     4458   2.62
  1948          94      0.36059  0.30551  0.50    1207     369    1022     3005   2.49
  1948          95      0.38341  0.32173  0.50     838     270     703     1983   2.37
  1948          96      0.40674  0.33800  0.50     568     192     472     1280   2.25
  1948          97      0.43049  0.35424  0.50     376     133     310      807   2.14
  1948          98      0.45455  0.37037  0.50     243      90     198      497   2.05
  1948          99      0.47880  0.38632  0.50     153      59     123      299   1.96
  1948         100      0.50315  0.40201  0.50      94      38      75      176   1.87
  1948         101      0.52748  0.41739  0.50      56      23      44      101   1.80
  1948         102      0.55167  0.43240  0.50      33      14      26       57   1.73
  1948         103      0.57561  0.44697  0.50      19       8      14       31   1.67
  1948         104      0.59920  0.46106  0.50      10       5       8       16   1.61
  1948         105      0.62234  0.47464  0.50       6       3       4        9   1.55
  1948         106      0.64494  0.48768  0.50       3       1       2        4   1.50
  1948         107      0.66691  0.50014  0.50       1       1       1        2   1.46
  1948         108      0.68818  0.51201  0.50       1       0       1        1   1.42
  1948         109      0.70870  0.52328  0.50       0       0       0        1   1.39
  1948         110+     0.72841  1.00000  1.37       0       0       0        0   1.37
  1949           0      0.07677  0.07287  0.30  100000    7287   94919  6346917  63.47
  1949           1      0.00669  0.00667  0.50   92713     618   92404  6251998  67.43
  1949           2      0.00331  0.00330  0.50   92095     304   91943  6159594  66.88
  1949           3      0.00255  0.00255  0.50   91790     234   91674  6067652  66.10
  1949           4      0.00180  0.00180  0.50   91557     165   91474  5975978  65.27
  1949           5      0.00158  0.00158  0.50   91392     144   91320  5884504  64.39
  1949           6      0.00144  0.00144  0.50   91248     131   91182  5793184  63.49
  1949           7      0.00096  0.00096  0.50   91117      87   91073  5702002  62.58
  1949           8      0.00091  0.00091  0.50   91029      83   90988  5610929  61.64
  1949           9      0.00067  0.00067  0.50   90947      61   90916  5519940  60.69
  1949          10      0.00079  0.00079  0.50   90886      72   90850  5429024  59.73
  1949          11      0.00087  0.00087  0.50   90814      79   90774  5338174  58.78
  1949          12      0.00094  0.00094  0.50   90735      85   90692  5247400  57.83
  1949          13      0.00099  0.00099  0.50   90649      89   90605  5156708  56.89
  1949          14      0.00076  0.00076  0.50   90560      69   90526  5066103  55.94
  1949          15      0.00121  0.00121  0.50   90491     109   90437  4975577  54.98
  1949          16      0.00113  0.00113  0.50   90382     102   90331  4885141  54.05
  1949          17      0.00138  0.00138  0.50   90280     125   90217  4794810  53.11
  1949          18      0.00162  0.00162  0.50   90155     146   90082  4704593  52.18
  1949          19      0.00189  0.00189  0.50   90009     170   89924  4614511  51.27
  1949          20      0.00194  0.00194  0.50   89839     174   89752  4524586  50.36
  1949          21      0.00200  0.00200  0.50   89665     179   89576  4434834  49.46
  1949          22      0.00223  0.00223  0.50   89486     200   89386  4345258  48.56
  1949          23      0.00188  0.00187  0.50   89287     167   89203  4255872  47.67
  1949          24      0.00221  0.00221  0.50   89119     197   89021  4166669  46.75
  1949          25      0.00231  0.00231  0.50   88922     205   88820  4077648  45.86
  1949          26      0.00215  0.00215  0.50   88717     191   88622  3988828  44.96
  1949          27      0.00226  0.00226  0.50   88526     200   88426  3900206  44.06
  1949          28      0.00207  0.00207  0.50   88326     183   88235  3811780  43.16
  1949          29      0.00247  0.00247  0.50   88144     218   88035  3723545  42.24
  1949          30      0.00237  0.00237  0.50   87926     208   87822  3635511  41.35
  1949          31      0.00263  0.00262  0.50   87718     230   87602  3547689  40.44
  1949          32      0.00211  0.00211  0.50   87487     184   87395  3460086  39.55
  1949          33      0.00217  0.00217  0.50   87303     190   87208  3372691  38.63
  1949          34      0.00251  0.00251  0.50   87113     219   87004  3285483  37.72
  1949          35      0.00326  0.00326  0.50   86895     283   86753  3198479  36.81
  1949          36      0.00294  0.00294  0.50   86611     255   86484  3111726  35.93
  1949          37      0.00341  0.00340  0.50   86357     294   86210  3025242  35.03
  1949          38      0.00348  0.00348  0.50   86063     299   85913  2939032  34.15
  1949          39      0.00335  0.00335  0.50   85764     287   85620  2853119  33.27
  1949          40      0.00357  0.00356  0.50   85477     305   85324  2767499  32.38
  1949          41      0.00383  0.00382  0.50   85172     325   85009  2682175  31.49
  1949          42      0.00464  0.00463  0.50   84847     393   84650  2597165  30.61
  1949          43      0.00428  0.00427  0.50   84454     361   84274  2512515  29.75
  1949          44      0.00480  0.00479  0.50   84093     403   83892  2428241  28.88
  1949          45      0.00528  0.00527  0.50   83690     441   83470  2344350  28.01
  1949          46      0.00616  0.00614  0.50   83249     511   82994  2260880  27.16
  1949          47      0.00617  0.00615  0.50   82738     509   82484  2177886  26.32
  1949          48      0.00739  0.00736  0.50   82229     605   81926  2095403  25.48
  1949          49      0.00825  0.00821  0.50   81624     670   81289  2013476  24.67
  1949          50      0.00771  0.00768  0.50   80953     621   80643  1932188  23.87
  1949          51      0.00827  0.00824  0.50   80332     662   80001  1851545  23.05
  1949          52      0.00958  0.00953  0.50   79670     759   79291  1771544  22.24
  1949          53      0.01034  0.01028  0.50   78911     812   78505  1692253  21.45
  1949          54      0.01115  0.01109  0.50   78100     866   77667  1613748  20.66
  1949          55      0.01189  0.01182  0.50   77234     913   76777  1536081  19.89
  1949          56      0.01325  0.01316  0.50   76321    1004   75818  1459304  19.12
  1949          57      0.01370  0.01360  0.50   75316    1025   74804  1383486  18.37
  1949          58      0.01517  0.01506  0.50   74292    1119   73732  1308682  17.62
  1949          59      0.01732  0.01717  0.50   73173    1257   72545  1234949  16.88
  1949          60      0.01824  0.01807  0.50   71916    1300   71267  1162405  16.16
  1949          61      0.02090  0.02069  0.50   70617    1461   69886  1091138  15.45
  1949          62      0.02258  0.02233  0.50   69156    1544   68384  1021252  14.77
  1949          63      0.02412  0.02384  0.50   67612    1612   66806   952868  14.09
  1949          64      0.02773  0.02735  0.50   66000    1805   65098   886062  13.43
  1949          65      0.02890  0.02849  0.50   64195    1829   63280   820964  12.79
  1949          66      0.03236  0.03184  0.50   62366    1986   61373   757684  12.15
  1949          67      0.03579  0.03516  0.50   60380    2123   59319   696311  11.53
  1949          68      0.03856  0.03784  0.50   58257    2204   57155   636992  10.93
  1949          69      0.04415  0.04320  0.50   56053    2421   54842   579837  10.34
  1949          70      0.04653  0.04547  0.50   53632    2439   52412   524995   9.79
  1949          71      0.05239  0.05105  0.50   51193    2613   49886   472583   9.23
  1949          72      0.05851  0.05685  0.50   48580    2762   47199   422696   8.70
  1949          73      0.06720  0.06502  0.50   45818    2979   44329   375497   8.20
  1949          74      0.07061  0.06820  0.50   42839    2922   41378   331169   7.73
  1949          75      0.07870  0.07572  0.50   39918    3023   38406   289790   7.26
  1949          76      0.08586  0.08232  0.50   36895    3037   35376   251384   6.81
  1949          77      0.09342  0.08925  0.50   33858    3022   32347   216008   6.38
  1949          78      0.10622  0.10086  0.50   30836    3110   29281   183661   5.96
  1949          79      0.12348  0.11630  0.50   27726    3224   26114   154380   5.57
  1949          80      0.12987  0.12195  0.50   24501    2988   23007   128267   5.24
  1949          81      0.14104  0.13175  0.50   21513    2834   20096   105259   4.89
  1949          82      0.17074  0.15731  0.50   18679    2938   17210    85163   4.56
  1949          83      0.16969  0.15642  0.50   15741    2462   14510    67953   4.32
  1949          84      0.18860  0.17235  0.50   13278    2288   12134    53444   4.02
  1949          85      0.20903  0.18925  0.50   10990    2080    9950    41309   3.76
  1949          86      0.23134  0.20735  0.50    8910    1848    7986    31359   3.52
  1949          87      0.22983  0.20614  0.50    7063    1456    6335    23373   3.31
  1949          88      0.29690  0.25852  0.50    5607    1449    4882    17038   3.04
  1949          89      0.27314  0.24032  0.50    4157     999    3658    12156   2.92
  1949          90      0.34206  0.29210  0.50    3158     922    2697     8499   2.69
  1949          91      0.33860  0.28957  0.50    2236     647    1912     5802   2.60
  1949          92      0.36360  0.30767  0.50    1588     489    1344     3890   2.45
  1949          93      0.38931  0.32588  0.50    1100     358     920     2546   2.32
  1949          94      0.41560  0.34410  0.50     741     255     614     1626   2.19
  1949          95      0.44233  0.36222  0.50     486     176     398     1012   2.08
  1949          96      0.46935  0.38014  0.50     310     118     251      614   1.98
  1949          97      0.49650  0.39776  0.50     192      76     154      363   1.89
  1949          98      0.52362  0.41498  0.50     116      48      92      209   1.80
  1949          99      0.55056  0.43171  0.50      68      29      53      117   1.72
  1949         100      0.57715  0.44790  0.50      38      17      30       64   1.65
  1949         101      0.60327  0.46347  0.50      21      10      16       34   1.59
  1949         102      0.62878  0.47838  0.50      11       5       9       17   1.53
  1949         103      0.65355  0.49259  0.50       6       3       4        9   1.48
  1949         104      0.67750  0.50607  0.50       3       2       2        4   1.43
  1949         105      0.70052  0.51881  0.50       1       1       1        2   1.39
  1949         106      0.72256  0.53079  0.50       1       0       1        1   1.35
  1949         107      0.74355  0.54204  0.50       0       0       0        0   1.32
  1949         108      0.76347  0.55254  0.50       0       0       0        0   1.29
  1949         109      0.78229  0.56233  0.50       0       0       0        0   1.27
  1949         110+     0.79999  1.00000  1.25       0       0       0        0   1.25
  1950           0      0.06864  0.06541  0.28  100000    6541   95286  6480714  64.81
  1950           1      0.00496  0.00494  0.50   93459     462   93228  6385427  68.32
  1950           2      0.00294  0.00293  0.50   92997     273   92861  6292199  67.66
  1950           3      0.00187  0.00187  0.50   92725     173   92638  6199338  66.86
  1950           4      0.00174  0.00173  0.50   92552     160   92471  6106700  65.98
  1950           5      0.00102  0.00102  0.50   92391      94   92344  6014229  65.10
  1950           6      0.00116  0.00116  0.50   92297     107   92243  5921885  64.16
  1950           7      0.00065  0.00065  0.50   92190      60   92160  5829641  63.24
  1950           8      0.00070  0.00070  0.50   92130      65   92098  5737481  62.28
  1950           9      0.00065  0.00065  0.50   92065      60   92035  5645384  61.32
  1950          10      0.00070  0.00070  0.50   92006      65   91973  5553348  60.36
  1950          11      0.00060  0.00060  0.50   91941      55   91913  5461375  59.40
  1950          12      0.00056  0.00056  0.50   91886      51   91860  5369461  58.44
  1950          13      0.00078  0.00078  0.50   91834      72   91799  5277601  57.47
  1950          14      0.00098  0.00098  0.50   91763      90   91718  5185803  56.51
  1950          15      0.00096  0.00096  0.50   91673      88   91629  5094085  55.57
  1950          16      0.00127  0.00127  0.50   91584     116   91526  5002457  54.62
  1950          17      0.00140  0.00140  0.50   91468     128   91404  4910930  53.69
  1950          18      0.00144  0.00144  0.50   91340     132   91274  4819526  52.76
  1950          19      0.00178  0.00178  0.50   91209     163   91127  4728252  51.84
  1950          20      0.00200  0.00200  0.50   91046     182   90955  4637125  50.93
  1950          21      0.00189  0.00189  0.50   90864     172   90778  4546170  50.03
  1950          22      0.00180  0.00180  0.50   90692     163   90611  4455392  49.13
  1950          23      0.00186  0.00186  0.50   90529     168   90445  4364781  48.21
  1950          24      0.00180  0.00180  0.50   90361     163   90280  4274336  47.30
  1950          25      0.00183  0.00183  0.50   90198     165   90116  4184057  46.39
  1950          26      0.00199  0.00199  0.50   90033     179   89944  4093941  45.47
  1950          27      0.00190  0.00190  0.50   89854     171   89769  4003997  44.56
  1950          28      0.00180  0.00180  0.50   89683     161   89603  3914228  43.65
  1950          29      0.00207  0.00206  0.50   89522     185   89430  3824626  42.72
  1950          30      0.00231  0.00230  0.50   89337     206   89234  3735196  41.81
  1950          31      0.00202  0.00202  0.50   89132     180   89042  3645961  40.91
  1950          32      0.00208  0.00208  0.50   88952     185   88859  3556920  39.99
  1950          33      0.00221  0.00221  0.50   88767     196   88669  3468061  39.07
  1950          34      0.00187  0.00187  0.50   88570     166   88488  3379392  38.15
  1950          35      0.00249  0.00248  0.50   88405     220   88295  3290905  37.23
  1950          36      0.00241  0.00241  0.50   88185     212   88079  3202610  36.32
  1950          37      0.00281  0.00280  0.50   87973     247   87850  3114531  35.40
  1950          38      0.00298  0.00298  0.50   87726     261   87596  3026681  34.50
  1950          39      0.00310  0.00310  0.50   87465     271   87330  2939085  33.60
  1950          40      0.00326  0.00325  0.50   87194     284   87052  2851756  32.71
  1950          41      0.00343  0.00342  0.50   86911     297   86762  2764703  31.81
  1950          42      0.00399  0.00398  0.50   86613     345   86441  2677941  30.92
  1950          43      0.00401  0.00400  0.50   86269     345   86096  2591500  30.04
  1950          44      0.00503  0.00502  0.50   85923     431   85708  2505404  29.16
  1950          45      0.00469  0.00468  0.50   85492     400   85292  2419696  28.30
  1950          46      0.00528  0.00527  0.50   85092     448   84868  2334404  27.43
  1950          47      0.00647  0.00645  0.50   84644     546   84371  2249536  26.58
  1950          48      0.00691  0.00688  0.50   84098     579   83809  2165165  25.75
  1950          49      0.00725  0.00722  0.50   83519     603   83218  2081356  24.92
  1950          50      0.00825  0.00821  0.50   82916     681   82576  1998138  24.10
  1950          51      0.00896  0.00892  0.50   82235     734   81868  1915562  23.29
  1950          52      0.00924  0.00920  0.50   81501     750   81127  1833694  22.50
  1950          53      0.01075  0.01069  0.50   80752     863   80320  1752567  21.70
  1950          54      0.01140  0.01134  0.50   79888     906   79436  1672247  20.93
  1950          55      0.01196  0.01189  0.50   78983     939   78513  1592812  20.17
  1950          56      0.01348  0.01339  0.50   78044    1045   77521  1514298  19.40
  1950          57      0.01290  0.01282  0.50   76999     987   76505  1436777  18.66
  1950          58      0.01513  0.01501  0.50   76012    1141   75441  1360271  17.90
  1950          59      0.01643  0.01630  0.50   74871    1220   74261  1284830  17.16
  1950          60      0.01727  0.01713  0.50   73650    1261   73020  1210570  16.44
  1950          61      0.01979  0.01960  0.50   72389    1418   71680  1137550  15.71
  1950          62      0.02231  0.02206  0.50   70970    1566   70188  1065870  15.02
  1950          63      0.02409  0.02380  0.50   69405    1652   68579   995683  14.35
  1950          64      0.02544  0.02512  0.50   67753    1702   66902   927104  13.68
  1950          65      0.02856  0.02815  0.50   66051    1860   65121   860202  13.02
  1950          66      0.03114  0.03066  0.50   64191    1968   63207   795081  12.39
  1950          67      0.03590  0.03526  0.50   62223    2194   61126   731874  11.76
  1950          68      0.03943  0.03867  0.50   60029    2321   58868   670748  11.17
  1950          69      0.04179  0.04094  0.50   57708    2362   56526   611880  10.60
  1950          70      0.04685  0.04578  0.50   55345    2534   54078   555354  10.03
  1950          71      0.05074  0.04949  0.50   52812    2614   51505   501275   9.49
  1950          72      0.05565  0.05414  0.50   50198    2718   48839   449771   8.96
  1950          73      0.06374  0.06177  0.50   47480    2933   46014   400932   8.44
  1950          74      0.06989  0.06753  0.50   44547    3008   43043   354918   7.97
  1950          75      0.07394  0.07130  0.50   41539    2962   40058   311875   7.51
  1950          76      0.08318  0.07986  0.50   38577    3081   37037   271817   7.05
  1950          77      0.09249  0.08840  0.50   35496    3138   33927   234780   6.61
  1950          78      0.10274  0.09772  0.50   32358    3162   30777   200853   6.21
  1950          79      0.11163  0.10573  0.50   29196    3087   27653   170076   5.83
  1950          80      0.12580  0.11835  0.50   26110    3090   24564   142423   5.45
  1950          81      0.13478  0.12627  0.50   23019    2907   21566   117858   5.12
  1950          82      0.15541  0.14420  0.50   20113    2900   18663    96292   4.79
  1950          83      0.16187  0.14975  0.50   17212    2578   15924    77629   4.51
  1950          84      0.18290  0.16757  0.50   14635    2452   13409    61706   4.22
  1950          85      0.19914  0.18110  0.50   12182    2206   11079    48297   3.96
  1950          86      0.21645  0.19531  0.50    9976    1948    9002    37218   3.73
  1950          87      0.23274  0.20848  0.50    8028    1674    7191    28216   3.51
  1950          88      0.25441  0.22570  0.50    6354    1434    5637    21025   3.31
  1950          89      0.27134  0.23893  0.50    4920    1176    4332    15388   3.13
  1950          90      0.28371  0.24847  0.50    3744     930    3279    11056   2.95
  1950          91      0.31514  0.27224  0.50    2814     766    2431     7777   2.76
  1950          92      0.33815  0.28925  0.50    2048     592    1752     5346   2.61
  1950          93      0.36191  0.30646  0.50    1456     446    1233     3594   2.47
  1950          94      0.38633  0.32379  0.50    1010     327     846     2361   2.34
  1950          95      0.41130  0.34114  0.50     683     233     566     1515   2.22
  1950          96      0.43669  0.35843  0.50     450     161     369      949   2.11
  1950          97      0.46239  0.37556  0.50     289     108     234      580   2.01
  1950          98      0.48824  0.39244  0.50     180      71     145      346   1.92
  1950          99      0.51413  0.40900  0.50     109      45      87      201   1.83
  1950         100      0.53992  0.42515  0.50      65      28      51      114   1.76
  1950         101      0.56547  0.44083  0.50      37      16      29       63   1.69
  1950         102      0.59065  0.45599  0.50      21       9      16       34   1.62
  1950         103      0.61534  0.47056  0.50      11       5       9       18   1.57
  1950         104      0.63945  0.48453  0.50       6       3       5        9   1.51
  1950         105      0.66285  0.49785  0.50       3       2       2        5   1.47
  1950         106      0.68548  0.51051  0.50       2       1       1        2   1.42
  1950         107      0.70725  0.52249  0.50       1       0       1        1   1.38
  1950         108      0.72812  0.53379  0.50       0       0       0        0   1.35
  1950         109      0.74802  0.54441  0.50       0       0       0        0   1.32
  1950         110+     0.76694  1.00000  1.30       0       0       0        0   1.30
  1951           0      0.06284  0.06005  0.26  100000    6005   95550  6521895  65.22
  1951           1      0.00469  0.00468  0.50   93995     440   93775  6426345  68.37
  1951           2      0.00256  0.00256  0.50   93555     240   93436  6332570  67.69
  1951           3      0.00191  0.00191  0.50   93316     178   93227  6239134  66.86
  1951           4      0.00153  0.00153  0.50   93137     142   93066  6145907  65.99
  1951           5      0.00099  0.00099  0.50   92995      92   92949  6052841  65.09
  1951           6      0.00095  0.00095  0.50   92903      88   92859  5959892  64.15
  1951           7      0.00074  0.00074  0.50   92815      69   92780  5867033  63.21
  1951           8      0.00073  0.00073  0.50   92746      68   92712  5774253  62.26
  1951           9      0.00072  0.00072  0.50   92678      67   92645  5681541  61.30
  1951          10      0.00063  0.00063  0.50   92611      58   92582  5588896  60.35
  1951          11      0.00069  0.00069  0.50   92553      63   92521  5496314  59.39
  1951          12      0.00059  0.00059  0.50   92490      54   92462  5403793  58.43
  1951          13      0.00061  0.00061  0.50   92435      57   92407  5311330  57.46
  1951          14      0.00070  0.00070  0.50   92379      65   92346  5218923  56.49
  1951          15      0.00075  0.00075  0.50   92314      69   92279  5126577  55.53
  1951          16      0.00111  0.00111  0.50   92245     102   92194  5034298  54.58
  1951          17      0.00131  0.00131  0.50   92142     121   92082  4942104  53.64
  1951          18      0.00159  0.00159  0.50   92022     147   91948  4850022  52.71
  1951          19      0.00167  0.00167  0.50   91875     153   91798  4758074  51.79
  1951          20      0.00182  0.00182  0.50   91722     167   91638  4666275  50.87
  1951          21      0.00186  0.00186  0.50   91555     170   91470  4574637  49.97
  1951          22      0.00192  0.00192  0.50   91384     175   91297  4483167  49.06
  1951          23      0.00165  0.00165  0.50   91209     151   91134  4391871  48.15
  1951          24      0.00161  0.00161  0.50   91058     147   90985  4300737  47.23
  1951          25      0.00178  0.00178  0.50   90912     162   90831  4209752  46.31
  1951          26      0.00184  0.00184  0.50   90750     167   90666  4118921  45.39
  1951          27      0.00174  0.00174  0.50   90583     158   90504  4028255  44.47
  1951          28      0.00167  0.00167  0.50   90425     151   90350  3937750  43.55
  1951          29      0.00179  0.00179  0.50   90274     161   90194  3847401  42.62
  1951          30      0.00212  0.00212  0.50   90113     191   90018  3757207  41.69
  1951          31      0.00166  0.00166  0.50   89922     149   89848  3667189  40.78
  1951          32      0.00223  0.00223  0.50   89773     200   89673  3577341  39.85
  1951          33      0.00209  0.00209  0.50   89573     187   89480  3487668  38.94
  1951          34      0.00227  0.00227  0.50   89386     203   89285  3398188  38.02
  1951          35      0.00229  0.00229  0.50   89183     204   89081  3308903  37.10
  1951          36      0.00268  0.00268  0.50   88980     238   88860  3219822  36.19
  1951          37      0.00234  0.00234  0.50   88741     208   88637  3130962  35.28
  1951          38      0.00281  0.00280  0.50   88534     248   88410  3042324  34.36
  1951          39      0.00293  0.00293  0.50   88285     258   88156  2953915  33.46
  1951          40      0.00315  0.00315  0.50   88027     277   87889  2865758  32.56
  1951          41      0.00333  0.00332  0.50   87750     292   87604  2777870  31.66
  1951          42      0.00403  0.00402  0.50   87458     352   87282  2690265  30.76
  1951          43      0.00365  0.00365  0.50   87106     318   86948  2602983  29.88
  1951          44      0.00440  0.00439  0.50   86789     381   86598  2516035  28.99
  1951          45      0.00464  0.00463  0.50   86408     400   86208  2429437  28.12
  1951          46      0.00536  0.00535  0.50   86008     460   85779  2343229  27.24
  1951          47      0.00615  0.00613  0.50   85549     524   85286  2257450  26.39
  1951          48      0.00683  0.00680  0.50   85024     579   84735  2172164  25.55
  1951          49      0.00681  0.00679  0.50   84446     573   84159  2087429  24.72
  1951          50      0.00793  0.00790  0.50   83873     663   83541  2003269  23.88
  1951          51      0.00865  0.00862  0.50   83210     717   82851  1919728  23.07
  1951          52      0.00990  0.00986  0.50   82493     813   82086  1836877  22.27
  1951          53      0.01016  0.01011  0.50   81680     826   81267  1754791  21.48
  1951          54      0.01114  0.01107  0.50   80854     895   80406  1673524  20.70
  1951          55      0.01180  0.01173  0.50   79958     938   79489  1593118  19.92
  1951          56      0.01321  0.01313  0.50   79020    1037   78502  1513628  19.15
  1951          57      0.01352  0.01343  0.50   77983    1047   77460  1435126  18.40
  1951          58      0.01431  0.01421  0.50   76936    1093   76389  1357667  17.65
  1951          59      0.01768  0.01752  0.50   75842    1329   75178  1281278  16.89
  1951          60      0.01753  0.01738  0.50   74514    1295   73866  1206100  16.19
  1951          61      0.02024  0.02004  0.50   73218    1467   72485  1132234  15.46
  1951          62      0.02120  0.02098  0.50   71751    1505   70999  1059749  14.77
  1951          63      0.02357  0.02330  0.50   70246    1637   69428   988750  14.08
  1951          64      0.02607  0.02573  0.50   68609    1765   67727   919323  13.40
  1951          65      0.02800  0.02761  0.50   66844    1846   65921   851596  12.74
  1951          66      0.03116  0.03068  0.50   64998    1994   64001   785675  12.09
  1951          67      0.03646  0.03581  0.50   63004    2256   61876   721674  11.45
  1951          68      0.03844  0.03771  0.50   60748    2291   59602   659798  10.86
  1951          69      0.04300  0.04210  0.50   58457    2461   57227   600195  10.27
  1951          70      0.04831  0.04718  0.50   55996    2642   54675   542969   9.70
  1951          71      0.05165  0.05035  0.50   53354    2686   52011   488294   9.15
  1951          72      0.05953  0.05781  0.50   50668    2929   49203   436282   8.61
  1951          73      0.06541  0.06334  0.50   47739    3024   46227   387079   8.11
  1951          74      0.07363  0.07102  0.50   44715    3176   43127   340852   7.62
  1951          75      0.08053  0.07742  0.50   41540    3216   39932   297724   7.17
  1951          76      0.08880  0.08502  0.50   38324    3258   36695   257793   6.73
  1951          77      0.09611  0.09170  0.50   35065    3215   33458   221098   6.31
  1951          78      0.10632  0.10095  0.50   31850    3215   30242   187640   5.89
  1951          79      0.12271  0.11561  0.50   28635    3311   26979   157398   5.50
  1951          80      0.12944  0.12157  0.50   25324    3079   23785   130419   5.15
  1951          81      0.14749  0.13736  0.50   22245    3056   20718   106634   4.79
  1951          82      0.16880  0.15566  0.50   19190    2987   17696    85916   4.48
  1951          83      0.17137  0.15784  0.50   16203    2557   14924    68220   4.21
  1951          84      0.20251  0.18389  0.50   13645    2509   12391    53296   3.91
  1951          85      0.20865  0.18894  0.50   11136    2104   10084    40905   3.67
  1951          86      0.23243  0.20823  0.50    9032    1881    8092    30821   3.41
  1951          87      0.26768  0.23608  0.50    7151    1688    6307    22730   3.18
  1951          88      0.27373  0.24078  0.50    5463    1315    4805    16423   3.01
  1951          89      0.27559  0.24221  0.50    4148    1005    3645    11617   2.80
  1951          90      0.34591  0.29491  0.50    3143     927    2680     7972   2.54
  1951          91      0.39368  0.32893  0.50    2216     729    1852     5292   2.39
  1951          92      0.38591  0.32349  0.50    1487     481    1247     3441   2.31
  1951          93      0.41462  0.34343  0.50    1006     346     833     2194   2.18
  1951          94      0.44400  0.36334  0.50     661     240     541     1361   2.06
  1951          95      0.47385  0.38308  0.50     421     161     340      820   1.95
  1951          96      0.50396  0.40253  0.50     259     104     207      480   1.85
  1951          97      0.53413  0.42155  0.50     155      65     122      273   1.76
  1951          98      0.56412  0.44001  0.50      90      39      70      151   1.68
  1951          99      0.59373  0.45782  0.50      50      23      39       81   1.61
  1951         100      0.62275  0.47489  0.50      27      13      21       42   1.54
  1951         101      0.65100  0.49113  0.50      14       7      11       21   1.48
  1951         102      0.67828  0.50651  0.50       7       4       5       10   1.43
  1951         103      0.70448  0.52097  0.50       4       2       3        5   1.38
  1951         104      0.72945  0.53450  0.50       2       1       1        2   1.34
  1951         105      0.75311  0.54710  0.50       1       0       1        1   1.30
  1951         106      0.77539  0.55876  0.50       0       0       0        0   1.27
  1951         107      0.79626  0.56952  0.50       0       0       0        0   1.24
  1951         108      0.81569  0.57939  0.50       0       0       0        0   1.21
  1951         109      0.83369  0.58841  0.50       0       0       0        0   1.19
  1951         110+     0.85029  1.00000  1.18       0       0       0        0   1.18
  1952           0      0.05449  0.05229  0.23  100000    5229   95969  6674492  66.74
  1952           1      0.00362  0.00362  0.50   94771     343   94600  6578523  69.41
  1952           2      0.00207  0.00207  0.50   94428     196   94330  6483923  68.67
  1952           3      0.00127  0.00127  0.50   94233     120   94173  6389593  67.81
  1952           4      0.00113  0.00113  0.50   94113     106   94060  6295420  66.89
  1952           5      0.00082  0.00082  0.50   94007      77   93968  6201360  65.97
  1952           6      0.00077  0.00077  0.50   93929      73   93893  6107393  65.02
  1952           7      0.00084  0.00084  0.50   93856      79   93817  6013500  64.07
  1952           8      0.00058  0.00058  0.50   93777      54   93750  5919683  63.12
  1952           9      0.00035  0.00035  0.50   93723      33   93707  5825933  62.16
  1952          10      0.00051  0.00051  0.50   93690      48   93666  5732226  61.18
  1952          11      0.00051  0.00051  0.50   93642      47   93618  5638560  60.21
  1952          12      0.00051  0.00051  0.50   93595      47   93571  5544942  59.24
  1952          13      0.00068  0.00068  0.50   93547      64   93515  5451371  58.27
  1952          14      0.00061  0.00061  0.50   93483      57   93455  5357856  57.31
  1952          15      0.00052  0.00052  0.50   93426      49   93401  5264402  56.35
  1952          16      0.00093  0.00093  0.50   93377      87   93334  5171000  55.38
  1952          17      0.00117  0.00117  0.50   93290     109   93236  5077667  54.43
  1952          18      0.00121  0.00121  0.50   93181     113   93125  4984431  53.49
  1952          19      0.00133  0.00133  0.50   93068     124   93006  4891306  52.56
  1952          20      0.00159  0.00158  0.50   92945     147   92871  4798300  51.63
  1952          21      0.00157  0.00157  0.50   92797     146   92725  4705429  50.71
  1952          22      0.00147  0.00147  0.50   92652     136   92584  4612704  49.79
  1952          23      0.00157  0.00157  0.50   92516     146   92443  4520121  48.86
  1952          24      0.00148  0.00147  0.50   92370     136   92302  4427678  47.93
  1952          25      0.00172  0.00172  0.50   92234     159   92155  4335375  47.00
  1952          26      0.00152  0.00152  0.50   92075     140   92005  4243221  46.08
  1952          27      0.00157  0.00157  0.50   91935     144   91863  4151215  45.15
  1952          28      0.00147  0.00147  0.50   91791     135   91723  4059352  44.22
  1952          29      0.00143  0.00143  0.50   91656     131   91591  3967629  43.29
  1952          30      0.00172  0.00172  0.50   91525     157   91447  3876038  42.35
  1952          31      0.00191  0.00190  0.50   91368     174   91281  3784591  41.42
  1952          32      0.00174  0.00174  0.50   91194     159   91115  3693310  40.50
  1952          33      0.00184  0.00184  0.50   91035     168   90951  3602196  39.57
  1952          34      0.00187  0.00187  0.50   90868     170   90782  3511244  38.64
  1952          35      0.00220  0.00219  0.50   90697     199   90598  3420462  37.71
  1952          36      0.00256  0.00256  0.50   90498     232   90383  3329864  36.79
  1952          37      0.00240  0.00240  0.50   90267     217   90158  3239482  35.89
  1952          38      0.00228  0.00228  0.50   90050     205   89947  3149323  34.97
  1952          39      0.00250  0.00249  0.50   89845     224   89733  3059376  34.05
  1952          40      0.00313  0.00312  0.50   89621     280   89481  2969643  33.14
  1952          41      0.00310  0.00310  0.50   89341     277   89202  2880163  32.24
  1952          42      0.00351  0.00350  0.50   89064     312   88908  2790960  31.34
  1952          43      0.00397  0.00396  0.50   88752     352   88576  2702052  30.44
  1952          44      0.00385  0.00384  0.50   88400     340   88231  2613476  29.56
  1952          45      0.00464  0.00463  0.50   88061     408   87857  2525245  28.68
  1952          46      0.00500  0.00499  0.50   87653     437   87435  2437388  27.81
  1952          47      0.00565  0.00564  0.50   87216     492   86970  2349954  26.94
  1952          48      0.00638  0.00636  0.50   86724     552   86449  2262984  26.09
  1952          49      0.00673  0.00671  0.50   86173     578   85884  2176535  25.26
  1952          50      0.00743  0.00740  0.50   85595     633   85278  2090651  24.42
  1952          51      0.00781  0.00778  0.50   84961     661   84631  2005373  23.60
  1952          52      0.00944  0.00940  0.50   84300     792   83904  1920742  22.78
  1952          53      0.00955  0.00951  0.50   83508     794   83111  1836838  22.00
  1952          54      0.01051  0.01046  0.50   82714     865   82281  1753727  21.20
  1952          55      0.01070  0.01064  0.50   81849     871   81413  1671446  20.42
  1952          56      0.01201  0.01194  0.50   80978     967   80495  1590033  19.64
  1952          57      0.01290  0.01281  0.50   80011    1025   79499  1509538  18.87
  1952          58      0.01431  0.01420  0.50   78986    1122   78425  1430039  18.10
  1952          59      0.01545  0.01533  0.50   77864    1194   77267  1351614  17.36
  1952          60      0.01637  0.01624  0.50   76670    1245   76048  1274347  16.62
  1952          61      0.01912  0.01894  0.50   75425    1429   74711  1198300  15.89
  1952          62      0.02090  0.02069  0.50   73996    1531   73231  1123589  15.18
  1952          63      0.02270  0.02245  0.50   72465    1627   71652  1050358  14.49
  1952          64      0.02364  0.02336  0.50   70839    1655   70011   978706  13.82
  1952          65      0.02618  0.02585  0.50   69184    1788   68290   908695  13.13
  1952          66      0.03004  0.02960  0.50   67396    1995   66399   840405  12.47
  1952          67      0.03321  0.03267  0.50   65401    2137   64333   774006  11.83
  1952          68      0.03580  0.03517  0.50   63264    2225   62152   709674  11.22
  1952          69      0.04227  0.04139  0.50   61039    2527   59776   647522  10.61
  1952          70      0.04390  0.04295  0.50   58513    2513   57256   587746  10.04
  1952          71      0.04951  0.04832  0.50   55999    2706   54647   530490   9.47
  1952          72      0.05382  0.05241  0.50   53294    2793   51897   475843   8.93
  1952          73      0.06256  0.06066  0.50   50501    3063   48969   423946   8.39
  1952          74      0.06522  0.06316  0.50   47437    2996   45939   374977   7.90
  1952          75      0.07663  0.07381  0.50   44441    3280   42801   329038   7.40
  1952          76      0.08181  0.07859  0.50   41161    3235   39543   286237   6.95
  1952          77      0.09387  0.08966  0.50   37926    3401   36226   246694   6.50
  1952          78      0.10592  0.10059  0.50   34525    3473   32789   210468   6.10
  1952          79      0.11394  0.10780  0.50   31052    3348   29379   177679   5.72
  1952          80      0.13012  0.12217  0.50   27705    3385   26012   148301   5.35
  1952          81      0.13437  0.12591  0.50   24320    3062   22789   122288   5.03
  1952          82      0.15680  0.14540  0.50   21258    3091   19713    99499   4.68
  1952          83      0.16658  0.15377  0.50   18167    2794   16770    79787   4.39
  1952          84      0.18227  0.16705  0.50   15374    2568   14090    63016   4.10
  1952          85      0.20091  0.18257  0.50   12805    2338   11637    48927   3.82
  1952          86      0.23301  0.20870  0.50   10468    2185    9375    37290   3.56
  1952          87      0.23614  0.21121  0.50    8283    1749    7408    27915   3.37
  1952          88      0.26828  0.23655  0.50    6534    1546    5761    20507   3.14
  1952          89      0.28290  0.24784  0.50    4988    1236    4370    14746   2.96
  1952          90      0.31744  0.27396  0.50    3752    1028    3238    10376   2.77
  1952          91      0.33176  0.28456  0.50    2724     775    2336     7138   2.62
  1952          92      0.36024  0.30526  0.50    1949     595    1651     4801   2.46
  1952          93      0.38636  0.32381  0.50    1354     438    1135     3150   2.33
  1952          94      0.41309  0.34237  0.50     916     313     759     2015   2.20
  1952          95      0.44026  0.36083  0.50     602     217     493     1256   2.09
  1952          96      0.46774  0.37908  0.50     385     146     312      763   1.98
  1952          97      0.49535  0.39702  0.50     239      95     192      451   1.89
  1952          98      0.52293  0.41454  0.50     144      60     114      260   1.80
  1952          99      0.55031  0.43156  0.50      84      36      66      145   1.72
  1952         100      0.57734  0.44801  0.50      48      21      37       79   1.65
  1952         101      0.60387  0.46383  0.50      26      12      20       42   1.59
  1952         102      0.62976  0.47895  0.50      14       7      11       22   1.53
  1952         103      0.65490  0.49335  0.50       7       4       6       11   1.48
  1952         104      0.67918  0.50700  0.50       4       2       3        5   1.43
  1952         105      0.70250  0.51989  0.50       2       1       1        3   1.39
  1952         106      0.72480  0.53200  0.50       1       0       1        1   1.35
  1952         107      0.74603  0.54335  0.50       0       0       0        1   1.32
  1952         108      0.76614  0.55394  0.50       0       0       0        0   1.29
  1952         109      0.78512  0.56380  0.50       0       0       0        0   1.26
  1952         110+     0.80296  1.00000  1.25       0       0       0        0   1.25
  1953           0      0.05180  0.04979  0.22  100000    4979   96115  6725062  67.25
  1953           1      0.00345  0.00344  0.50   95021     327   94857  6628947  69.76
  1953           2      0.00186  0.00186  0.50   94694     176   94606  6534090  69.00
  1953           3      0.00115  0.00115  0.50   94518     108   94464  6439484  68.13
  1953           4      0.00084  0.00084  0.50   94410      79   94370  6345020  67.21
  1953           5      0.00080  0.00080  0.50   94331      76   94293  6250650  66.26
  1953           6      0.00080  0.00080  0.50   94255      75   94218  6156357  65.32
  1953           7      0.00069  0.00069  0.50   94180      65   94147  6062139  64.37
  1953           8      0.00057  0.00057  0.50   94115      54   94088  5967992  63.41
  1953           9      0.00040  0.00040  0.50   94061      38   94042  5873904  62.45
  1953          10      0.00060  0.00060  0.50   94023      56   93995  5779861  61.47
  1953          11      0.00042  0.00042  0.50   93967      40   93947  5685866  60.51
  1953          12      0.00063  0.00063  0.50   93927      59   93898  5591919  59.53
  1953          13      0.00052  0.00052  0.50   93868      48   93844  5498021  58.57
  1953          14      0.00050  0.00050  0.50   93820      47   93796  5404177  57.60
  1953          15      0.00071  0.00071  0.50   93773      67   93740  5310381  56.63
  1953          16      0.00080  0.00080  0.50   93707      75   93669  5216641  55.67
  1953          17      0.00096  0.00096  0.50   93632      90   93587  5122971  54.71
  1953          18      0.00123  0.00123  0.50   93542     115   93485  5029384  53.77
  1953          19      0.00125  0.00125  0.50   93427     116   93369  4935900  52.83
  1953          20      0.00117  0.00117  0.50   93311     109   93256  4842531  51.90
  1953          21      0.00132  0.00132  0.50   93202     123   93140  4749274  50.96
  1953          22      0.00129  0.00129  0.50   93078     120   93019  4656134  50.02
  1953          23      0.00150  0.00150  0.50   92959     139   92889  4563116  49.09
  1953          24      0.00158  0.00158  0.50   92820     147   92746  4470227  48.16
  1953          25      0.00133  0.00133  0.50   92673     123   92611  4377480  47.24
  1953          26      0.00128  0.00128  0.50   92550     119   92491  4284869  46.30
  1953          27      0.00148  0.00148  0.50   92431     137   92363  4192379  45.36
  1953          28      0.00137  0.00137  0.50   92294     126   92231  4100016  44.42
  1953          29      0.00166  0.00166  0.50   92168     153   92091  4007785  43.48
  1953          30      0.00175  0.00175  0.50   92015     161   91934  3915693  42.56
  1953          31      0.00166  0.00166  0.50   91854     153   91777  3823759  41.63
  1953          32      0.00135  0.00135  0.50   91701     124   91639  3731982  40.70
  1953          33      0.00171  0.00171  0.50   91577     156   91499  3640342  39.75
  1953          34      0.00190  0.00190  0.50   91421     173   91334  3548843  38.82
  1953          35      0.00203  0.00203  0.50   91248     185   91155  3457509  37.89
  1953          36      0.00238  0.00238  0.50   91062     217   90954  3366354  36.97
  1953          37      0.00240  0.00240  0.50   90845     218   90737  3275400  36.05
  1953          38      0.00247  0.00247  0.50   90628     224   90516  3184664  35.14
  1953          39      0.00254  0.00253  0.50   90404     229   90289  3094148  34.23
  1953          40      0.00280  0.00280  0.50   90175     252   90049  3003858  33.31
  1953          41      0.00296  0.00295  0.50   89923     266   89790  2913810  32.40
  1953          42      0.00332  0.00331  0.50   89657     297   89508  2824020  31.50
  1953          43      0.00352  0.00351  0.50   89360     314   89203  2734511  30.60
  1953          44      0.00393  0.00393  0.50   89046     350   88871  2645308  29.71
  1953          45      0.00401  0.00400  0.50   88697     355   88519  2556437  28.82
  1953          46      0.00463  0.00462  0.50   88341     408   88137  2467918  27.94
  1953          47      0.00522  0.00521  0.50   87933     458   87704  2379781  27.06
  1953          48      0.00556  0.00554  0.50   87476     485   87233  2292076  26.20
  1953          49      0.00638  0.00636  0.50   86991     553   86714  2204843  25.35
  1953          50      0.00713  0.00710  0.50   86437     614   86130  2118129  24.50
  1953          51      0.00740  0.00737  0.50   85823     632   85507  2031999  23.68
  1953          52      0.00893  0.00889  0.50   85191     757   84812  1946493  22.85
  1953          53      0.00949  0.00944  0.50   84433     797   84035  1861681  22.05
  1953          54      0.01030  0.01025  0.50   83636     857   83207  1777646  21.25
  1953          55      0.01085  0.01079  0.50   82779     893   82332  1694438  20.47
  1953          56      0.01170  0.01163  0.50   81886     953   81409  1612106  19.69
  1953          57      0.01296  0.01287  0.50   80933    1042   80412  1530697  18.91
  1953          58      0.01400  0.01391  0.50   79891    1111   79336  1450285  18.15
  1953          59      0.01505  0.01494  0.50   78780    1177   78192  1370949  17.40
  1953          60      0.01714  0.01700  0.50   77603    1319   76944  1292757  16.66
  1953          61      0.01816  0.01800  0.50   76284    1373   75598  1215813  15.94
  1953          62      0.01995  0.01975  0.50   74911    1480   74172  1140215  15.22
  1953          63      0.02245  0.02220  0.50   73432    1630   72616  1066044  14.52
  1953          64      0.02419  0.02390  0.50   71801    1716   70943   993427  13.84
  1953          65      0.02759  0.02722  0.50   70085    1908   69131   922484  13.16
  1953          66      0.02964  0.02921  0.50   68177    1991   67181   853353  12.52
  1953          67      0.03283  0.03230  0.50   66186    2138   65117   786172  11.88
  1953          68      0.03731  0.03662  0.50   64048    2346   62875   721055  11.26
  1953          69      0.04149  0.04065  0.50   61702    2508   60448   658180  10.67
  1953          70      0.04455  0.04358  0.50   59194    2580   57904   597732  10.10
  1953          71      0.04871  0.04755  0.50   56614    2692   55268   539828   9.54
  1953          72      0.05444  0.05300  0.50   53922    2858   52493   484560   8.99
  1953          73      0.05992  0.05818  0.50   51064    2971   49579   432066   8.46
  1953          74      0.06571  0.06362  0.50   48093    3060   46564   382487   7.95
  1953          75      0.07443  0.07176  0.50   45034    3231   43418   335924   7.46
  1953          76      0.08225  0.07900  0.50   41802    3303   40151   292506   7.00
  1953          77      0.09164  0.08762  0.50   38500    3373   36813   252355   6.55
  1953          78      0.10193  0.09699  0.50   35126    3407   33423   215542   6.14
  1953          79      0.11604  0.10968  0.50   31720    3479   29980   182119   5.74
  1953          80      0.12236  0.11530  0.50   28241    3256   26612   152139   5.39
  1953          81      0.13806  0.12915  0.50   24984    3227   23371   125527   5.02
  1953          82      0.15027  0.13977  0.50   21758    3041   20237   102156   4.70
  1953          83      0.17409  0.16015  0.50   18717    2997   17218    81918   4.38
  1953          84      0.18029  0.16538  0.50   15719    2600   14419    64701   4.12
  1953          85      0.20070  0.18239  0.50   13119    2393   11923    50281   3.83
  1953          86      0.23413  0.20959  0.50   10727    2248    9602    38358   3.58
  1953          87      0.23430  0.20973  0.50    8478    1778    7589    28756   3.39
  1953          88      0.25722  0.22790  0.50    6700    1527    5937    21166   3.16
  1953          89      0.29560  0.25753  0.50    5173    1332    4507    15230   2.94
  1953          90      0.30276  0.26295  0.50    3841    1010    3336    10723   2.79
  1953          91      0.33108  0.28406  0.50    2831     804    2429     7387   2.61
  1953          92      0.36193  0.30647  0.50    2027     621    1716     4958   2.45
  1953          93      0.38897  0.32563  0.50    1406     458    1177     3242   2.31
  1953          94      0.41671  0.34486  0.50     948     327     784     2065   2.18
  1953          95      0.44503  0.36403  0.50     621     226     508     1280   2.06
  1953          96      0.47372  0.38301  0.50     395     151     319      772   1.96
  1953          97      0.50263  0.40168  0.50     244      98     195      453   1.86
  1953          98      0.53155  0.41994  0.50     146      61     115      258   1.77
  1953          99      0.56030  0.43769  0.50      85      37      66      143   1.69
  1953         100      0.58870  0.45482  0.50      48      22      37       77   1.62
  1953         101      0.61655  0.47127  0.50      26      12      20       40   1.56
  1953         102      0.64370  0.48697  0.50      14       7      10       21   1.50
  1953         103      0.67000  0.50187  0.50       7       4       5       10   1.45
  1953         104      0.69532  0.51595  0.50       4       2       3        5   1.40
  1953         105      0.71954  0.52917  0.50       2       1       1        2   1.36
  1953         106      0.74259  0.54153  0.50       1       0       1        1   1.32
  1953         107      0.76440  0.55303  0.50       0       0       0        0   1.28
  1953         108      0.78493  0.56370  0.50       0       0       0        0   1.26
  1953         109      0.80415  0.57354  0.50       0       0       0        0   1.23
  1953         110+     0.82207  1.00000  1.22       0       0       0        0   1.22
  1954           0      0.05040  0.04848  0.21  100000    4848   96193  6728304  67.28
  1954           1      0.00354  0.00354  0.50   95152     337   94983  6632111  69.70
  1954           2      0.00196  0.00196  0.50   94815     186   94722  6537128  68.95
  1954           3      0.00122  0.00122  0.50   94629     116   94571  6442405  68.08
  1954           4      0.00103  0.00103  0.50   94514      97   94465  6347834  67.16
  1954           5      0.00084  0.00084  0.50   94416      79   94377  6253369  66.23
  1954           6      0.00083  0.00083  0.50   94337      78   94298  6158992  65.29
  1954           7      0.00064  0.00064  0.50   94259      61   94228  6064694  64.34
  1954           8      0.00065  0.00065  0.50   94198      61   94167  5970466  63.38
  1954           9      0.00063  0.00063  0.50   94137      60   94107  5876298  62.42
  1954          10      0.00050  0.00050  0.50   94077      47   94054  5782191  61.46
  1954          11      0.00048  0.00048  0.50   94030      45   94008  5688138  60.49
  1954          12      0.00042  0.00042  0.50   93985      40   93966  5594130  59.52
  1954          13      0.00052  0.00052  0.50   93946      49   93921  5500164  58.55
  1954          14      0.00057  0.00057  0.50   93897      53   93870  5406243  57.58
  1954          15      0.00078  0.00078  0.50   93843      73   93807  5312373  56.61
  1954          16      0.00070  0.00070  0.50   93770      66   93738  5218566  55.65
  1954          17      0.00086  0.00086  0.50   93705      81   93664  5124828  54.69
  1954          18      0.00113  0.00113  0.50   93624     106   93571  5031164  53.74
  1954          19      0.00131  0.00131  0.50   93519     123   93457  4937593  52.80
  1954          20      0.00135  0.00135  0.50   93396     126   93333  4844135  51.87
  1954          21      0.00154  0.00154  0.50   93270     144   93198  4750802  50.94
  1954          22      0.00150  0.00150  0.50   93126     139   93057  4657604  50.01
  1954          23      0.00171  0.00171  0.50   92987     159   92908  4564548  49.09
  1954          24      0.00160  0.00160  0.50   92828     148   92754  4471640  48.17
  1954          25      0.00154  0.00154  0.50   92680     143   92609  4378886  47.25
  1954          26      0.00145  0.00145  0.50   92537     134   92470  4286277  46.32
  1954          27      0.00167  0.00167  0.50   92403     154   92326  4193807  45.39
  1954          28      0.00142  0.00142  0.50   92250     131   92184  4101481  44.46
  1954          29      0.00143  0.00143  0.50   92119     131   92053  4009296  43.52
  1954          30      0.00169  0.00169  0.50   91987     155   91910  3917243  42.58
  1954          31      0.00154  0.00154  0.50   91832     141   91762  3825334  41.66
  1954          32      0.00164  0.00164  0.50   91691     150   91616  3733572  40.72
  1954          33      0.00186  0.00186  0.50   91541     171   91455  3641956  39.79
  1954          34      0.00204  0.00203  0.50   91370     186   91277  3550501  38.86
  1954          35      0.00191  0.00190  0.50   91184     174   91098  3459224  37.94
  1954          36      0.00225  0.00225  0.50   91011     205   90908  3368126  37.01
  1954          37      0.00243  0.00243  0.50   90806     220   90696  3277218  36.09
  1954          38      0.00263  0.00263  0.50   90586     238   90466  3186522  35.18
  1954          39      0.00281  0.00281  0.50   90347     254   90220  3096056  34.27
  1954          40      0.00268  0.00268  0.50   90093     241   89973  3005835  33.36
  1954          41      0.00284  0.00284  0.50   89852     255   89725  2915863  32.45
  1954          42      0.00319  0.00319  0.50   89597     286   89454  2826138  31.54
  1954          43      0.00372  0.00371  0.50   89311     332   89145  2736684  30.64
  1954          44      0.00378  0.00377  0.50   88979     336   88812  2647538  29.75
  1954          45      0.00420  0.00419  0.50   88644     371   88458  2558727  28.87
  1954          46      0.00443  0.00442  0.50   88272     390   88077  2470269  27.98
  1954          47      0.00520  0.00519  0.50   87882     456   87654  2382192  27.11
  1954          48      0.00583  0.00581  0.50   87426     508   87172  2294538  26.25
  1954          49      0.00600  0.00599  0.50   86918     520   86658  2207366  25.40
  1954          50      0.00708  0.00706  0.50   86397     610   86093  2120709  24.55
  1954          51      0.00798  0.00795  0.50   85788     682   85447  2034616  23.72
  1954          52      0.00860  0.00857  0.50   85106     729   84741  1949169  22.90
  1954          53      0.00905  0.00900  0.50   84377     760   83997  1864428  22.10
  1954          54      0.00985  0.00981  0.50   83617     820   83207  1780431  21.29
  1954          55      0.01143  0.01136  0.50   82797     941   82326  1697224  20.50
  1954          56      0.01207  0.01200  0.50   81856     982   81365  1614898  19.73
  1954          57      0.01345  0.01336  0.50   80874    1080   80334  1533533  18.96
  1954          58      0.01420  0.01410  0.50   79793    1125   79231  1453200  18.21
  1954          59      0.01510  0.01499  0.50   78668    1179   78079  1373969  17.47
  1954          60      0.01681  0.01667  0.50   77489    1292   76843  1295890  16.72
  1954          61      0.01838  0.01821  0.50   76197    1388   75503  1219047  16.00
  1954          62      0.02091  0.02069  0.50   74809    1548   74035  1143544  15.29
  1954          63      0.02210  0.02186  0.50   73261    1602   72461  1069509  14.60
  1954          64      0.02407  0.02378  0.50   71660    1704   70808   997048  13.91
  1954          65      0.02717  0.02680  0.50   69956    1875   69018   926240  13.24
  1954          66      0.03043  0.02998  0.50   68081    2041   67060   857222  12.59
  1954          67      0.03122  0.03074  0.50   66040    2030   65025   790162  11.96
  1954          68      0.03516  0.03455  0.50   64010    2212   62904   725137  11.33
  1954          69      0.03971  0.03894  0.50   61799    2406   60595   662232  10.72
  1954          70      0.04572  0.04470  0.50   59392    2655   58065   601637  10.13
  1954          71      0.04806  0.04693  0.50   56737    2663   55406   543572   9.58
  1954          72      0.05248  0.05113  0.50   54075    2765   52692   488167   9.03
  1954          73      0.05906  0.05736  0.50   51310    2943   49838   435474   8.49
  1954          74      0.06536  0.06329  0.50   48366    3061   46836   385637   7.97
  1954          75      0.07123  0.06878  0.50   45305    3116   43747   338801   7.48
  1954          76      0.08202  0.07879  0.50   42189    3324   40527   295054   6.99
  1954          77      0.09120  0.08722  0.50   38865    3390   37170   254527   6.55
  1954          78      0.09968  0.09495  0.50   35475    3368   33791   217357   6.13
  1954          79      0.11139  0.10551  0.50   32107    3388   30413   183566   5.72
  1954          80      0.12543  0.11803  0.50   28719    3390   27024   153153   5.33
  1954          81      0.13726  0.12845  0.50   25330    3254   23703   126128   4.98
  1954          82      0.15731  0.14584  0.50   22076    3220   20466   102425   4.64
  1954          83      0.17087  0.15742  0.50   18856    2968   17372    81959   4.35
  1954          84      0.18977  0.17332  0.50   15888    2754   14511    64587   4.07
  1954          85      0.20244  0.18384  0.50   13134    2415   11927    50076   3.81
  1954          86      0.22290  0.20055  0.50   10720    2150    9645    38149   3.56
  1954          87      0.24347  0.21705  0.50    8570    1860    7640    28504   3.33
  1954          88      0.26729  0.23578  0.50    6710    1582    5919    20864   3.11
  1954          89      0.28785  0.25163  0.50    5128    1290    4483    14945   2.91
  1954          90      0.31389  0.27131  0.50    3837    1041    3317    10463   2.73
  1954          91      0.33392  0.28615  0.50    2796     800    2396     7146   2.56
  1954          92      0.39358  0.32886  0.50    1996     656    1668     4750   2.38
  1954          93      0.39086  0.32696  0.50    1340     438    1121     3082   2.30
  1954          94      0.41820  0.34588  0.50     902     312     746     1961   2.18
  1954          95      0.44603  0.36470  0.50     590     215     482     1215   2.06
  1954          96      0.47419  0.38331  0.50     375     144     303      733   1.96
  1954          97      0.50249  0.40159  0.50     231      93     185      430   1.86
  1954          98      0.53076  0.41945  0.50     138      58     109      246   1.78
  1954          99      0.55884  0.43679  0.50      80      35      63      136   1.70
  1954         100      0.58654  0.45353  0.50      45      21      35       74   1.63
  1954         101      0.61370  0.46960  0.50      25      12      19       39   1.56
  1954         102      0.64019  0.48496  0.50      13       6      10       20   1.51
  1954         103      0.66586  0.49955  0.50       7       3       5       10   1.45
  1954         104      0.69060  0.51334  0.50       3       2       3        5   1.41
  1954         105      0.71432  0.52633  0.50       2       1       1        2   1.37
  1954         106      0.73693  0.53851  0.50       1       0       1        1   1.33
  1954         107      0.75837  0.54987  0.50       0       0       0        0   1.29
  1954         108      0.77862  0.56044  0.50       0       0       0        0   1.27
  1954         109      0.79764  0.57022  0.50       0       0       0        0   1.24
  1954         110+     0.81544  1.00000  1.23       0       0       0        0   1.23
  1955           0      0.04829  0.04651  0.21  100000    4651   96314  6754963  67.55
  1955           1      0.00295  0.00295  0.50   95349     281   95209  6658649  69.83
  1955           2      0.00167  0.00167  0.50   95069     159   94989  6563440  69.04
  1955           3      0.00120  0.00119  0.50   94910     113   94853  6468451  68.15
  1955           4      0.00142  0.00142  0.50   94796     135   94729  6373598  67.23
  1955           5      0.00099  0.00099  0.50   94662      94   94615  6278869  66.33
  1955           6      0.00070  0.00070  0.50   94568      66   94535  6184254  65.40
  1955           7      0.00065  0.00065  0.50   94501      62   94471  6089720  64.44
  1955           8      0.00061  0.00061  0.50   94440      57   94411  5995249  63.48
  1955           9      0.00059  0.00059  0.50   94383      56   94355  5900838  62.52
  1955          10      0.00045  0.00045  0.50   94327      42   94306  5806483  61.56
  1955          11      0.00060  0.00060  0.50   94285      56   94256  5712177  60.58
  1955          12      0.00055  0.00055  0.50   94228      52   94202  5617921  59.62
  1955          13      0.00058  0.00058  0.50   94176      54   94149  5523719  58.65
  1955          14      0.00056  0.00056  0.50   94122      53   94096  5429569  57.69
  1955          15      0.00064  0.00064  0.50   94069      60   94039  5335474  56.72
  1955          16      0.00077  0.00077  0.50   94009      72   93973  5241435  55.75
  1955          17      0.00106  0.00106  0.50   93936     100   93886  5147463  54.80
  1955          18      0.00126  0.00126  0.50   93837     118   93777  5053576  53.86
  1955          19      0.00143  0.00143  0.50   93718     134   93651  4959799  52.92
  1955          20      0.00150  0.00149  0.50   93584     140   93514  4866148  52.00
  1955          21      0.00169  0.00169  0.50   93444     157   93365  4772634  51.07
  1955          22      0.00165  0.00165  0.50   93287     154   93210  4679268  50.16
  1955          23      0.00170  0.00170  0.50   93133     158   93054  4586059  49.24
  1955          24      0.00166  0.00166  0.50   92975     154   92898  4493005  48.32
  1955          25      0.00156  0.00156  0.50   92821     144   92749  4400107  47.40
  1955          26      0.00153  0.00153  0.50   92677     141   92606  4307358  46.48
  1955          27      0.00152  0.00152  0.50   92535     141   92465  4214752  45.55
  1955          28      0.00192  0.00192  0.50   92395     177   92306  4122286  44.62
  1955          29      0.00167  0.00167  0.50   92218     154   92141  4029980  43.70
  1955          30      0.00159  0.00159  0.50   92063     147   91990  3937840  42.77
  1955          31      0.00169  0.00169  0.50   91917     155   91839  3845850  41.84
  1955          32      0.00162  0.00161  0.50   91762     148   91688  3754011  40.91
  1955          33      0.00186  0.00186  0.50   91614     170   91528  3662323  39.98
  1955          34      0.00182  0.00182  0.50   91443     167   91360  3570795  39.05
  1955          35      0.00168  0.00168  0.50   91276     154   91200  3479435  38.12
  1955          36      0.00228  0.00228  0.50   91123     208   91019  3388235  37.18
  1955          37      0.00178  0.00178  0.50   90915     162   90834  3297216  36.27
  1955          38      0.00260  0.00260  0.50   90753     236   90635  3206382  35.33
  1955          39      0.00291  0.00290  0.50   90517     263   90386  3115748  34.42
  1955          40      0.00260  0.00260  0.50   90255     234   90137  3025362  33.52
  1955          41      0.00293  0.00292  0.50   90020     263   89889  2935224  32.61
  1955          42      0.00318  0.00318  0.50   89757     285   89614  2845336  31.70
  1955          43      0.00324  0.00324  0.50   89472     290   89327  2755722  30.80
  1955          44      0.00376  0.00375  0.50   89182     335   89015  2666395  29.90
  1955          45      0.00403  0.00402  0.50   88847     357   88669  2577380  29.01
  1955          46      0.00436  0.00435  0.50   88490     385   88297  2488711  28.12
  1955          47      0.00526  0.00525  0.50   88105     463   87874  2400414  27.24
  1955          48      0.00532  0.00531  0.50   87642     465   87410  2312540  26.39
  1955          49      0.00543  0.00542  0.50   87177     472   86941  2225131  25.52
  1955          50      0.00660  0.00658  0.50   86704     570   86419  2138190  24.66
  1955          51      0.00779  0.00776  0.50   86134     668   85800  2051771  23.82
  1955          52      0.00792  0.00789  0.50   85466     674   85129  1965971  23.00
  1955          53      0.00973  0.00968  0.50   84792     821   84381  1880842  22.18
  1955          54      0.00986  0.00981  0.50   83971     824   83559  1796461  21.39
  1955          55      0.01063  0.01058  0.50   83147     879   82707  1712902  20.60
  1955          56      0.01192  0.01185  0.50   82268     975   81780  1630194  19.82
  1955          57      0.01255  0.01248  0.50   81292    1014   80785  1548414  19.05
  1955          58      0.01386  0.01377  0.50   80278    1105   79726  1467629  18.28
  1955          59      0.01547  0.01535  0.50   79173    1215   78565  1387903  17.53
  1955          60      0.01706  0.01691  0.50   77958    1318   77299  1309338  16.80
  1955          61      0.01758  0.01742  0.50   76639    1335   75972  1232039  16.08
  1955          62      0.01999  0.01979  0.50   75304    1491   74559  1156067  15.35
  1955          63      0.02217  0.02192  0.50   73814    1618   73005  1081508  14.65
  1955          64      0.02437  0.02407  0.50   72195    1738   71326  1008504  13.97
  1955          65      0.02665  0.02630  0.50   70457    1853   69531   937177  13.30
  1955          66      0.03044  0.02999  0.50   68604    2057   67576   867647  12.65
  1955          67      0.03209  0.03158  0.50   66547    2101   65497   800071  12.02
  1955          68      0.03529  0.03468  0.50   64446    2235   63328   734574  11.40
  1955          69      0.04034  0.03954  0.50   62211    2460   60981   671246  10.79
  1955          70      0.04099  0.04017  0.50   59751    2400   58551   610265  10.21
  1955          71      0.04909  0.04792  0.50   57351    2748   55977   551713   9.62
  1955          72      0.05346  0.05207  0.50   54603    2843   53181   495736   9.08
  1955          73      0.05845  0.05679  0.50   51760    2940   50290   442555   8.55
  1955          74      0.06684  0.06468  0.50   48820    3158   47241   392265   8.03
  1955          75      0.07390  0.07127  0.50   45663    3254   44036   345024   7.56
  1955          76      0.08164  0.07844  0.50   42408    3327   40745   300988   7.10
  1955          77      0.09028  0.08638  0.50   39082    3376   37394   260243   6.66
  1955          78      0.09891  0.09424  0.50   35706    3365   34023   222849   6.24
  1955          79      0.11010  0.10436  0.50   32341    3375   30653   188826   5.84
  1955          80      0.12015  0.11334  0.50   28966    3283   27324   158173   5.46
  1955          81      0.13350  0.12515  0.50   25683    3214   24076   130848   5.09
  1955          82      0.14950  0.13910  0.50   22469    3125   20906   106772   4.75
  1955          83      0.15734  0.14586  0.50   19343    2821   17933    85866   4.44
  1955          84      0.18248  0.16722  0.50   16522    2763   15140    67934   4.11
  1955          85      0.20330  0.18454  0.50   13759    2539   12489    52793   3.84
  1955          86      0.23029  0.20651  0.50   11220    2317   10061    40304   3.59
  1955          87      0.23021  0.20644  0.50    8903    1838    7984    30243   3.40
  1955          88      0.25702  0.22776  0.50    7065    1609    6260    22259   3.15
  1955          89      0.29242  0.25512  0.50    5456    1392    4760    15998   2.93
  1955          90      0.30757  0.26658  0.50    4064    1083    3522    11239   2.77
  1955          91      0.34122  0.29149  0.50    2981     869    2546     7716   2.59
  1955          92      0.35600  0.30221  0.50    2112     638    1793     5170   2.45
  1955          93      0.39113  0.32715  0.50    1474     482    1233     3377   2.29
  1955          94      0.41954  0.34679  0.50     992     344     820     2145   2.16
  1955          95      0.44847  0.36633  0.50     648     237     529     1325   2.05
  1955          96      0.47773  0.38562  0.50     410     158     331      796   1.94
  1955          97      0.50712  0.40454  0.50     252     102     201      465   1.84
  1955          98      0.53644  0.42299  0.50     150      64     118      264   1.76
  1955          99      0.56550  0.44085  0.50      87      38      68      145   1.68
  1955         100      0.59412  0.45805  0.50      48      22      37       78   1.61
  1955         101      0.62210  0.47450  0.50      26      12      20       41   1.54
  1955         102      0.64929  0.49016  0.50      14       7      10       21   1.49
  1955         103      0.67556  0.50498  0.50       7       4       5       10   1.43
  1955         104      0.70077  0.51894  0.50       3       2       3        5   1.39
  1955         105      0.72483  0.53202  0.50       2       1       1        2   1.35
  1955         106      0.74766  0.54422  0.50       1       0       1        1   1.31
  1955         107      0.76922  0.55555  0.50       0       0       0        0   1.28
  1955         108      0.78947  0.56604  0.50       0       0       0        0   1.25
  1955         109      0.80841  0.57570  0.50       0       0       0        0   1.23
  1955         110+     0.82603  1.00000  1.21       0       0       0        0   1.21
  1956           0      0.04606  0.04442  0.20  100000    4442   96444  6768064  67.68
  1956           1      0.00288  0.00287  0.50   95558     275   95420  6671621  69.82
  1956           2      0.00157  0.00157  0.50   95283     149   95208  6576200  69.02
  1956           3      0.00133  0.00132  0.50   95134     126   95071  6480992  68.13
  1956           4      0.00094  0.00094  0.50   95008      89   94963  6385921  67.21
  1956           5      0.00076  0.00076  0.50   94919      72   94883  6290958  66.28
  1956           6      0.00074  0.00074  0.50   94846      70   94811  6196075  65.33
  1956           7      0.00047  0.00047  0.50   94776      44   94754  6101264  64.38
  1956           8      0.00053  0.00053  0.50   94732      51   94707  6006510  63.41
  1956           9      0.00043  0.00043  0.50   94681      41   94661  5911804  62.44
  1956          10      0.00047  0.00047  0.50   94640      44   94618  5817143  61.47
  1956          11      0.00038  0.00038  0.50   94596      36   94578  5722525  60.49
  1956          12      0.00042  0.00042  0.50   94560      40   94540  5627947  59.52
  1956          13      0.00040  0.00040  0.50   94520      38   94501  5533408  58.54
  1956          14      0.00055  0.00055  0.50   94481      52   94455  5438907  57.57
  1956          15      0.00067  0.00067  0.50   94429      64   94398  5344452  56.60
  1956          16      0.00077  0.00077  0.50   94366      73   94329  5250054  55.64
  1956          17      0.00114  0.00114  0.50   94293     107   94239  5155725  54.68
  1956          18      0.00126  0.00126  0.50   94185     119   94126  5061486  53.74
  1956          19      0.00130  0.00130  0.50   94067     122   94006  4967360  52.81
  1956          20      0.00165  0.00165  0.50   93945     155   93867  4873355  51.87
  1956          21      0.00201  0.00201  0.50   93790     189   93695  4779487  50.96
  1956          22      0.00172  0.00172  0.50   93601     161   93521  4685792  50.06
  1956          23      0.00171  0.00171  0.50   93440     160   93360  4592271  49.15
  1956          24      0.00174  0.00174  0.50   93280     162   93199  4498911  48.23
  1956          25      0.00191  0.00191  0.50   93118     178   93029  4405712  47.31
  1956          26      0.00161  0.00161  0.50   92940     150   92866  4312683  46.40
  1956          27      0.00179  0.00179  0.50   92791     166   92708  4219817  45.48
  1956          28      0.00159  0.00159  0.50   92625     147   92551  4127110  44.56
  1956          29      0.00153  0.00153  0.50   92478     141   92407  4034558  43.63
  1956          30      0.00153  0.00153  0.50   92336     141   92266  3942151  42.69
  1956          31      0.00184  0.00184  0.50   92195     169   92110  3849886  41.76
  1956          32      0.00178  0.00178  0.50   92026     164   91944  3757775  40.83
  1956          33      0.00192  0.00192  0.50   91862     176   91774  3665831  39.91
  1956          34      0.00191  0.00190  0.50   91686     175   91599  3574057  38.98
  1956          35      0.00211  0.00211  0.50   91511     193   91415  3482458  38.05
  1956          36      0.00222  0.00222  0.50   91318     203   91217  3391044  37.13
  1956          37      0.00224  0.00224  0.50   91115     204   91014  3299827  36.22
  1956          38      0.00237  0.00237  0.50   90912     216   90804  3208813  35.30
  1956          39      0.00253  0.00252  0.50   90696     229   90582  3118009  34.38
  1956          40      0.00323  0.00323  0.50   90467     292   90321  3027428  33.46
  1956          41      0.00277  0.00276  0.50   90176     249   90051  2937106  32.57
  1956          42      0.00325  0.00325  0.50   89926     292   89780  2847055  31.66
  1956          43      0.00325  0.00325  0.50   89634     291   89489  2757275  30.76
  1956          44      0.00392  0.00391  0.50   89343     350   89168  2667786  29.86
  1956          45      0.00415  0.00414  0.50   88993     368   88809  2578618  28.98
  1956          46      0.00444  0.00443  0.50   88625     392   88429  2489809  28.09
  1956          47      0.00495  0.00493  0.50   88233     435   88015  2401380  27.22
  1956          48      0.00556  0.00555  0.50   87798     487   87554  2313365  26.35
  1956          49      0.00598  0.00596  0.50   87310     520   87050  2225811  25.49
  1956          50      0.00659  0.00657  0.50   86790     570   86505  2138760  24.64
  1956          51      0.00741  0.00739  0.50   86220     637   85901  2052255  23.80
  1956          52      0.00816  0.00813  0.50   85583     695   85235  1966354  22.98
  1956          53      0.00934  0.00930  0.50   84887     789   84493  1881119  22.16
  1956          54      0.00948  0.00944  0.50   84098     794   83701  1796626  21.36
  1956          55      0.01074  0.01068  0.50   83304     890   82860  1712925  20.56
  1956          56      0.01246  0.01238  0.50   82415    1020   81905  1630065  19.78
  1956          57      0.01302  0.01294  0.50   81394    1053   80868  1548161  19.02
  1956          58      0.01478  0.01467  0.50   80341    1179   79752  1467293  18.26
  1956          59      0.01532  0.01521  0.50   79162    1204   78560  1387541  17.53
  1956          60      0.01676  0.01662  0.50   77958    1296   77311  1308981  16.79
  1956          61      0.01896  0.01879  0.50   76663    1440   75943  1231671  16.07
  1956          62      0.02021  0.02001  0.50   75222    1505   74470  1155728  15.36
  1956          63      0.02175  0.02152  0.50   73717    1586   72924  1081258  14.67
  1956          64      0.02366  0.02338  0.50   72131    1686   71288  1008334  13.98
  1956          65      0.02540  0.02508  0.50   70445    1767   69562   937046  13.30
  1956          66      0.03101  0.03054  0.50   68678    2097   67630   867484  12.63
  1956          67      0.03211  0.03160  0.50   66581    2104   65529   799854  12.01
  1956          68      0.03463  0.03404  0.50   64477    2195   63379   734325  11.39
  1956          69      0.03993  0.03915  0.50   62282    2438   61063   670946  10.77
  1956          70      0.04481  0.04382  0.50   59844    2623   58532   609883  10.19
  1956          71      0.04683  0.04576  0.50   57221    2619   55912   551351   9.64
  1956          72      0.05213  0.05080  0.50   54602    2774   53215   495439   9.07
  1956          73      0.05982  0.05809  0.50   51828    3010   50323   442224   8.53
  1956          74      0.06401  0.06202  0.50   48818    3028   47304   391901   8.03
  1956          75      0.07203  0.06953  0.50   45790    3184   44198   344596   7.53
  1956          76      0.08135  0.07817  0.50   42607    3330   40941   300398   7.05
  1956          77      0.09019  0.08630  0.50   39276    3389   37581   259457   6.61
  1956          78      0.09860  0.09396  0.50   35887    3372   34201   221875   6.18
  1956          79      0.11373  0.10761  0.50   32515    3499   30765   187674   5.77
  1956          80      0.12670  0.11915  0.50   29016    3457   27287   156909   5.41
  1956          81      0.13566  0.12704  0.50   25559    3247   23935   129622   5.07
  1956          82      0.15171  0.14101  0.50   22312    3146   20738   105687   4.74
  1956          83      0.15943  0.14766  0.50   19165    2830   17750    84948   4.43
  1956          84      0.18839  0.17217  0.50   16335    2813   14929    67198   4.11
  1956          85      0.19705  0.17938  0.50   13523    2426   12310    52269   3.87
  1956          86      0.22057  0.19866  0.50   11097    2205    9995    39959   3.60
  1956          87      0.23584  0.21097  0.50    8893    1876    7955    29964   3.37
  1956          88      0.25874  0.22910  0.50    7017    1607    6213    22009   3.14
  1956          89      0.29137  0.25432  0.50    5409    1376    4721    15797   2.92
  1956          90      0.30519  0.26478  0.50    4033    1068    3499    11075   2.75
  1956          91      0.34372  0.29331  0.50    2965     870    2531     7576   2.55
  1956          92      0.38905  0.32569  0.50    2096     683    1754     5045   2.41
  1956          93      0.38478  0.32269  0.50    1413     456    1185     3291   2.33
  1956          94      0.41214  0.34172  0.50     957     327     794     2106   2.20
  1956          95      0.44008  0.36071  0.50     630     227     516     1312   2.08
  1956          96      0.46841  0.37952  0.50     403     153     326      796   1.98
  1956          97      0.49697  0.39806  0.50     250      99     200      470   1.88
  1956          98      0.52557  0.41620  0.50     150      63     119      269   1.79
  1956          99      0.55402  0.43384  0.50      88      38      69      150   1.71
  1956         100      0.58215  0.45090  0.50      50      22      39       81   1.64
  1956         101      0.60978  0.46730  0.50      27      13      21       43   1.57
  1956         102      0.63674  0.48298  0.50      15       7      11       22   1.51
  1956         103      0.66291  0.49788  0.50       8       4       6       11   1.46
  1956         104      0.68813  0.51198  0.50       4       2       3        5   1.41
  1956         105      0.71231  0.52524  0.50       2       1       1        3   1.37
  1956         106      0.73537  0.53767  0.50       1       0       1        1   1.33
  1956         107      0.75723  0.54927  0.50       0       0       0        1   1.30
  1956         108      0.77785  0.56004  0.50       0       0       0        0   1.27
  1956         109      0.79721  0.57000  0.50       0       0       0        0   1.24
  1956         110+     0.81530  1.00000  1.23       0       0       0        0   1.23
  1957           0      0.04612  0.04448  0.20  100000    4448   96440  6744350  67.44
  1957           1      0.00302  0.00301  0.50   95552     288   95408  6647910  69.57
  1957           2      0.00181  0.00181  0.50   95264     172   95178  6552502  68.78
  1957           3      0.00114  0.00114  0.50   95092     108   95038  6457324  67.91
  1957           4      0.00096  0.00096  0.50   94984      91   94938  6362286  66.98
  1957           5      0.00091  0.00091  0.50   94893      86   94850  6267348  66.05
  1957           6      0.00075  0.00075  0.50   94807      71   94771  6172498  65.11
  1957           7      0.00067  0.00067  0.50   94735      64   94703  6077727  64.15
  1957           8      0.00067  0.00067  0.50   94671      63   94640  5983024  63.20
  1957           9      0.00051  0.00051  0.50   94608      48   94584  5888384  62.24
  1957          10      0.00047  0.00047  0.50   94560      45   94538  5793800  61.27
  1957          11      0.00048  0.00048  0.50   94516      45   94493  5699262  60.30
  1957          12      0.00056  0.00056  0.50   94470      53   94444  5604769  59.33
  1957          13      0.00067  0.00067  0.50   94417      63   94385  5510325  58.36
  1957          14      0.00076  0.00076  0.50   94354      72   94318  5415940  57.40
  1957          15      0.00076  0.00076  0.50   94282      71   94246  5321622  56.44
  1957          16      0.00098  0.00097  0.50   94211      92   94165  5227376  55.49
  1957          17      0.00107  0.00107  0.50   94119     101   94069  5133211  54.54
  1957          18      0.00147  0.00147  0.50   94018     138   93949  5039142  53.60
  1957          19      0.00155  0.00154  0.50   93880     145   93807  4945193  52.68
  1957          20      0.00161  0.00161  0.50   93735     151   93659  4851386  51.76
  1957          21      0.00191  0.00190  0.50   93584     178   93495  4757727  50.84
  1957          22      0.00180  0.00179  0.50   93406     168   93322  4664232  49.94
  1957          23      0.00201  0.00201  0.50   93238     187   93145  4570910  49.02
  1957          24      0.00182  0.00182  0.50   93051     169   92966  4477765  48.12
  1957          25      0.00176  0.00176  0.50   92882     164   92800  4384798  47.21
  1957          26      0.00199  0.00199  0.50   92718     184   92626  4291999  46.29
  1957          27      0.00193  0.00193  0.50   92534     179   92444  4199373  45.38
  1957          28      0.00175  0.00175  0.50   92355     162   92274  4106928  44.47
  1957          29      0.00197  0.00197  0.50   92194     182   92103  4014654  43.55
  1957          30      0.00167  0.00167  0.50   92012     153   91935  3922551  42.63
  1957          31      0.00181  0.00181  0.50   91858     166   91775  3830616  41.70
  1957          32      0.00145  0.00145  0.50   91692     133   91626  3738841  40.78
  1957          33      0.00191  0.00191  0.50   91559     175   91472  3647215  39.83
  1957          34      0.00214  0.00214  0.50   91385     195   91287  3555743  38.91
  1957          35      0.00175  0.00175  0.50   91189     159   91110  3464456  37.99
  1957          36      0.00213  0.00212  0.50   91030     193   90933  3373347  37.06
  1957          37      0.00192  0.00192  0.50   90836     174   90749  3282414  36.14
  1957          38      0.00254  0.00254  0.50   90662     230   90547  3191664  35.20
  1957          39      0.00254  0.00254  0.50   90432     230   90317  3101117  34.29
  1957          40      0.00293  0.00293  0.50   90202     264   90070  3010800  33.38
  1957          41      0.00292  0.00292  0.50   89938     262   89807  2920730  32.47
  1957          42      0.00283  0.00283  0.50   89675     253   89549  2830924  31.57
  1957          43      0.00308  0.00307  0.50   89422     275   89285  2741375  30.66
  1957          44      0.00382  0.00381  0.50   89147     340   88977  2652091  29.75
  1957          45      0.00426  0.00425  0.50   88808     378   88619  2563113  28.86
  1957          46      0.00485  0.00484  0.50   88430     428   88216  2474494  27.98
  1957          47      0.00491  0.00490  0.50   88002     431   87786  2386279  27.12
  1957          48      0.00574  0.00572  0.50   87570     501   87320  2298493  26.25
  1957          49      0.00620  0.00618  0.50   87069     538   86800  2211173  25.40
  1957          50      0.00652  0.00649  0.50   86531     562   86250  2124373  24.55
  1957          51      0.00746  0.00743  0.50   85969     639   85650  2038123  23.71
  1957          52      0.00784  0.00781  0.50   85330     666   84997  1952473  22.88
  1957          53      0.00919  0.00914  0.50   84664     774   84277  1867476  22.06
  1957          54      0.01033  0.01028  0.50   83890     862   83459  1783199  21.26
  1957          55      0.01083  0.01077  0.50   83028     895   82581  1699740  20.47
  1957          56      0.01247  0.01239  0.50   82133    1018   81624  1617159  19.69
  1957          57      0.01383  0.01374  0.50   81116    1114   80558  1535535  18.93
  1957          58      0.01467  0.01457  0.50   80001    1165   79418  1454976  18.19
  1957          59      0.01501  0.01490  0.50   78836    1175   78248  1375558  17.45
  1957          60      0.01765  0.01749  0.50   77661    1358   76982  1297310  16.70
  1957          61      0.01887  0.01870  0.50   76302    1427   75589  1220328  15.99
  1957          62      0.02095  0.02073  0.50   74876    1552   74100  1144739  15.29
  1957          63      0.02231  0.02206  0.50   73323    1617   72515  1070640  14.60
  1957          64      0.02442  0.02412  0.50   71706    1730   70841   998125  13.92
  1957          65      0.02646  0.02611  0.50   69976    1827   69063   927284  13.25
  1957          66      0.02939  0.02896  0.50   68149    1974   67162   858221  12.59
  1957          67      0.03297  0.03244  0.50   66175    2146   65102   791059  11.95
  1957          68      0.03693  0.03626  0.50   64029    2322   62868   725958  11.34
  1957          69      0.04127  0.04044  0.50   61707    2495   60459   663090  10.75
  1957          70      0.04407  0.04312  0.50   59212    2553   57935   602631  10.18
  1957          71      0.04997  0.04875  0.50   56659    2762   55278   544696   9.61
  1957          72      0.05374  0.05233  0.50   53896    2821   52486   489418   9.08
  1957          73      0.06038  0.05861  0.50   51076    2994   49579   436932   8.55
  1957          74      0.06962  0.06728  0.50   48082    3235   46465   387353   8.06
  1957          75      0.07432  0.07166  0.50   44847    3214   43240   340888   7.60
  1957          76      0.07997  0.07689  0.50   41633    3201   40033   297648   7.15
  1957          77      0.08813  0.08441  0.50   38432    3244   36810   257615   6.70
  1957          78      0.10172  0.09680  0.50   35188    3406   33485   220805   6.27
  1957          79      0.11074  0.10493  0.50   31782    3335   30114   187320   5.89
  1957          80      0.11463  0.10841  0.50   28447    3084   26905   157206   5.53
  1957          81      0.13258  0.12433  0.50   25363    3153   23786   130301   5.14
  1957          82      0.14724  0.13714  0.50   22209    3046   20686   106515   4.80
  1957          83      0.16639  0.15361  0.50   19164    2944   17692    85828   4.48
  1957          84      0.17818  0.16361  0.50   16220    2654   14893    68137   4.20
  1957          85      0.19599  0.17850  0.50   13566    2421   12355    53244   3.92
  1957          86      0.22410  0.20152  0.50   11145    2246   10022    40888   3.67
  1957          87      0.24127  0.21530  0.50    8899    1916    7941    30867   3.47
  1957          88      0.24952  0.22184  0.50    6983    1549    6208    22926   3.28
  1957          89      0.26623  0.23495  0.50    5434    1277    4795    16718   3.08
  1957          90      0.29700  0.25859  0.50    4157    1075    3620    11922   2.87
  1957          91      0.31218  0.27003  0.50    3082     832    2666     8303   2.69
  1957          92      0.34128  0.29153  0.50    2250     656    1922     5637   2.51
  1957          93      0.38309  0.32151  0.50    1594     512    1338     3715   2.33
  1957          94      0.41133  0.34116  0.50    1081     369     897     2377   2.20
  1957          95      0.44020  0.36079  0.50     713     257     584     1480   2.08
  1957          96      0.46953  0.38026  0.50     455     173     369      896   1.97
  1957          97      0.49913  0.39944  0.50     282     113     226      527   1.87
  1957          98      0.52878  0.41821  0.50     170      71     134      301   1.78
  1957          99      0.55828  0.43645  0.50      99      43      77      167   1.70
  1957         100      0.58742  0.45406  0.50      56      25      43       90   1.62
  1957         101      0.61602  0.47096  0.50      30      14      23       47   1.56
  1957         102      0.64389  0.48708  0.50      16       8      12       24   1.50
  1957         103      0.67086  0.50236  0.50       8       4       6       12   1.44
  1957         104      0.69680  0.51676  0.50       4       2       3        6   1.39
  1957         105      0.72159  0.53027  0.50       2       1       1        3   1.35
  1957         106      0.74514  0.54288  0.50       1       1       1        1   1.31
  1957         107      0.76738  0.55459  0.50       0       0       0        1   1.28
  1957         108      0.78827  0.56542  0.50       0       0       0        0   1.25
  1957         109      0.80778  0.57539  0.50       0       0       0        0   1.23
  1957         110+     0.82593  1.00000  1.21       0       0       0        0   1.21
  1958           0      0.04216  0.04076  0.19  100000    4076   96680  6845252  68.45
  1958           1      0.00266  0.00265  0.50   95924     254   95797  6748572  70.35
  1958           2      0.00152  0.00151  0.50   95670     145   95597  6652776  69.54
  1958           3      0.00118  0.00118  0.50   95525     112   95469  6557178  68.64
  1958           4      0.00080  0.00080  0.50   95412      77   95374  6461710  67.72
  1958           5      0.00072  0.00072  0.50   95336      68   95302  6366336  66.78
  1958           6      0.00054  0.00054  0.50   95267      52   95242  6271034  65.83
  1958           7      0.00063  0.00063  0.50   95216      60   95186  6175792  64.86
  1958           8      0.00048  0.00048  0.50   95156      46   95133  6080606  63.90
  1958           9      0.00042  0.00042  0.50   95110      40   95090  5985473  62.93
  1958          10      0.00048  0.00048  0.50   95070      46   95047  5890383  61.96
  1958          11      0.00048  0.00048  0.50   95024      46   95002  5795336  60.99
  1958          12      0.00035  0.00035  0.50   94979      33   94962  5700334  60.02
  1958          13      0.00048  0.00048  0.50   94946      45   94923  5605372  59.04
  1958          14      0.00065  0.00065  0.50   94901      62   94870  5510449  58.07
  1958          15      0.00073  0.00073  0.50   94839      70   94804  5415579  57.10
  1958          16      0.00088  0.00088  0.50   94769      83   94727  5320775  56.14
  1958          17      0.00106  0.00106  0.50   94686     100   94636  5226048  55.19
  1958          18      0.00123  0.00123  0.50   94586     117   94528  5131412  54.25
  1958          19      0.00148  0.00148  0.50   94469     139   94400  5036884  53.32
  1958          20      0.00164  0.00164  0.50   94330     154   94253  4942485  52.40
  1958          21      0.00161  0.00160  0.50   94176     151   94100  4848232  51.48
  1958          22      0.00168  0.00168  0.50   94024     158   93946  4754132  50.56
  1958          23      0.00153  0.00153  0.50   93867     144   93795  4660186  49.65
  1958          24      0.00158  0.00158  0.50   93723     148   93649  4566391  48.72
  1958          25      0.00170  0.00170  0.50   93575     159   93496  4472742  47.80
  1958          26      0.00150  0.00150  0.50   93416     140   93346  4379246  46.88
  1958          27      0.00166  0.00166  0.50   93276     155   93199  4285900  45.95
  1958          28      0.00154  0.00154  0.50   93121     144   93049  4192701  45.02
  1958          29      0.00162  0.00162  0.50   92977     151   92902  4099652  44.09
  1958          30      0.00165  0.00165  0.50   92827     153   92750  4006750  43.16
  1958          31      0.00168  0.00167  0.50   92674     155   92596  3914000  42.23
  1958          32      0.00172  0.00172  0.50   92519     159   92439  3821403  41.30
  1958          33      0.00180  0.00179  0.50   92360     166   92277  3728964  40.37
  1958          34      0.00194  0.00194  0.50   92194     178   92105  3636687  39.45
  1958          35      0.00201  0.00201  0.50   92015     185   91923  3544583  38.52
  1958          36      0.00203  0.00203  0.50   91830     187   91737  3452660  37.60
  1958          37      0.00205  0.00204  0.50   91644     187   91550  3360922  36.67
  1958          38      0.00223  0.00223  0.50   91457     204   91355  3269372  35.75
  1958          39      0.00229  0.00229  0.50   91253     209   91148  3178017  34.83
  1958          40      0.00252  0.00251  0.50   91044     229   90930  3086869  33.91
  1958          41      0.00284  0.00284  0.50   90815     257   90686  2995940  32.99
  1958          42      0.00330  0.00329  0.50   90558     298   90409  2905253  32.08
  1958          43      0.00292  0.00292  0.50   90260     264   90128  2814844  31.19
  1958          44      0.00330  0.00329  0.50   89996     296   89848  2724716  30.28
  1958          45      0.00351  0.00350  0.50   89700     314   89543  2634868  29.37
  1958          46      0.00446  0.00445  0.50   89386     397   89187  2545326  28.48
  1958          47      0.00469  0.00468  0.50   88988     417   88780  2456139  27.60
  1958          48      0.00521  0.00520  0.50   88571     461   88341  2367359  26.73
  1958          49      0.00576  0.00574  0.50   88111     506   87858  2279018  25.87
  1958          50      0.00619  0.00617  0.50   87605     541   87335  2191160  25.01
  1958          51      0.00683  0.00681  0.50   87064     593   86768  2103825  24.16
  1958          52      0.00725  0.00722  0.50   86472     625   86159  2017057  23.33
  1958          53      0.00892  0.00888  0.50   85847     763   85466  1930898  22.49
  1958          54      0.00970  0.00966  0.50   85085     822   84674  1845432  21.69
  1958          55      0.01107  0.01101  0.50   84263     928   83799  1760758  20.90
  1958          56      0.01158  0.01151  0.50   83335     959   82855  1676959  20.12
  1958          57      0.01293  0.01285  0.50   82376    1058   81847  1594104  19.35
  1958          58      0.01404  0.01394  0.50   81318    1134   80751  1512257  18.60
  1958          59      0.01466  0.01455  0.50   80184    1167   79601  1431506  17.85
  1958          60      0.01679  0.01665  0.50   79017    1315   78359  1351906  17.11
  1958          61      0.01847  0.01830  0.50   77702    1422   76991  1273546  16.39
  1958          62      0.01965  0.01946  0.50   76280    1484   75538  1196555  15.69
  1958          63      0.02104  0.02082  0.50   74796    1557   74017  1121018  14.99
  1958          64      0.02282  0.02257  0.50   73239    1653   72412  1047000  14.30
  1958          65      0.02583  0.02550  0.50   71586    1826   70673   974588  13.61
  1958          66      0.02798  0.02760  0.50   69760    1925   68798   903915  12.96
  1958          67      0.03017  0.02972  0.50   67835    2016   66827   835117  12.31
  1958          68      0.03391  0.03334  0.50   65819    2195   64722   768290  11.67
  1958          69      0.03772  0.03703  0.50   63624    2356   62446   703569  11.06
  1958          70      0.04303  0.04213  0.50   61269    2581   59978   641122  10.46
  1958          71      0.04577  0.04475  0.50   58687    2626   57374   581144   9.90
  1958          72      0.05257  0.05123  0.50   56061    2872   54626   523770   9.34
  1958          73      0.05610  0.05456  0.50   53190    2902   51739   469144   8.82
  1958          74      0.06094  0.05914  0.50   50287    2974   48800   417406   8.30
  1958          75      0.07310  0.07052  0.50   47314    3337   45645   368605   7.79
  1958          76      0.07501  0.07230  0.50   43977    3179   42387   322960   7.34
  1958          77      0.08735  0.08369  0.50   40797    3414   39090   280573   6.88
  1958          78      0.09200  0.08795  0.50   37383    3288   35739   241483   6.46
  1958          79      0.10309  0.09804  0.50   34095    3343   32424   205744   6.03
  1958          80      0.11605  0.10969  0.50   30752    3373   29066   173320   5.64
  1958          81      0.13020  0.12224  0.50   27379    3347   25706   144254   5.27
  1958          82      0.14408  0.13440  0.50   24032    3230   22417   118549   4.93
  1958          83      0.15347  0.14253  0.50   20803    2965   19320    96131   4.62
  1958          84      0.17467  0.16064  0.50   17838    2865   16405    76811   4.31
  1958          85      0.18835  0.17214  0.50   14972    2577   13683    60406   4.03
  1958          86      0.22076  0.19881  0.50   12395    2464   11163    46723   3.77
  1958          87      0.22489  0.20216  0.50    9931    2008    8927    35560   3.58
  1958          88      0.24993  0.22217  0.50    7923    1760    7043    26633   3.36
  1958          89      0.25796  0.22849  0.50    6163    1408    5459    19590   3.18
  1958          90      0.28631  0.25045  0.50    4755    1191    4159    14131   2.97
  1958          91      0.29082  0.25390  0.50    3564     905    3111     9972   2.80
  1958          92      0.33974  0.29041  0.50    2659     772    2273     6861   2.58
  1958          93      0.36549  0.30902  0.50    1887     583    1595     4588   2.43
  1958          94      0.39205  0.32779  0.50    1304     427    1090     2993   2.30
  1958          95      0.41927  0.34661  0.50     876     304     725     1902   2.17
  1958          96      0.44701  0.36535  0.50     573     209     468     1178   2.06
  1958          97      0.47511  0.38391  0.50     363     140     294      710   1.95
  1958          98      0.50339  0.40216  0.50     224      90     179      416   1.86
  1958          99      0.53167  0.42001  0.50     134      56     106      237   1.77
  1958         100      0.55977  0.43736  0.50      78      34      61      132   1.70
  1958         101      0.58752  0.45412  0.50      44      20      34       71   1.63
  1958         102      0.61475  0.47022  0.50      24      11      18       37   1.56
  1958         103      0.64131  0.48560  0.50      13       6      10       19   1.50
  1958         104      0.66706  0.50022  0.50       6       3       5        9   1.45
  1958         105      0.69188  0.51405  0.50       3       2       2        5   1.41
  1958         106      0.71566  0.52706  0.50       2       1       1        2   1.36
  1958         107      0.73832  0.53925  0.50       1       0       1        1   1.33
  1958         108      0.75981  0.55062  0.50       0       0       0        0   1.29
  1958         109      0.78008  0.56119  0.50       0       0       0        0   1.27
  1958         110+     0.79911  1.00000  1.25       0       0       0        0   1.25
  1959           0      0.04166  0.04029  0.18  100000    4029   96711  6838975  68.39
  1959           1      0.00285  0.00284  0.50   95971     273   95835  6742264  70.25
  1959           2      0.00166  0.00166  0.50   95698     159   95619  6646430  69.45
  1959           3      0.00095  0.00095  0.50   95539      90   95494  6550811  68.57
  1959           4      0.00103  0.00103  0.50   95449      98   95400  6455317  67.63
  1959           5      0.00072  0.00072  0.50   95351      69   95316  6359917  66.70
  1959           6      0.00050  0.00050  0.50   95282      48   95258  6264601  65.75
  1959           7      0.00080  0.00080  0.50   95234      76   95196  6169343  64.78
  1959           8      0.00066  0.00066  0.50   95158      63   95127  6074146  63.83
  1959           9      0.00048  0.00048  0.50   95095      46   95072  5979019  62.87
  1959          10      0.00041  0.00041  0.50   95049      39   95030  5883947  61.90
  1959          11      0.00037  0.00037  0.50   95010      35   94993  5788917  60.93
  1959          12      0.00039  0.00039  0.50   94975      37   94957  5693924  59.95
  1959          13      0.00044  0.00044  0.50   94938      42   94917  5598967  58.97
  1959          14      0.00053  0.00053  0.50   94896      50   94871  5504050  58.00
  1959          15      0.00083  0.00083  0.50   94846      78   94807  5409179  57.03
  1959          16      0.00097  0.00097  0.50   94767      92   94721  5314373  56.08
  1959          17      0.00102  0.00102  0.50   94675      97   94627  5219652  55.13
  1959          18      0.00141  0.00140  0.50   94578     133   94512  5125025  54.19
  1959          19      0.00142  0.00142  0.50   94446     134   94379  5030513  53.26
  1959          20      0.00153  0.00153  0.50   94312     144   94240  4936134  52.34
  1959          21      0.00152  0.00152  0.50   94168     143   94096  4841894  51.42
  1959          22      0.00189  0.00189  0.50   94024     178   93935  4747798  50.50
  1959          23      0.00160  0.00160  0.50   93847     150   93772  4653863  49.59
  1959          24      0.00146  0.00146  0.50   93697     137   93628  4560091  48.67
  1959          25      0.00176  0.00176  0.50   93560     165   93477  4466463  47.74
  1959          26      0.00144  0.00144  0.50   93395     135   93328  4372986  46.82
  1959          27      0.00162  0.00162  0.50   93260     151   93185  4279658  45.89
  1959          28      0.00151  0.00150  0.50   93109     140   93039  4186473  44.96
  1959          29      0.00155  0.00155  0.50   92969     144   92897  4093434  44.03
  1959          30      0.00150  0.00150  0.50   92825     139   92756  4000537  43.10
  1959          31      0.00184  0.00184  0.50   92686     170   92601  3907782  42.16
  1959          32      0.00178  0.00178  0.50   92516     164   92434  3815181  41.24
  1959          33      0.00193  0.00193  0.50   92351     178   92262  3722747  40.31
  1959          34      0.00186  0.00186  0.50   92173     172   92087  3630485  39.39
  1959          35      0.00197  0.00196  0.50   92002     181   91911  3538397  38.46
  1959          36      0.00205  0.00205  0.50   91821     188   91727  3446486  37.53
  1959          37      0.00216  0.00216  0.50   91633     198   91534  3354759  36.61
  1959          38      0.00232  0.00231  0.50   91435     211   91330  3263225  35.69
  1959          39      0.00238  0.00238  0.50   91224     217   91115  3171895  34.77
  1959          40      0.00255  0.00255  0.50   91007     232   90891  3080780  33.85
  1959          41      0.00286  0.00285  0.50   90775     259   90645  2989889  32.94
  1959          42      0.00307  0.00306  0.50   90516     277   90377  2899244  32.03
  1959          43      0.00357  0.00357  0.50   90238     322   90077  2808867  31.13
  1959          44      0.00304  0.00304  0.50   89916     273   89780  2718789  30.24
  1959          45      0.00430  0.00430  0.50   89643     385   89451  2629010  29.33
  1959          46      0.00424  0.00423  0.50   89258     378   89069  2539559  28.45
  1959          47      0.00498  0.00497  0.50   88880     442   88659  2450490  27.57
  1959          48      0.00484  0.00483  0.50   88439     427   88225  2361831  26.71
  1959          49      0.00612  0.00610  0.50   88011     537   87743  2273606  25.83
  1959          50      0.00634  0.00632  0.50   87474     553   87198  2185863  24.99
  1959          51      0.00714  0.00711  0.50   86921     618   86612  2098665  24.14
  1959          52      0.00744  0.00741  0.50   86303     640   85983  2012053  23.31
  1959          53      0.00837  0.00834  0.50   85664     714   85306  1926069  22.48
  1959          54      0.00905  0.00901  0.50   84949     765   84567  1840763  21.67
  1959          55      0.01042  0.01037  0.50   84184     873   83748  1756196  20.86
  1959          56      0.01181  0.01174  0.50   83311     978   82822  1672448  20.07
  1959          57      0.01303  0.01295  0.50   82333    1066   81800  1589626  19.31
  1959          58      0.01397  0.01387  0.50   81267    1127   80703  1507826  18.55
  1959          59      0.01497  0.01486  0.50   80140    1191   79544  1427123  17.81
  1959          60      0.01659  0.01645  0.50   78949    1299   78300  1347578  17.07
  1959          61      0.01830  0.01813  0.50   77650    1408   76946  1269279  16.35
  1959          62      0.02088  0.02066  0.50   76242    1575   75455  1192332  15.64
  1959          63      0.02222  0.02197  0.50   74667    1641   73847  1116878  14.96
  1959          64      0.02387  0.02359  0.50   73026    1723   72165  1043031  14.28
  1959          65      0.02548  0.02516  0.50   71304    1794   70407   970866  13.62
  1959          66      0.02769  0.02732  0.50   69510    1899   68560   900459  12.95
  1959          67      0.03029  0.02983  0.50   67611    2017   66603   831899  12.30
  1959          68      0.03488  0.03429  0.50   65594    2249   64469   765296  11.67
  1959          69      0.03719  0.03651  0.50   63345    2313   62189   700827  11.06
  1959          70      0.04117  0.04034  0.50   61032    2462   59801   638638  10.46
  1959          71      0.04590  0.04487  0.50   58570    2628   57256   578837   9.88
  1959          72      0.05249  0.05115  0.50   55942    2861   54512   521580   9.32
  1959          73      0.05792  0.05629  0.50   53081    2988   51587   467069   8.80
  1959          74      0.06175  0.05990  0.50   50093    3001   48593   415482   8.29
  1959          75      0.07043  0.06804  0.50   47092    3204   45490   366889   7.79
  1959          76      0.07683  0.07399  0.50   43888    3247   42265   321399   7.32
  1959          77      0.08678  0.08317  0.50   40641    3380   38951   279134   6.87
  1959          78      0.09310  0.08896  0.50   37261    3315   35604   240184   6.45
  1959          79      0.10736  0.10189  0.50   33946    3459   32217   204580   6.03
  1959          80      0.11938  0.11266  0.50   30487    3435   28770   172363   5.65
  1959          81      0.12597  0.11850  0.50   27053    3206   25450   143593   5.31
  1959          82      0.13965  0.13054  0.50   23847    3113   22290   118144   4.95
  1959          83      0.15836  0.14674  0.50   20734    3043   19213    95853   4.62
  1959          84      0.17366  0.15978  0.50   17691    2827   16278    76641   4.33
  1959          85      0.18876  0.17248  0.50   14865    2564   13583    60363   4.06
  1959          86      0.20772  0.18817  0.50   12301    2315   11143    46780   3.80
  1959          87      0.22252  0.20024  0.50    9986    2000    8986    35636   3.57
  1959          88      0.24295  0.21663  0.50    7986    1730    7121    26650   3.34
  1959          89      0.27481  0.24161  0.50    6256    1512    5501    19529   3.12
  1959          90      0.27146  0.23902  0.50    4745    1134    4178    14028   2.96
  1959          91      0.31795  0.27433  0.50    3611     991    3115     9851   2.73
  1959          92      0.35760  0.30336  0.50    2620     795    2223     6735   2.57
  1959          93      0.35907  0.30442  0.50    1825     556    1547     4512   2.47
  1959          94      0.38485  0.32275  0.50    1270     410    1065     2965   2.34
  1959          95      0.41130  0.34114  0.50     860     293     713     1900   2.21
  1959          96      0.43827  0.35949  0.50     567     204     465     1187   2.10
  1959          97      0.46561  0.37768  0.50     363     137     294      722   1.99
  1959          98      0.49316  0.39561  0.50     226      89     181      428   1.89
  1959          99      0.52077  0.41318  0.50     136      56     108      247   1.81
  1959         100      0.54825  0.43030  0.50      80      34      63      138   1.73
  1959         101      0.57545  0.44687  0.50      46      20      35       76   1.66
  1959         102      0.60222  0.46285  0.50      25      12      19       40   1.59
  1959         103      0.62839  0.47816  0.50      14       6      10       21   1.53
  1959         104      0.65385  0.49276  0.50       7       3       5       10   1.48
  1959         105      0.67847  0.50661  0.50       4       2       3        5   1.43
  1959         106      0.70215  0.51970  0.50       2       1       1        2   1.39
  1959         107      0.72481  0.53201  0.50       1       0       1        1   1.35
  1959         108      0.74638  0.54354  0.50       0       0       0        1   1.32
  1959         109      0.76682  0.55429  0.50       0       0       0        0   1.29
  1959         110+     0.78609  1.00000  1.27       0       0       0        0   1.27
  1960           0      0.03877  0.03757  0.17  100000    3757   96895  6874320  68.74
  1960           1      0.00271  0.00270  0.50   96243     260   96113  6777426  70.42
  1960           2      0.00140  0.00140  0.50   95983     134   95916  6681313  69.61
  1960           3      0.00107  0.00107  0.50   95849     103   95798  6585397  68.71
  1960           4      0.00097  0.00097  0.50   95746      92   95700  6489599  67.78
  1960           5      0.00061  0.00061  0.50   95654      58   95625  6393899  66.84
  1960           6      0.00055  0.00055  0.50   95595      52   95569  6298274  65.88
  1960           7      0.00055  0.00055  0.50   95543      53   95517  6202705  64.92
  1960           8      0.00047  0.00047  0.50   95490      45   95468  6107188  63.96
  1960           9      0.00051  0.00051  0.50   95445      48   95421  6011721  62.99
  1960          10      0.00034  0.00034  0.50   95397      32   95381  5916299  62.02
  1960          11      0.00031  0.00031  0.50   95365      29   95350  5820918  61.04
  1960          12      0.00035  0.00035  0.50   95336      34   95319  5725568  60.06
  1960          13      0.00045  0.00045  0.50   95302      43   95280  5630249  59.08
  1960          14      0.00052  0.00052  0.50   95259      49   95234  5534969  58.10
  1960          15      0.00062  0.00062  0.50   95209      59   95180  5439735  57.13
  1960          16      0.00082  0.00082  0.50   95150      78   95111  5344555  56.17
  1960          17      0.00088  0.00088  0.50   95072      83   95030  5249444  55.22
  1960          18      0.00127  0.00126  0.50   94989     120   94929  5154414  54.26
  1960          19      0.00126  0.00126  0.50   94869     119   94809  5059485  53.33
  1960          20      0.00136  0.00136  0.50   94749     129   94685  4964676  52.40
  1960          21      0.00129  0.00129  0.50   94620     122   94559  4869991  51.47
  1960          22      0.00149  0.00149  0.50   94498     141   94428  4775432  50.53
  1960          23      0.00169  0.00169  0.50   94358     160   94278  4681004  49.61
  1960          24      0.00133  0.00133  0.50   94198     125   94135  4586726  48.69
  1960          25      0.00103  0.00103  0.50   94072      97   94024  4492591  47.76
  1960          26      0.00162  0.00162  0.50   93975     152   93899  4398567  46.81
  1960          27      0.00155  0.00155  0.50   93823     146   93750  4304668  45.88
  1960          28      0.00144  0.00144  0.50   93678     135   93610  4210918  44.95
  1960          29      0.00167  0.00167  0.50   93543     157   93464  4117308  44.02
  1960          30      0.00143  0.00142  0.50   93386     133   93320  4023843  43.09
  1960          31      0.00158  0.00158  0.50   93253     147   93180  3930524  42.15
  1960          32      0.00182  0.00182  0.50   93106     169   93021  3837344  41.21
  1960          33      0.00168  0.00167  0.50   92937     156   92859  3744323  40.29
  1960          34      0.00155  0.00155  0.50   92781     143   92709  3651464  39.36
  1960          35      0.00194  0.00194  0.50   92638     180   92548  3558754  38.42
  1960          36      0.00198  0.00198  0.50   92458     183   92367  3466206  37.49
  1960          37      0.00211  0.00210  0.50   92275     194   92178  3373840  36.56
  1960          38      0.00215  0.00214  0.50   92081     197   91982  3281661  35.64
  1960          39      0.00237  0.00237  0.50   91884     218   91775  3189679  34.71
  1960          40      0.00280  0.00279  0.50   91666     256   91538  3097904  33.80
  1960          41      0.00254  0.00254  0.50   91410     232   91294  3006366  32.89
  1960          42      0.00297  0.00296  0.50   91178     270   91043  2915073  31.97
  1960          43      0.00324  0.00324  0.50   90908     294   90760  2824030  31.06
  1960          44      0.00364  0.00363  0.50   90613     329   90449  2733269  30.16
  1960          45      0.00422  0.00421  0.50   90284     380   90094  2642821  29.27
  1960          46      0.00418  0.00417  0.50   89904     375   89716  2552727  28.39
  1960          47      0.00405  0.00404  0.50   89529     362   89348  2463010  27.51
  1960          48      0.00518  0.00517  0.50   89167     461   88937  2373662  26.62
  1960          49      0.00539  0.00538  0.50   88707     477   88468  2284725  25.76
  1960          50      0.00630  0.00628  0.50   88229     554   87952  2196257  24.89
  1960          51      0.00741  0.00738  0.50   87675     647   87351  2108305  24.05
  1960          52      0.00799  0.00795  0.50   87028     692   86681  2020954  23.22
  1960          53      0.00851  0.00848  0.50   86335     732   85969  1934272  22.40
  1960          54      0.00897  0.00893  0.50   85604     765   85221  1848303  21.59
  1960          55      0.01034  0.01028  0.50   84839     872   84403  1763082  20.78
  1960          56      0.01105  0.01099  0.50   83967     923   83505  1678679  19.99
  1960          57      0.01282  0.01274  0.50   83044    1058   82515  1595174  19.21
  1960          58      0.01439  0.01429  0.50   81986    1171   81401  1512658  18.45
  1960          59      0.01533  0.01521  0.50   80815    1229   80201  1431258  17.71
  1960          60      0.01695  0.01681  0.50   79586    1338   78917  1351057  16.98
  1960          61      0.01873  0.01856  0.50   78248    1452   77522  1272140  16.26
  1960          62      0.02070  0.02048  0.50   76796    1573   76010  1194618  15.56
  1960          63      0.02129  0.02107  0.50   75223    1585   74431  1118608  14.87
  1960          64      0.02397  0.02369  0.50   73638    1744   72766  1044178  14.18
  1960          65      0.02674  0.02639  0.50   71894    1897   70945   971412  13.51
  1960          66      0.02903  0.02862  0.50   69997    2003   68995   900467  12.86
  1960          67      0.03196  0.03145  0.50   67994    2139   66924   831471  12.23
  1960          68      0.03499  0.03439  0.50   65855    2265   64723   764547  11.61
  1960          69      0.03694  0.03627  0.50   63591    2306   62437   699824  11.01
  1960          70      0.04084  0.04002  0.50   61284    2453   60058   637386  10.40
  1960          71      0.04698  0.04590  0.50   58832    2700   57481   577329   9.81
  1960          72      0.05448  0.05303  0.50   56131    2977   54643   519847   9.26
  1960          73      0.05693  0.05536  0.50   53154    2943   51683   465204   8.75
  1960          74      0.06303  0.06110  0.50   50212    3068   48678   413521   8.24
  1960          75      0.06862  0.06635  0.50   47144    3128   45580   364843   7.74
  1960          76      0.07788  0.07496  0.50   44016    3300   42366   319263   7.25
  1960          77      0.08897  0.08518  0.50   40716    3468   38982   276897   6.80
  1960          78      0.09414  0.08991  0.50   37248    3349   35574   237915   6.39
  1960          79      0.10643  0.10105  0.50   33899    3426   32186   202342   5.97
  1960          80      0.11864  0.11199  0.50   30473    3413   28767   170155   5.58
  1960          81      0.12903  0.12121  0.50   27061    3280   25421   141388   5.22
  1960          82      0.14241  0.13294  0.50   23781    3161   22200   115968   4.88
  1960          83      0.15802  0.14645  0.50   20619    3020   19109    93768   4.55
  1960          84      0.17768  0.16318  0.50   17599    2872   16164    74659   4.24
  1960          85      0.19275  0.17581  0.50   14728    2589   13433    58495   3.97
  1960          86      0.20455  0.18557  0.50   12138    2252   11012    45062   3.71
  1960          87      0.21916  0.19752  0.50    9886    1953    8910    34050   3.44
  1960          88      0.26532  0.23425  0.50    7933    1858    7004    25140   3.17
  1960          89      0.28080  0.24623  0.50    6075    1496    5327    18136   2.99
  1960          90      0.30122  0.26179  0.50    4579    1199    3980    12809   2.80
  1960          91      0.35478  0.30133  0.50    3380    1019    2871     8830   2.61
  1960          92      0.34413  0.29361  0.50    2362     693    2015     5959   2.52
  1960          93      0.37711  0.31729  0.50    1668     529    1404     3944   2.36
  1960          94      0.40482  0.33667  0.50    1139     383     947     2540   2.23
  1960          95      0.43314  0.35603  0.50     756     269     621     1593   2.11
  1960          96      0.46190  0.37524  0.50     487     183     395      972   2.00
  1960          97      0.49091  0.39416  0.50     304     120     244      577   1.90
  1960          98      0.51999  0.41269  0.50     184      76     146      333   1.81
  1960          99      0.54893  0.43071  0.50     108      47      85      186   1.72
  1960         100      0.57755  0.44814  0.50      62      28      48      102   1.65
  1960         101      0.60567  0.46489  0.50      34      16      26       54   1.58
  1960         102      0.63311  0.48088  0.50      18       9      14       28   1.52
  1960         103      0.65973  0.49609  0.50       9       5       7       14   1.47
  1960         104      0.68538  0.51045  0.50       5       2       4        7   1.42
  1960         105      0.70996  0.52396  0.50       2       1       2        3   1.37
  1960         106      0.73337  0.53661  0.50       1       1       1        1   1.33
  1960         107      0.75556  0.54839  0.50       1       0       0        1   1.30
  1960         108      0.77647  0.55932  0.50       0       0       0        0   1.27
  1960         109      0.79609  0.56943  0.50       0       0       0        0   1.24
  1960         110+     0.81441  1.00000  1.23       0       0       0        0   1.23
  1961           0      0.03436  0.03339  0.16  100000    3339   97188  6971119  69.71
  1961           1      0.00225  0.00225  0.50   96661     217   96552  6873931  71.11
  1961           2      0.00126  0.00126  0.50   96444     122   96383  6777379  70.27
  1961           3      0.00095  0.00095  0.50   96322      91   96276  6680996  69.36
  1961           4      0.00073  0.00073  0.50   96230      70   96195  6584720  68.43
  1961           5      0.00058  0.00058  0.50   96160      56   96132  6488525  67.48
  1961           6      0.00059  0.00059  0.50   96104      57   96076  6392393  66.52
  1961           7      0.00051  0.00051  0.50   96047      49   96023  6296317  65.55
  1961           8      0.00043  0.00043  0.50   95999      41   95978  6200294  64.59
  1961           9      0.00040  0.00040  0.50   95957      39   95938  6104316  63.61
  1961          10      0.00052  0.00052  0.50   95919      49   95894  6008378  62.64
  1961          11      0.00036  0.00036  0.50   95869      34   95852  5912484  61.67
  1961          12      0.00032  0.00032  0.50   95835      30   95820  5816633  60.69
  1961          13      0.00032  0.00032  0.50   95804      31   95789  5720813  59.71
  1961          14      0.00056  0.00056  0.50   95773      53   95747  5625024  58.73
  1961          15      0.00061  0.00061  0.50   95720      58   95691  5529278  57.77
  1961          16      0.00074  0.00074  0.50   95662      71   95627  5433586  56.80
  1961          17      0.00089  0.00089  0.50   95591      85   95549  5337960  55.84
  1961          18      0.00096  0.00095  0.50   95507      91   95461  5242411  54.89
  1961          19      0.00134  0.00134  0.50   95415     128   95352  5146950  53.94
  1961          20      0.00105  0.00105  0.50   95288     100   95238  5051598  53.01
  1961          21      0.00140  0.00140  0.50   95188     133   95122  4956360  52.07
  1961          22      0.00119  0.00118  0.50   95055     113   94999  4861239  51.14
  1961          23      0.00118  0.00117  0.50   94942     112   94887  4766240  50.20
  1961          24      0.00116  0.00116  0.50   94831     110   94776  4671354  49.26
  1961          25      0.00145  0.00145  0.50   94721     137   94652  4576578  48.32
  1961          26      0.00133  0.00133  0.50   94583     126   94520  4481926  47.39
  1961          27      0.00130  0.00130  0.50   94457     122   94396  4387406  46.45
  1961          28      0.00158  0.00158  0.50   94335     149   94260  4293009  45.51
  1961          29      0.00140  0.00140  0.50   94186     132   94120  4198749  44.58
  1961          30      0.00143  0.00143  0.50   94054     135   93987  4104629  43.64
  1961          31      0.00162  0.00162  0.50   93920     152   93843  4010642  42.70
  1961          32      0.00153  0.00152  0.50   93767     143   93696  3916798  41.77
  1961          33      0.00163  0.00163  0.50   93624     152   93548  3823102  40.83
  1961          34      0.00185  0.00185  0.50   93472     173   93386  3729554  39.90
  1961          35      0.00162  0.00162  0.50   93299     151   93223  3636168  38.97
  1961          36      0.00198  0.00197  0.50   93148     184   93056  3542945  38.04
  1961          37      0.00219  0.00219  0.50   92964     203   92862  3449889  37.11
  1961          38      0.00211  0.00211  0.50   92761     196   92663  3357027  36.19
  1961          39      0.00238  0.00238  0.50   92565     220   92455  3264364  35.27
  1961          40      0.00239  0.00239  0.50   92345     220   92235  3171909  34.35
  1961          41      0.00278  0.00278  0.50   92125     256   91997  3079674  33.43
  1961          42      0.00291  0.00291  0.50   91869     267   91735  2987677  32.52
  1961          43      0.00276  0.00276  0.50   91601     252   91475  2895942  31.61
  1961          44      0.00373  0.00372  0.50   91349     340   91179  2804467  30.70
  1961          45      0.00367  0.00366  0.50   91009     333   90842  2713288  29.81
  1961          46      0.00378  0.00377  0.50   90676     342   90505  2622446  28.92
  1961          47      0.00424  0.00423  0.50   90334     382   90143  2531941  28.03
  1961          48      0.00476  0.00475  0.50   89952     427   89738  2441799  27.15
  1961          49      0.00529  0.00528  0.50   89524     472   89288  2352061  26.27
  1961          50      0.00575  0.00574  0.50   89052     511   88797  2262772  25.41
  1961          51      0.00663  0.00661  0.50   88541     585   88249  2173976  24.55
  1961          52      0.00769  0.00766  0.50   87956     674   87619  2085727  23.71
  1961          53      0.00790  0.00787  0.50   87282     687   86939  1998108  22.89
  1961          54      0.00876  0.00872  0.50   86595     755   86218  1911169  22.07
  1961          55      0.00959  0.00954  0.50   85840     819   85430  1824951  21.26
  1961          56      0.01128  0.01122  0.50   85021     954   84544  1739521  20.46
  1961          57      0.01227  0.01220  0.50   84067    1025   83554  1654977  19.69
  1961          58      0.01393  0.01383  0.50   83041    1149   82467  1571422  18.92
  1961          59      0.01458  0.01448  0.50   81893    1185   81300  1488955  18.18
  1961          60      0.01676  0.01662  0.50   80707    1341   80037  1407655  17.44
  1961          61      0.01804  0.01788  0.50   79366    1419   78656  1327619  16.73
  1961          62      0.01997  0.01977  0.50   77947    1541   77177  1248962  16.02
  1961          63      0.02106  0.02084  0.50   76406    1592   75610  1171786  15.34
  1961          64      0.02242  0.02217  0.50   74814    1659   73984  1096176  14.65
  1961          65      0.02549  0.02517  0.50   73155    1842   72234  1022192  13.97
  1961          66      0.02637  0.02602  0.50   71313    1856   70385   949957  13.32
  1961          67      0.02888  0.02847  0.50   69458    1977   68469   879572  12.66
  1961          68      0.03224  0.03173  0.50   67480    2141   66410   811103  12.02
  1961          69      0.03583  0.03520  0.50   65339    2300   64189   744693  11.40
  1961          70      0.03974  0.03896  0.50   63040    2456   61811   680504  10.79
  1961          71      0.04355  0.04262  0.50   60583    2582   59292   618692  10.21
  1961          72      0.04900  0.04783  0.50   58001    2774   56614   559400   9.64
  1961          73      0.05479  0.05333  0.50   55227    2945   53754   502786   9.10
  1961          74      0.05894  0.05726  0.50   52282    2993   50785   449031   8.59
  1961          75      0.06575  0.06366  0.50   49288    3138   47720   398246   8.08
  1961          76      0.07127  0.06882  0.50   46151    3176   44563   350527   7.60
  1961          77      0.08220  0.07896  0.50   42975    3393   41278   305964   7.12
  1961          78      0.09048  0.08657  0.50   39581    3426   37868   264686   6.69
  1961          79      0.09846  0.09384  0.50   36155    3393   34459   226818   6.27
  1961          80      0.10975  0.10404  0.50   32762    3409   31058   192359   5.87
  1961          81      0.12423  0.11697  0.50   29354    3433   27637   161301   5.50
  1961          82      0.13101  0.12296  0.50   25920    3187   24327   133664   5.16
  1961          83      0.15516  0.14399  0.50   22733    3273   21096   109338   4.81
  1961          84      0.16627  0.15351  0.50   19460    2987   17966    88241   4.53
  1961          85      0.17556  0.16139  0.50   16473    2659   15143    70275   4.27
  1961          86      0.19690  0.17926  0.50   13814    2476   12576    55132   3.99
  1961          87      0.21847  0.19696  0.50   11338    2233   10221    42556   3.75
  1961          88      0.22806  0.20472  0.50    9105    1864    8173    32335   3.55
  1961          89      0.23376  0.20930  0.50    7241    1515    6483    24162   3.34
  1961          90      0.27951  0.24523  0.50    5725    1404    5023    17679   3.09
  1961          91      0.29910  0.26019  0.50    4321    1124    3759    12656   2.93
  1961          92      0.29933  0.26036  0.50    3197     832    2781     8897   2.78
  1961          93      0.34018  0.29073  0.50    2365     687    2021     6116   2.59
  1961          94      0.36501  0.30868  0.50    1677     518    1418     4095   2.44
  1961          95      0.39061  0.32679  0.50    1159     379     970     2677   2.31
  1961          96      0.41686  0.34496  0.50     781     269     646     1707   2.19
  1961          97      0.44362  0.36309  0.50     511     186     418     1061   2.07
  1961          98      0.47075  0.38106  0.50     326     124     264      642   1.97
  1961          99      0.49809  0.39878  0.50     202      80     161      379   1.88
  1961         100      0.52548  0.41614  0.50     121      50      96      217   1.79
  1961         101      0.55276  0.43307  0.50      71      31      55      121   1.72
  1961         102      0.57976  0.44947  0.50      40      18      31       66   1.65
  1961         103      0.60633  0.46527  0.50      22      10      17       35   1.58
  1961         104      0.63232  0.48043  0.50      12       6       9       18   1.52
  1961         105      0.65760  0.49488  0.50       6       3       5        9   1.47
  1961         106      0.68205  0.50861  0.50       3       2       2        4   1.43
  1961         107      0.70558  0.52157  0.50       2       1       1        2   1.38
  1961         108      0.72808  0.53377  0.50       1       0       1        1   1.35
  1961         109      0.74951  0.54520  0.50       0       0       0        0   1.32
  1961         110+     0.76981  1.00000  1.30       0       0       0        0   1.30
  1962           0      0.03385  0.03291  0.16  100000    3291   97223  6949743  69.50
  1962           1      0.00195  0.00195  0.50   96709     188   96615  6852521  70.86
  1962           2      0.00104  0.00104  0.50   96521     100   96471  6755906  69.99
  1962           3      0.00100  0.00100  0.50   96421      96   96373  6659435  69.07
  1962           4      0.00071  0.00071  0.50   96324      69   96290  6563062  68.13
  1962           5      0.00072  0.00072  0.50   96256      70   96221  6466772  67.18
  1962           6      0.00050  0.00050  0.50   96186      48   96162  6370551  66.23
  1962           7      0.00029  0.00029  0.50   96138      28   96124  6274389  65.26
  1962           8      0.00046  0.00046  0.50   96110      45   96088  6178265  64.28
  1962           9      0.00036  0.00036  0.50   96066      35   96048  6082176  63.31
  1962          10      0.00032  0.00032  0.50   96031      31   96016  5986128  62.34
  1962          11      0.00038  0.00038  0.50   96000      36   95982  5890112  61.36
  1962          12      0.00044  0.00044  0.50   95964      42   95943  5794130  60.38
  1962          13      0.00042  0.00042  0.50   95922      40   95902  5698187  59.40
  1962          14      0.00054  0.00054  0.50   95881      52   95856  5602286  58.43
  1962          15      0.00068  0.00068  0.50   95830      65   95797  5506430  57.46
  1962          16      0.00076  0.00076  0.50   95765      72   95729  5410633  56.50
  1962          17      0.00088  0.00088  0.50   95692      84   95650  5314904  55.54
  1962          18      0.00106  0.00106  0.50   95608     101   95558  5219254  54.59
  1962          19      0.00107  0.00107  0.50   95507     102   95456  5123696  53.65
  1962          20      0.00113  0.00113  0.50   95406     108   95352  5028240  52.70
  1962          21      0.00120  0.00120  0.50   95298     114   95241  4932888  51.76
  1962          22      0.00108  0.00108  0.50   95184     103   95132  4837647  50.82
  1962          23      0.00114  0.00113  0.50   95081     108   95027  4742515  49.88
  1962          24      0.00103  0.00103  0.50   94973      98   94924  4647488  48.93
  1962          25      0.00129  0.00129  0.50   94875     123   94814  4552564  47.98
  1962          26      0.00129  0.00129  0.50   94753     122   94692  4457750  47.05
  1962          27      0.00117  0.00116  0.50   94631     110   94576  4363058  46.11
  1962          28      0.00139  0.00138  0.50   94521     131   94455  4268482  45.16
  1962          29      0.00126  0.00126  0.50   94390     119   94330  4174027  44.22
  1962          30      0.00127  0.00127  0.50   94271     120   94211  4079697  43.28
  1962          31      0.00177  0.00176  0.50   94151     166   94068  3985486  42.33
  1962          32      0.00166  0.00165  0.50   93985     156   93907  3891418  41.40
  1962          33      0.00189  0.00189  0.50   93830     178   93741  3797510  40.47
  1962          34      0.00177  0.00177  0.50   93652     166   93569  3703770  39.55
  1962          35      0.00173  0.00173  0.50   93486     162   93405  3610201  38.62
  1962          36      0.00173  0.00173  0.50   93324     161   93244  3516795  37.68
  1962          37      0.00213  0.00213  0.50   93163     198   93064  3423552  36.75
  1962          38      0.00208  0.00208  0.50   92964     193   92868  3330488  35.83
  1962          39      0.00229  0.00228  0.50   92771     212   92665  3237620  34.90
  1962          40      0.00263  0.00263  0.50   92559     244   92437  3144955  33.98
  1962          41      0.00256  0.00255  0.50   92316     236   92198  3052518  33.07
  1962          42      0.00271  0.00271  0.50   92080     249   91955  2960320  32.15
  1962          43      0.00320  0.00320  0.50   91831     294   91684  2868365  31.24
  1962          44      0.00364  0.00363  0.50   91537     332   91371  2776681  30.33
  1962          45      0.00413  0.00412  0.50   91205     376   91017  2685310  29.44
  1962          46      0.00415  0.00414  0.50   90829     376   90641  2594293  28.56
  1962          47      0.00441  0.00440  0.50   90453     398   90254  2503652  27.68
  1962          48      0.00481  0.00479  0.50   90055     432   89839  2413398  26.80
  1962          49      0.00542  0.00540  0.50   89623     484   89381  2323559  25.93
  1962          50      0.00598  0.00596  0.50   89139     531   88873  2234178  25.06
  1962          51      0.00624  0.00622  0.50   88608     551   88332  2145305  24.21
  1962          52      0.00736  0.00733  0.50   88056     646   87734  2056973  23.36
  1962          53      0.00773  0.00770  0.50   87411     673   87074  1969239  22.53
  1962          54      0.00916  0.00912  0.50   86738     791   86342  1882165  21.70
  1962          55      0.00980  0.00975  0.50   85947     838   85528  1795823  20.89
  1962          56      0.01082  0.01076  0.50   85109     916   84651  1710295  20.10
  1962          57      0.01206  0.01199  0.50   84193    1009   83688  1625644  19.31
  1962          58      0.01410  0.01400  0.50   83183    1164   82601  1541956  18.54
  1962          59      0.01512  0.01501  0.50   82019    1231   81403  1459355  17.79
  1962          60      0.01677  0.01663  0.50   80788    1343   80116  1377952  17.06
  1962          61      0.01807  0.01791  0.50   79444    1423   78733  1297835  16.34
  1962          62      0.01997  0.01977  0.50   78021    1543   77250  1219102  15.63
  1962          63      0.02171  0.02147  0.50   76479    1642   75658  1141852  14.93
  1962          64      0.02516  0.02485  0.50   74837    1860   73907  1066195  14.25
  1962          65      0.02519  0.02488  0.50   72977    1816   72069   992288  13.60
  1962          66      0.02737  0.02700  0.50   71161    1921   70201   920219  12.93
  1962          67      0.03177  0.03127  0.50   69240    2165   68157   850018  12.28
  1962          68      0.03392  0.03335  0.50   67075    2237   65956   781861  11.66
  1962          69      0.03711  0.03643  0.50   64838    2362   63657   715905  11.04
  1962          70      0.04364  0.04270  0.50   62476    2668   61142   652248  10.44
  1962          71      0.04535  0.04434  0.50   59808    2652   58482   591107   9.88
  1962          72      0.05210  0.05077  0.50   57155    2902   55704   532625   9.32
  1962          73      0.05596  0.05443  0.50   54254    2953   52777   476921   8.79
  1962          74      0.06305  0.06113  0.50   51300    3136   49732   424144   8.27
  1962          75      0.06923  0.06691  0.50   48165    3223   46553   374411   7.77
  1962          76      0.07520  0.07247  0.50   44942    3257   43313   327858   7.30
  1962          77      0.08481  0.08136  0.50   41685    3392   39989   284545   6.83
  1962          78      0.09466  0.09038  0.50   38293    3461   36563   244556   6.39
  1962          79      0.10721  0.10175  0.50   34832    3544   33060   207994   5.97
  1962          80      0.11613  0.10976  0.50   31288    3434   29571   174934   5.59
  1962          81      0.12793  0.12024  0.50   27854    3349   26179   145363   5.22
  1962          82      0.14336  0.13377  0.50   24505    3278   22866   119183   4.86
  1962          83      0.15985  0.14802  0.50   21227    3142   19656    96318   4.54
  1962          84      0.17555  0.16139  0.50   18085    2919   16625    76662   4.24
  1962          85      0.18890  0.17260  0.50   15166    2618   13857    60037   3.96
  1962          86      0.21545  0.19450  0.50   12548    2441   11328    46180   3.68
  1962          87      0.23469  0.21004  0.50   10108    2123    9046    34852   3.45
  1962          88      0.27040  0.23819  0.50    7985    1902    7034    25805   3.23
  1962          89      0.25457  0.22583  0.50    6083    1374    5396    18772   3.09
  1962          90      0.28720  0.25113  0.50    4709    1183    4118    13376   2.84
  1962          91      0.32980  0.28311  0.50    3527     998    3027     9258   2.63
  1962          92      0.36088  0.30572  0.50    2528     773    2142     6231   2.46
  1962          93      0.38291  0.32138  0.50    1755     564    1473     4089   2.33
  1962          94      0.41147  0.34126  0.50    1191     406     988     2616   2.20
  1962          95      0.44063  0.36108  0.50     785     283     643     1628   2.07
  1962          96      0.47022  0.38071  0.50     501     191     406      985   1.96
  1962          97      0.50002  0.40001  0.50     310     124     248      579   1.86
  1962          98      0.52984  0.41887  0.50     186      78     147      331   1.77
  1962          99      0.55945  0.43716  0.50     108      47      85      183   1.69
  1962         100      0.58866  0.45480  0.50      61      28      47       99   1.62
  1962         101      0.61726  0.47169  0.50      33      16      25       52   1.55
  1962         102      0.64509  0.48777  0.50      18       9      13       26   1.49
  1962         103      0.67199  0.50299  0.50       9       5       7       13   1.44
  1962         104      0.69781  0.51732  0.50       4       2       3        6   1.39
  1962         105      0.72245  0.53074  0.50       2       1       2        3   1.35
  1962         106      0.74583  0.54325  0.50       1       1       1        1   1.31
  1962         107      0.76788  0.55485  0.50       0       0       0        1   1.28
  1962         108      0.78858  0.56558  0.50       0       0       0        0   1.25
  1962         109      0.80790  0.57545  0.50       0       0       0        0   1.23
  1962         110+     0.82585  1.00000  1.21       0       0       0        0   1.21
  1963           0      0.03196  0.03111  0.15  100000    3111   97354  6965299  69.65
  1963           1      0.00224  0.00223  0.50   96889     216   96781  6867945  70.88
  1963           2      0.00126  0.00126  0.50   96673     122   96612  6771165  70.04
  1963           3      0.00094  0.00094  0.50   96551      91   96506  6674553  69.13
  1963           4      0.00077  0.00077  0.50   96460      74   96423  6578047  68.19
  1963           5      0.00070  0.00070  0.50   96386      68   96352  6481624  67.25
  1963           6      0.00044  0.00044  0.50   96318      42   96297  6385271  66.29
  1963           7      0.00043  0.00043  0.50   96276      42   96255  6288974  65.32
  1963           8      0.00040  0.00040  0.50   96235      38   96215  6192719  64.35
  1963           9      0.00036  0.00036  0.50   96196      35   96179  6096503  63.38
  1963          10      0.00039  0.00039  0.50   96162      38   96143  6000324  62.40
  1963          11      0.00038  0.00038  0.50   96124      37   96106  5904182  61.42
  1963          12      0.00036  0.00036  0.50   96087      34   96070  5808076  60.45
  1963          13      0.00027  0.00027  0.50   96053      26   96040  5712006  59.47
  1963          14      0.00055  0.00055  0.50   96028      53   96001  5615966  58.48
  1963          15      0.00058  0.00057  0.50   95974      55   95947  5519965  57.51
  1963          16      0.00085  0.00085  0.50   95919      82   95878  5424018  56.55
  1963          17      0.00073  0.00073  0.50   95837      70   95802  5328140  55.60
  1963          18      0.00105  0.00105  0.50   95767     101   95717  5232338  54.64
  1963          19      0.00127  0.00127  0.50   95666     121   95606  5136621  53.69
  1963          20      0.00123  0.00123  0.50   95545     118   95486  5041015  52.76
  1963          21      0.00116  0.00116  0.50   95427     111   95372  4945530  51.83
  1963          22      0.00116  0.00116  0.50   95316     111   95261  4850158  50.88
  1963          23      0.00125  0.00125  0.50   95205     119   95146  4754897  49.94
  1963          24      0.00107  0.00107  0.50   95086     102   95035  4659752  49.01
  1963          25      0.00135  0.00135  0.50   94984     128   94920  4564716  48.06
  1963          26      0.00102  0.00102  0.50   94856      97   94808  4469796  47.12
  1963          27      0.00123  0.00123  0.50   94759     117   94701  4374988  46.17
  1963          28      0.00125  0.00125  0.50   94642     119   94583  4280288  45.23
  1963          29      0.00140  0.00140  0.50   94524     132   94458  4185705  44.28
  1963          30      0.00127  0.00127  0.50   94392     120   94332  4091247  43.34
  1963          31      0.00151  0.00151  0.50   94272     142   94201  3996915  42.40
  1963          32      0.00157  0.00156  0.50   94130     147   94056  3902714  41.46
  1963          33      0.00173  0.00173  0.50   93982     163   93901  3808658  40.53
  1963          34      0.00171  0.00171  0.50   93820     160   93740  3714756  39.59
  1963          35      0.00194  0.00194  0.50   93660     182   93569  3621017  38.66
  1963          36      0.00191  0.00191  0.50   93478     178   93389  3527448  37.74
  1963          37      0.00221  0.00220  0.50   93300     206   93197  3434059  36.81
  1963          38      0.00192  0.00192  0.50   93094     178   93005  3340863  35.89
  1963          39      0.00274  0.00273  0.50   92916     254   92788  3247858  34.95
  1963          40      0.00256  0.00256  0.50   92661     237   92543  3155069  34.05
  1963          41      0.00260  0.00260  0.50   92424     240   92305  3062527  33.14
  1963          42      0.00275  0.00275  0.50   92185     253   92058  2970222  32.22
  1963          43      0.00318  0.00318  0.50   91931     292   91785  2878164  31.31
  1963          44      0.00351  0.00351  0.50   91639     321   91479  2786379  30.41
  1963          45      0.00362  0.00362  0.50   91318     330   91153  2694900  29.51
  1963          46      0.00414  0.00413  0.50   90988     376   90800  2603748  28.62
  1963          47      0.00457  0.00456  0.50   90612     413   90405  2512948  27.73
  1963          48      0.00449  0.00448  0.50   90199     404   89997  2422543  26.86
  1963          49      0.00530  0.00528  0.50   89795     474   89558  2332546  25.98
  1963          50      0.00633  0.00631  0.50   89321     564   89039  2242989  25.11
  1963          51      0.00611  0.00609  0.50   88757     541   88487  2153950  24.27
  1963          52      0.00716  0.00713  0.50   88216     629   87902  2065463  23.41
  1963          53      0.00761  0.00758  0.50   87587     664   87255  1977562  22.58
  1963          54      0.00834  0.00831  0.50   86923     722   86562  1890306  21.75
  1963          55      0.00910  0.00906  0.50   86201     781   85811  1803744  20.92
  1963          56      0.01027  0.01021  0.50   85421     873   84984  1717933  20.11
  1963          57      0.01176  0.01169  0.50   84548     989   84054  1632949  19.31
  1963          58      0.01388  0.01378  0.50   83559    1152   82984  1548895  18.54
  1963          59      0.01506  0.01495  0.50   82408    1232   81792  1465911  17.79
  1963          60      0.01671  0.01658  0.50   81176    1346   80503  1384120  17.05
  1963          61      0.01905  0.01887  0.50   79830    1507   79077  1303617  16.33
  1963          62      0.01966  0.01947  0.50   78324    1525   77561  1224540  15.63
  1963          63      0.02189  0.02165  0.50   76799    1663   75967  1146979  14.93
  1963          64      0.02375  0.02347  0.50   75136    1764   74254  1071012  14.25
  1963          65      0.02699  0.02663  0.50   73372    1954   72395   996758  13.58
  1963          66      0.02934  0.02892  0.50   71418    2065   70385   924363  12.94
  1963          67      0.03166  0.03116  0.50   69353    2161   68272   853977  12.31
  1963          68      0.03554  0.03492  0.50   67191    2346   66018   785705  11.69
  1963          69      0.03742  0.03673  0.50   64845    2382   63654   719687  11.10
  1963          70      0.04130  0.04047  0.50   62463    2528   61200   656033  10.50
  1963          71      0.04581  0.04478  0.50   59936    2684   58594   594833   9.92
  1963          72      0.05150  0.05020  0.50   57252    2874   55814   536239   9.37
  1963          73      0.05649  0.05494  0.50   54377    2987   52884   480425   8.84
  1963          74      0.06145  0.05962  0.50   51390    3064   49858   427541   8.32
  1963          75      0.06736  0.06517  0.50   48326    3149   46752   377683   7.82
  1963          76      0.07754  0.07465  0.50   45177    3372   43491   330931   7.33
  1963          77      0.08499  0.08152  0.50   41805    3408   40101   287441   6.88
  1963          78      0.09278  0.08867  0.50   38397    3405   36694   247340   6.44
  1963          79      0.10523  0.09997  0.50   34992    3498   33243   210646   6.02
  1963          80      0.11680  0.11035  0.50   31494    3475   29756   177403   5.63
  1963          81      0.12997  0.12204  0.50   28018    3419   26309   147647   5.27
  1963          82      0.13994  0.13079  0.50   24599    3217   22990   121338   4.93
  1963          83      0.15619  0.14488  0.50   21382    3098   19833    98348   4.60
  1963          84      0.17323  0.15942  0.50   18284    2915   16827    78515   4.29
  1963          85      0.18613  0.17029  0.50   15369    2617   14061    61688   4.01
  1963          86      0.20807  0.18846  0.50   12752    2403   11550    47628   3.73
  1963          87      0.22546  0.20262  0.50   10349    2097    9300    36077   3.49
  1963          88      0.25250  0.22419  0.50    8252    1850    7327    26777   3.24
  1963          89      0.27242  0.23976  0.50    6402    1535    5634    19450   3.04
  1963          90      0.27189  0.23935  0.50    4867    1165    4285    13816   2.84
  1963          91      0.35207  0.29937  0.50    3702    1108    3148     9531   2.57
  1963          92      0.36333  0.30747  0.50    2594     798    2195     6383   2.46
  1963          93      0.40165  0.33448  0.50    1796     601    1496     4188   2.33
  1963          94      0.40055  0.33371  0.50    1195     399     996     2692   2.25
  1963          95      0.42846  0.35286  0.50     797     281     656     1696   2.13
  1963          96      0.45677  0.37185  0.50     515     192     420     1040   2.02
  1963          97      0.48532  0.39055  0.50     324     126     261      621   1.92
  1963          98      0.51391  0.40885  0.50     197      81     157      360   1.83
  1963          99      0.54236  0.42666  0.50     117      50      92      203   1.74
  1963         100      0.57050  0.44388  0.50      67      30      52      112   1.67
  1963         101      0.59814  0.46044  0.50      37      17      29       60   1.60
  1963         102      0.62514  0.47627  0.50      20      10      15       31   1.54
  1963         103      0.65135  0.49133  0.50      11       5       8       16   1.48
  1963         104      0.67664  0.50559  0.50       5       3       4        8   1.43
  1963         105      0.70092  0.51902  0.50       3       1       2        4   1.39
  1963         106      0.72410  0.53162  0.50       1       1       1        2   1.35
  1963         107      0.74612  0.54340  0.50       1       0       0        1   1.31
  1963         108      0.76693  0.55435  0.50       0       0       0        0   1.28
  1963         109      0.78651  0.56451  0.50       0       0       0        0   1.26
  1963         110+     0.80486  1.00000  1.24       0       0       0        0   1.24
  1964           0      0.02990  0.02915  0.14  100000    2915   97499  7011916  70.12
  1964           1      0.00226  0.00226  0.50   97085     220   96975  6914417  71.22
  1964           2      0.00117  0.00117  0.50   96865     113   96808  6817442  70.38
  1964           3      0.00089  0.00089  0.50   96752      86   96709  6720633  69.46
  1964           4      0.00067  0.00067  0.50   96666      65   96634  6623924  68.52
  1964           5      0.00068  0.00068  0.50   96601      66   96568  6527291  67.57
  1964           6      0.00052  0.00052  0.50   96535      50   96510  6430723  66.62
  1964           7      0.00047  0.00047  0.50   96485      45   96462  6334213  65.65
  1964           8      0.00033  0.00033  0.50   96440      32   96424  6237750  64.68
  1964           9      0.00059  0.00059  0.50   96408      57   96380  6141326  63.70
  1964          10      0.00048  0.00048  0.50   96352      46   96329  6044946  62.74
  1964          11      0.00037  0.00037  0.50   96306      36   96288  5948617  61.77
  1964          12      0.00037  0.00037  0.50   96270      35   96252  5852330  60.79
  1964          13      0.00028  0.00028  0.50   96234      27   96221  5756078  59.81
  1964          14      0.00060  0.00060  0.50   96207      58   96178  5659857  58.83
  1964          15      0.00073  0.00072  0.50   96149      70   96115  5563678  57.86
  1964          16      0.00082  0.00082  0.50   96080      78   96041  5467564  56.91
  1964          17      0.00082  0.00082  0.50   96001      79   95962  5371523  55.95
  1964          18      0.00110  0.00110  0.50   95923     105   95870  5275561  55.00
  1964          19      0.00095  0.00095  0.50   95817      91   95772  5179691  54.06
  1964          20      0.00113  0.00113  0.50   95726     109   95672  5083919  53.11
  1964          21      0.00146  0.00146  0.50   95618     140   95548  4988247  52.17
  1964          22      0.00101  0.00101  0.50   95478      97   95430  4892699  51.24
  1964          23      0.00122  0.00122  0.50   95381     116   95323  4797270  50.30
  1964          24      0.00129  0.00128  0.50   95265     122   95204  4701946  49.36
  1964          25      0.00118  0.00118  0.50   95143     112   95087  4606742  48.42
  1964          26      0.00122  0.00121  0.50   95031     115   94973  4511656  47.48
  1964          27      0.00133  0.00133  0.50   94915     126   94852  4416683  46.53
  1964          28      0.00122  0.00122  0.50   94789     116   94731  4321831  45.59
  1964          29      0.00148  0.00148  0.50   94674     140   94603  4227099  44.65
  1964          30      0.00127  0.00127  0.50   94533     120   94473  4132496  43.71
  1964          31      0.00139  0.00139  0.50   94413     131   94348  4038022  42.77
  1964          32      0.00154  0.00154  0.50   94283     145   94210  3943674  41.83
  1964          33      0.00170  0.00169  0.50   94137     159   94058  3849464  40.89
  1964          34      0.00151  0.00151  0.50   93978     142   93907  3755407  39.96
  1964          35      0.00170  0.00170  0.50   93836     159   93756  3661500  39.02
  1964          36      0.00213  0.00213  0.50   93676     199   93577  3567744  38.09
  1964          37      0.00211  0.00211  0.50   93477     197   93379  3474167  37.17
  1964          38      0.00193  0.00193  0.50   93280     180   93190  3380789  36.24
  1964          39      0.00249  0.00248  0.50   93100     231   92984  3287599  35.31
  1964          40      0.00225  0.00225  0.50   92869     209   92764  3194615  34.40
  1964          41      0.00253  0.00252  0.50   92660     234   92543  3101851  33.48
  1964          42      0.00256  0.00256  0.50   92426     236   92308  3009308  32.56
  1964          43      0.00300  0.00300  0.50   92190     276   92052  2917000  31.64
  1964          44      0.00308  0.00307  0.50   91913     283   91772  2824948  30.73
  1964          45      0.00373  0.00372  0.50   91631     341   91460  2733176  29.83
  1964          46      0.00463  0.00462  0.50   91290     421   91079  2641716  28.94
  1964          47      0.00395  0.00394  0.50   90868     358   90689  2550637  28.07
  1964          48      0.00487  0.00486  0.50   90510     440   90290  2459948  27.18
  1964          49      0.00532  0.00530  0.50   90070     478   89831  2369658  26.31
  1964          50      0.00587  0.00585  0.50   89592     524   89330  2279826  25.45
  1964          51      0.00639  0.00637  0.50   89068     567   88785  2190496  24.59
  1964          52      0.00697  0.00695  0.50   88501     615   88194  2101711  23.75
  1964          53      0.00773  0.00770  0.50   87887     677   87548  2013517  22.91
  1964          54      0.00889  0.00885  0.50   87210     772   86824  1925969  22.08
  1964          55      0.00948  0.00943  0.50   86438     815   86031  1839144  21.28
  1964          56      0.01023  0.01018  0.50   85623     872   85187  1753114  20.47
  1964          57      0.01100  0.01094  0.50   84751     927   84288  1667927  19.68
  1964          58      0.01217  0.01210  0.50   83824    1014   83317  1583639  18.89
  1964          59      0.01461  0.01451  0.50   82810    1201   82209  1500321  18.12
  1964          60      0.01636  0.01623  0.50   81609    1324   80947  1418112  17.38
  1964          61      0.01732  0.01717  0.50   80284    1378   79595  1337165  16.66
  1964          62      0.01944  0.01925  0.50   78906    1519   78147  1257570  15.94
  1964          63      0.02079  0.02057  0.50   77387    1592   76591  1179423  15.24
  1964          64      0.02506  0.02475  0.50   75795    1876   74857  1102832  14.55
  1964          65      0.02720  0.02683  0.50   73919    1983   72928  1027975  13.91
  1964          66      0.02844  0.02804  0.50   71936    2017   70927   955048  13.28
  1964          67      0.03057  0.03011  0.50   69919    2105   68866   884120  12.64
  1964          68      0.03299  0.03245  0.50   67814    2201   66713   815254  12.02
  1964          69      0.03694  0.03627  0.50   65613    2380   64423   748540  11.41
  1964          70      0.04049  0.03968  0.50   63233    2509   61979   684117  10.82
  1964          71      0.04397  0.04302  0.50   60724    2613   59418   622139  10.25
  1964          72      0.04819  0.04705  0.50   58112    2734   56744   562721   9.68
  1964          73      0.05450  0.05306  0.50   55377    2938   53908   505976   9.14
  1964          74      0.06038  0.05861  0.50   52439    3074   50902   452068   8.62
  1964          75      0.06546  0.06338  0.50   49366    3129   47801   401166   8.13
  1964          76      0.07207  0.06956  0.50   46237    3216   44628   353365   7.64
  1964          77      0.07838  0.07542  0.50   43020    3245   41398   308736   7.18
  1964          78      0.08923  0.08542  0.50   39776    3398   38077   267338   6.72
  1964          79      0.09566  0.09129  0.50   36378    3321   34718   229261   6.30
  1964          80      0.10852  0.10293  0.50   33057    3403   31356   194544   5.89
  1964          81      0.12130  0.11437  0.50   29654    3391   27959   163188   5.50
  1964          82      0.13411  0.12568  0.50   26263    3301   24613   135229   5.15
  1964          83      0.14942  0.13903  0.50   22962    3192   21366   110617   4.82
  1964          84      0.17152  0.15797  0.50   19770    3123   18208    89251   4.51
  1964          85      0.18227  0.16704  0.50   16647    2781   15256    71043   4.27
  1964          86      0.18840  0.17218  0.50   13866    2387   12672    55787   4.02
  1964          87      0.21220  0.19185  0.50   11479    2202   10377    43114   3.76
  1964          88      0.22241  0.20015  0.50    9276    1857    8348    32737   3.53
  1964          89      0.25245  0.22416  0.50    7420    1663    6588    24389   3.29
  1964          90      0.27350  0.24059  0.50    5757    1385    5064    17801   3.09
  1964          91      0.29017  0.25340  0.50    4372    1108    3818    12737   2.91
  1964          92      0.31979  0.27571  0.50    3264     900    2814     8919   2.73
  1964          93      0.34065  0.29107  0.50    2364     688    2020     6105   2.58
  1964          94      0.36561  0.30910  0.50    1676     518    1417     4085   2.44
  1964          95      0.39133  0.32729  0.50    1158     379     968     2668   2.30
  1964          96      0.41769  0.34552  0.50     779     269     644     1700   2.18
  1964          97      0.44454  0.36370  0.50     510     185     417     1056   2.07
  1964          98      0.47175  0.38171  0.50     324     124     262      639   1.97
  1964          99      0.49915  0.39945  0.50     201      80     160      376   1.88
  1964         100      0.52657  0.41683  0.50     120      50      95      216   1.79
  1964         101      0.55386  0.43375  0.50      70      30      55      120   1.71
  1964         102      0.58086  0.45013  0.50      40      18      31       65   1.64
  1964         103      0.60741  0.46591  0.50      22      10      17       35   1.58
  1964         104      0.63336  0.48103  0.50      12       6       9       18   1.52
  1964         105      0.65858  0.49544  0.50       6       3       5        9   1.47
  1964         106      0.68296  0.50911  0.50       3       2       2        4   1.42
  1964         107      0.70640  0.52202  0.50       2       1       1        2   1.38
  1964         108      0.72881  0.53416  0.50       1       0       1        1   1.35
  1964         109      0.75014  0.54553  0.50       0       0       0        0   1.32
  1964         110+     0.77034  1.00000  1.30       0       0       0        0   1.30
  1965           0      0.02833  0.02765  0.14  100000    2765   97612  6992949  69.93
  1965           1      0.00217  0.00217  0.50   97235     211   97129  6895337  70.91
  1965           2      0.00119  0.00119  0.50   97024     115   96966  6798208  70.07
  1965           3      0.00086  0.00086  0.50   96908      83   96867  6701242  69.15
  1965           4      0.00063  0.00063  0.50   96825      61   96795  6604375  68.21
  1965           5      0.00052  0.00052  0.50   96764      51   96739  6507580  67.25
  1965           6      0.00063  0.00063  0.50   96713      60   96683  6410842  66.29
  1965           7      0.00042  0.00042  0.50   96653      41   96633  6314159  65.33
  1965           8      0.00044  0.00044  0.50   96612      42   96591  6217526  64.36
  1965           9      0.00042  0.00042  0.50   96570      41   96549  6120935  63.38
  1965          10      0.00050  0.00050  0.50   96529      48   96505  6024386  62.41
  1965          11      0.00038  0.00038  0.50   96481      36   96463  5927880  61.44
  1965          12      0.00042  0.00042  0.50   96445      41   96425  5831417  60.46
  1965          13      0.00032  0.00032  0.50   96404      31   96389  5734993  59.49
  1965          14      0.00041  0.00041  0.50   96373      40   96353  5638604  58.51
  1965          15      0.00059  0.00059  0.50   96333      57   96305  5542251  57.53
  1965          16      0.00057  0.00057  0.50   96276      55   96249  5445946  56.57
  1965          17      0.00087  0.00087  0.50   96221      84   96179  5349698  55.60
  1965          18      0.00105  0.00105  0.50   96138     101   96087  5253518  54.65
  1965          19      0.00110  0.00110  0.50   96037     106   95984  5157431  53.70
  1965          20      0.00098  0.00098  0.50   95931      94   95884  5061447  52.76
  1965          21      0.00108  0.00108  0.50   95837     104   95785  4965563  51.81
  1965          22      0.00106  0.00106  0.50   95733     102   95682  4869778  50.87
  1965          23      0.00098  0.00098  0.50   95631      94   95585  4774096  49.92
  1965          24      0.00102  0.00102  0.50   95538      97   95489  4678511  48.97
  1965          25      0.00112  0.00112  0.50   95440     106   95387  4583022  48.02
  1965          26      0.00101  0.00101  0.50   95334      96   95286  4487635  47.07
  1965          27      0.00088  0.00088  0.50   95237      84   95195  4392350  46.12
  1965          28      0.00129  0.00129  0.50   95153     123   95092  4297155  45.16
  1965          29      0.00114  0.00114  0.50   95031     108   94976  4202063  44.22
  1965          30      0.00141  0.00141  0.50   94922     134   94855  4107086  43.27
  1965          31      0.00166  0.00166  0.50   94788     158   94709  4012231  42.33
  1965          32      0.00169  0.00169  0.50   94631     160   94551  3917522  41.40
  1965          33      0.00162  0.00162  0.50   94471     153   94394  3822971  40.47
  1965          34      0.00166  0.00166  0.50   94318     156   94240  3728577  39.53
  1965          35      0.00194  0.00194  0.50   94162     183   94070  3634337  38.60
  1965          36      0.00199  0.00199  0.50   93979     187   93885  3540267  37.67
  1965          37      0.00226  0.00225  0.50   93792     211   93686  3446381  36.74
  1965          38      0.00202  0.00202  0.50   93581     189   93486  3352695  35.83
  1965          39      0.00251  0.00251  0.50   93392     234   93274  3259209  34.90
  1965          40      0.00246  0.00245  0.50   93157     229   93043  3165934  33.98
  1965          41      0.00287  0.00286  0.50   92929     266   92796  3072891  33.07
  1965          42      0.00288  0.00288  0.50   92663     266   92529  2980096  32.16
  1965          43      0.00308  0.00307  0.50   92396     284   92254  2887566  31.25
  1965          44      0.00339  0.00339  0.50   92112     312   91956  2795312  30.35
  1965          45      0.00388  0.00388  0.50   91800     356   91622  2703356  29.45
  1965          46      0.00409  0.00408  0.50   91445     373   91258  2611733  28.56
  1965          47      0.00466  0.00465  0.50   91071     423   90860  2520475  27.68
  1965          48      0.00498  0.00497  0.50   90648     450   90423  2429616  26.80
  1965          49      0.00535  0.00533  0.50   90198     481   89957  2339193  25.93
  1965          50      0.00592  0.00590  0.50   89717     529   89452  2249236  25.07
  1965          51      0.00649  0.00647  0.50   89187     577   88899  2159784  24.22
  1965          52      0.00645  0.00643  0.50   88611     569   88326  2070885  23.37
  1965          53      0.00723  0.00720  0.50   88041     634   87724  1982559  22.52
  1965          54      0.00826  0.00823  0.50   87407     719   87047  1894835  21.68
  1965          55      0.00978  0.00973  0.50   86688     843   86266  1807788  20.85
  1965          56      0.01092  0.01086  0.50   85844     932   85378  1721522  20.05
  1965          57      0.01184  0.01177  0.50   84912    1000   84413  1636143  19.27
  1965          58      0.01311  0.01302  0.50   83913    1093   83366  1551731  18.49
  1965          59      0.01461  0.01451  0.50   82820    1201   82219  1468364  17.73
  1965          60      0.01582  0.01570  0.50   81618    1281   80978  1386145  16.98
  1965          61      0.01868  0.01851  0.50   80337    1487   79594  1305167  16.25
  1965          62      0.02052  0.02031  0.50   78850    1601   78049  1225574  15.54
  1965          63      0.02257  0.02232  0.50   77249    1724   76387  1147524  14.85
  1965          64      0.02386  0.02358  0.50   75525    1781   74634  1071137  14.18
  1965          65      0.02775  0.02737  0.50   73744    2019   72735   996503  13.51
  1965          66      0.03003  0.02959  0.50   71725    2122   70664   923769  12.88
  1965          67      0.03205  0.03154  0.50   69603    2195   68505   853105  12.26
  1965          68      0.03571  0.03509  0.50   67408    2365   66225   784599  11.64
  1965          69      0.03984  0.03906  0.50   65043    2541   63772   718374  11.04
  1965          70      0.04334  0.04242  0.50   62502    2651   61176   654602  10.47
  1965          71      0.04690  0.04582  0.50   59851    2743   58479   593426   9.92
  1965          72      0.05085  0.04959  0.50   57108    2832   55692   534946   9.37
  1965          73      0.05682  0.05525  0.50   54276    2999   52777   479254   8.83
  1965          74      0.05998  0.05823  0.50   51278    2986   49785   426477   8.32
  1965          75      0.07180  0.06931  0.50   48292    3347   46618   376693   7.80
  1965          76      0.07359  0.07098  0.50   44944    3190   43349   330074   7.34
  1965          77      0.08501  0.08154  0.50   41754    3405   40052   286725   6.87
  1965          78      0.09631  0.09189  0.50   38350    3524   36588   246673   6.43
  1965          79      0.10368  0.09857  0.50   34826    3433   33109   210085   6.03
  1965          80      0.11448  0.10828  0.50   31393    3399   29693   176976   5.64
  1965          81      0.12796  0.12026  0.50   27994    3367   26310   147283   5.26
  1965          82      0.14140  0.13206  0.50   24627    3252   23001   120972   4.91
  1965          83      0.15995  0.14810  0.50   21375    3166   19792    97971   4.58
  1965          84      0.17464  0.16062  0.50   18209    2925   16747    78179   4.29
  1965          85      0.19303  0.17604  0.50   15284    2691   13939    61433   4.02
  1965          86      0.20756  0.18804  0.50   12594    2368   11410    47494   3.77
  1965          87      0.22878  0.20530  0.50   10226    2099    9176    36084   3.53
  1965          88      0.24399  0.21746  0.50    8126    1767    7243    26908   3.31
  1965          89      0.27440  0.24129  0.50    6359    1534    5592    19666   3.09
  1965          90      0.29616  0.25796  0.50    4825    1245    4202    14074   2.92
  1965          91      0.29810  0.25943  0.50    3580     929    3116     9871   2.76
  1965          92      0.34284  0.29267  0.50    2651     776    2263     6756   2.55
  1965          93      0.37122  0.31310  0.50    1875     587    1582     4492   2.40
  1965          94      0.39862  0.33237  0.50    1288     428    1074     2910   2.26
  1965          95      0.42669  0.35166  0.50     860     302     709     1836   2.14
  1965          96      0.45526  0.37084  0.50     558     207     454     1128   2.02
  1965          97      0.48415  0.38979  0.50     351     137     282      673   1.92
  1965          98      0.51317  0.40839  0.50     214      87     170      391   1.83
  1965          99      0.54213  0.42652  0.50     127      54     100      221   1.74
  1965         100      0.57084  0.44409  0.50      73      32      57      121   1.67
  1965         101      0.59911  0.46101  0.50      40      19      31       64   1.60
  1965         102      0.62675  0.47721  0.50      22      10      17       33   1.53
  1965         103      0.65363  0.49263  0.50      11       6       9       17   1.48
  1965         104      0.67958  0.50723  0.50       6       3       4        8   1.43
  1965         105      0.70450  0.52098  0.50       3       1       2        4   1.38
  1965         106      0.72828  0.53387  0.50       1       1       1        2   1.34
  1965         107      0.75084  0.54590  0.50       1       0       0        1   1.31
  1965         108      0.77214  0.55707  0.50       0       0       0        0   1.28
  1965         109      0.79215  0.56741  0.50       0       0       0        0   1.25
  1965         110+     0.81084  1.00000  1.23       0       0       0        0   1.23
  1966           0      0.02872  0.02802  0.14  100000    2802   97584  7022137  70.22
  1966           1      0.00188  0.00188  0.50   97198     182   97106  6924552  71.24
  1966           2      0.00107  0.00107  0.50   97015     104   96963  6827446  70.38
  1966           3      0.00080  0.00080  0.50   96911      78   96872  6730483  69.45
  1966           4      0.00063  0.00063  0.50   96833      61   96803  6633611  68.51
  1966           5      0.00061  0.00061  0.50   96772      59   96742  6536808  67.55
  1966           6      0.00060  0.00060  0.50   96713      58   96684  6440066  66.59
  1966           7      0.00055  0.00055  0.50   96655      53   96628  6343382  65.63
  1966           8      0.00035  0.00035  0.50   96602      34   96585  6246754  64.67
  1966           9      0.00038  0.00038  0.50   96568      36   96550  6150169  63.69
  1966          10      0.00044  0.00044  0.50   96531      42   96510  6053619  62.71
  1966          11      0.00032  0.00032  0.50   96489      30   96474  5957109  61.74
  1966          12      0.00045  0.00045  0.50   96459      43   96437  5860635  60.76
  1966          13      0.00035  0.00035  0.50   96416      34   96399  5764198  59.78
  1966          14      0.00043  0.00043  0.50   96382      41   96361  5667799  58.81
  1966          15      0.00046  0.00046  0.50   96341      45   96319  5571438  57.83
  1966          16      0.00085  0.00085  0.50   96296      82   96255  5475119  56.86
  1966          17      0.00102  0.00102  0.50   96214      99   96165  5378864  55.90
  1966          18      0.00104  0.00104  0.50   96116     100   96066  5282699  54.96
  1966          19      0.00105  0.00105  0.50   96016     101   95965  5186633  54.02
  1966          20      0.00134  0.00134  0.50   95915     128   95851  5090668  53.07
  1966          21      0.00120  0.00120  0.50   95787     115   95729  4994817  52.15
  1966          22      0.00118  0.00118  0.50   95672     113   95615  4899088  51.21
  1966          23      0.00126  0.00126  0.50   95559     120   95499  4803473  50.27
  1966          24      0.00107  0.00107  0.50   95439     102   95388  4707974  49.33
  1966          25      0.00122  0.00121  0.50   95337     116   95279  4612586  48.38
  1966          26      0.00124  0.00124  0.50   95221     118   95162  4517308  47.44
  1966          27      0.00126  0.00126  0.50   95103     120   95043  4422146  46.50
  1966          28      0.00141  0.00140  0.50   94983     133   94916  4327103  45.56
  1966          29      0.00126  0.00126  0.50   94849     119   94790  4232187  44.62
  1966          30      0.00126  0.00126  0.50   94730     120   94670  4137397  43.68
  1966          31      0.00148  0.00148  0.50   94611     140   94540  4042727  42.73
  1966          32      0.00166  0.00165  0.50   94470     156   94392  3948186  41.79
  1966          33      0.00173  0.00173  0.50   94314     163   94233  3853794  40.86
  1966          34      0.00168  0.00168  0.50   94151     158   94072  3759562  39.93
  1966          35      0.00205  0.00204  0.50   93993     192   93897  3665490  39.00
  1966          36      0.00195  0.00195  0.50   93801     183   93709  3571593  38.08
  1966          37      0.00205  0.00205  0.50   93618     191   93522  3477883  37.15
  1966          38      0.00236  0.00236  0.50   93427     220   93317  3384361  36.22
  1966          39      0.00239  0.00238  0.50   93206     222   93095  3291044  35.31
  1966          40      0.00236  0.00236  0.50   92984     219   92875  3197949  34.39
  1966          41      0.00283  0.00282  0.50   92765     262   92634  3105074  33.47
  1966          42      0.00291  0.00290  0.50   92503     269   92369  3012440  32.57
  1966          43      0.00303  0.00303  0.50   92235     279   92095  2920072  31.66
  1966          44      0.00353  0.00352  0.50   91955     324   91793  2827977  30.75
  1966          45      0.00368  0.00367  0.50   91631     336   91463  2736183  29.86
  1966          46      0.00394  0.00393  0.50   91295     359   91116  2644720  28.97
  1966          47      0.00424  0.00423  0.50   90937     385   90744  2553604  28.08
  1966          48      0.00481  0.00480  0.50   90552     435   90334  2462860  27.20
  1966          49      0.00531  0.00530  0.50   90117     478   89878  2372526  26.33
  1966          50      0.00586  0.00584  0.50   89639     523   89378  2282648  25.46
  1966          51      0.00655  0.00653  0.50   89116     582   88825  2193270  24.61
  1966          52      0.00668  0.00666  0.50   88534     590   88239  2104445  23.77
  1966          53      0.00803  0.00800  0.50   87945     704   87593  2016205  22.93
  1966          54      0.00822  0.00819  0.50   87241     715   86884  1928612  22.11
  1966          55      0.00903  0.00899  0.50   86526     778   86138  1841729  21.29
  1966          56      0.01031  0.01026  0.50   85749     880   85309  1755591  20.47
  1966          57      0.01157  0.01150  0.50   84869     976   84381  1670282  19.68
  1966          58      0.01231  0.01224  0.50   83893    1026   83380  1585901  18.90
  1966          59      0.01370  0.01361  0.50   82867    1128   82303  1502521  18.13
  1966          60      0.01525  0.01513  0.50   81739    1237   81120  1420219  17.38
  1966          61      0.01787  0.01771  0.50   80502    1425   79789  1339098  16.63
  1966          62      0.01992  0.01972  0.50   79076    1559   78297  1259309  15.93
  1966          63      0.02063  0.02042  0.50   77517    1583   76725  1181012  15.24
  1966          64      0.02368  0.02340  0.50   75934    1777   75045  1104287  14.54
  1966          65      0.02630  0.02596  0.50   74157    1925   73194  1029241  13.88
  1966          66      0.02912  0.02870  0.50   72232    2073   71195   956047  13.24
  1966          67      0.03113  0.03065  0.50   70159    2150   69083   884852  12.61
  1966          68      0.03377  0.03321  0.50   68008    2258   66879   815769  12.00
  1966          69      0.03708  0.03640  0.50   65750    2394   64553   748889  11.39
  1966          70      0.04194  0.04108  0.50   63356    2602   62055   684336  10.80
  1966          71      0.04479  0.04381  0.50   60754    2662   59423   622281  10.24
  1966          72      0.04802  0.04689  0.50   58092    2724   56730   562858   9.69
  1966          73      0.05272  0.05137  0.50   55368    2844   53946   506128   9.14
  1966          74      0.05797  0.05633  0.50   52524    2959   51045   452182   8.61
  1966          75      0.06514  0.06309  0.50   49565    3127   48002   401137   8.09
  1966          76      0.07463  0.07195  0.50   46438    3341   44768   353135   7.60
  1966          77      0.07912  0.07611  0.50   43097    3280   41457   308367   7.16
  1966          78      0.08799  0.08428  0.50   39817    3356   38139   266910   6.70
  1966          79      0.09625  0.09183  0.50   36461    3348   34787   228771   6.27
  1966          80      0.11092  0.10509  0.50   33113    3480   31373   193984   5.86
  1966          81      0.12620  0.11871  0.50   29633    3518   27874   162611   5.49
  1966          82      0.13151  0.12340  0.50   26115    3223   24504   134737   5.16
  1966          83      0.15065  0.14009  0.50   22893    3207   21289   110232   4.82
  1966          84      0.16294  0.15067  0.50   19686    2966   18203    88943   4.52
  1966          85      0.17734  0.16290  0.50   16720    2724   15358    70741   4.23
  1966          86      0.18863  0.17238  0.50   13996    2413   12790    55383   3.96
  1966          87      0.21149  0.19127  0.50   11583    2216   10476    42593   3.68
  1966          88      0.23114  0.20719  0.50    9368    1941    8397    32117   3.43
  1966          89      0.26210  0.23173  0.50    7427    1721    6566    23720   3.19
  1966          90      0.28163  0.24687  0.50    5706    1409    5002    17153   3.01
  1966          91      0.31664  0.27336  0.50    4297    1175    3710    12152   2.83
  1966          92      0.32473  0.27937  0.50    3123     872    2686     8442   2.70
  1966          93      0.34431  0.29374  0.50    2250     661    1920     5755   2.56
  1966          94      0.36966  0.31199  0.50    1589     496    1341     3836   2.41
  1966          95      0.39577  0.33039  0.50    1093     361     913     2494   2.28
  1966          96      0.42251  0.34882  0.50     732     255     604     1581   2.16
  1966          97      0.44974  0.36718  0.50     477     175     389      977   2.05
  1966          98      0.47731  0.38535  0.50     302     116     244      588   1.95
  1966          99      0.50506  0.40323  0.50     185      75     148      344   1.86
  1966         100      0.53281  0.42072  0.50     111      47      87      196   1.77
  1966         101      0.56039  0.43774  0.50      64      28      50      109   1.70
  1966         102      0.58764  0.45419  0.50      36      16      28       59   1.63
  1966         103      0.61439  0.47001  0.50      20       9      15       31   1.56
  1966         104      0.64051  0.48514  0.50      10       5       8       16   1.51
  1966         105      0.66586  0.49954  0.50       5       3       4        8   1.46
  1966         106      0.69031  0.51318  0.50       3       1       2        4   1.41
  1966         107      0.71378  0.52604  0.50       1       1       1        2   1.37
  1966         108      0.73617  0.53810  0.50       1       0       0        1   1.33
  1966         109      0.75744  0.54938  0.50       0       0       0        0   1.30
  1966         110+     0.77753  1.00000  1.29       0       0       0        0   1.29
  1967           0      0.02678  0.02617  0.13  100000    2617   97726  7011556  70.12
  1967           1      0.00178  0.00178  0.50   97383     173   97297  6913830  71.00
  1967           2      0.00099  0.00098  0.50   97210      96   97162  6816533  70.12
  1967           3      0.00080  0.00080  0.50   97114      78   97076  6719371  69.19
  1967           4      0.00057  0.00057  0.50   97037      55   97009  6622295  68.25
  1967           5      0.00061  0.00061  0.50   96982      59   96952  6525286  67.28
  1967           6      0.00052  0.00052  0.50   96923      50   96898  6428334  66.32
  1967           7      0.00046  0.00046  0.50   96873      44   96851  6331436  65.36
  1967           8      0.00052  0.00052  0.50   96828      51   96803  6234586  64.39
  1967           9      0.00039  0.00039  0.50   96778      37   96759  6137783  63.42
  1967          10      0.00041  0.00041  0.50   96740      40   96720  6041024  62.45
  1967          11      0.00041  0.00041  0.50   96701      40   96681  5944303  61.47
  1967          12      0.00033  0.00033  0.50   96661      32   96645  5847622  60.50
  1967          13      0.00038  0.00038  0.50   96629      37   96610  5750978  59.52
  1967          14      0.00036  0.00036  0.50   96592      34   96574  5654368  58.54
  1967          15      0.00061  0.00061  0.50   96557      59   96528  5557793  57.56
  1967          16      0.00099  0.00099  0.50   96498      96   96450  5461266  56.59
  1967          17      0.00101  0.00101  0.50   96403      98   96354  5364815  55.65
  1967          18      0.00145  0.00145  0.50   96305     140   96235  5268462  54.71
  1967          19      0.00123  0.00123  0.50   96165     118   96106  5172227  53.78
  1967          20      0.00135  0.00135  0.50   96047     130   95982  5076121  52.85
  1967          21      0.00135  0.00135  0.50   95917     129   95853  4980138  51.92
  1967          22      0.00121  0.00121  0.50   95788     116   95730  4884286  50.99
  1967          23      0.00106  0.00106  0.50   95672     101   95622  4788555  50.05
  1967          24      0.00106  0.00106  0.50   95571     102   95521  4692933  49.10
  1967          25      0.00105  0.00105  0.50   95470     100   95420  4597413  48.16
  1967          26      0.00134  0.00134  0.50   95369     127   95306  4501993  47.21
  1967          27      0.00119  0.00119  0.50   95242     113   95186  4406687  46.27
  1967          28      0.00129  0.00129  0.50   95129     123   95068  4311502  45.32
  1967          29      0.00138  0.00137  0.50   95006     131   94941  4216434  44.38
  1967          30      0.00130  0.00130  0.50   94876     124   94814  4121493  43.44
  1967          31      0.00152  0.00152  0.50   94752     144   94680  4026679  42.50
  1967          32      0.00151  0.00151  0.50   94608     143   94537  3931998  41.56
  1967          33      0.00171  0.00171  0.50   94465     161   94384  3837462  40.62
  1967          34      0.00185  0.00185  0.50   94304     174   94217  3743077  39.69
  1967          35      0.00181  0.00181  0.50   94130     170   94044  3648861  38.76
  1967          36      0.00182  0.00182  0.50   93959     171   93874  3554816  37.83
  1967          37      0.00242  0.00242  0.50   93788     227   93675  3460942  36.90
  1967          38      0.00216  0.00216  0.50   93561     202   93460  3367268  35.99
  1967          39      0.00232  0.00232  0.50   93360     216   93251  3273807  35.07
  1967          40      0.00270  0.00270  0.50   93143     252   93017  3180556  34.15
  1967          41      0.00293  0.00292  0.50   92892     272   92756  3087538  33.24
  1967          42      0.00292  0.00291  0.50   92620     270   92485  2994783  32.33
  1967          43      0.00304  0.00304  0.50   92350     280   92210  2902297  31.43
  1967          44      0.00355  0.00354  0.50   92070     326   91907  2810087  30.52
  1967          45      0.00366  0.00366  0.50   91744     335   91576  2718180  29.63
  1967          46      0.00403  0.00402  0.50   91408     367   91225  2626604  28.73
  1967          47      0.00494  0.00492  0.50   91041     448   90817  2535379  27.85
  1967          48      0.00515  0.00514  0.50   90593     465   90360  2444563  26.98
  1967          49      0.00512  0.00511  0.50   90127     461   89897  2354202  26.12
  1967          50      0.00467  0.00466  0.50   89667     418   89458  2264305  25.25
  1967          51      0.00584  0.00583  0.50   89249     520   88989  2174847  24.37
  1967          52      0.00732  0.00729  0.50   88729     647   88406  2085858  23.51
  1967          53      0.00744  0.00741  0.50   88082     653   87756  1997453  22.68
  1967          54      0.00853  0.00849  0.50   87430     742   87059  1909697  21.84
  1967          55      0.00935  0.00930  0.50   86687     806   86284  1822638  21.03
  1967          56      0.01071  0.01066  0.50   85881     915   85423  1736354  20.22
  1967          57      0.01089  0.01083  0.50   84966     920   84505  1650930  19.43
  1967          58      0.01270  0.01262  0.50   84045    1061   83515  1566425  18.64
  1967          59      0.01403  0.01393  0.50   82985    1156   82407  1482910  17.87
  1967          60      0.01497  0.01486  0.50   81828    1216   81220  1400503  17.12
  1967          61      0.01704  0.01690  0.50   80612    1362   79931  1319283  16.37
  1967          62      0.01945  0.01927  0.50   79250    1527   78487  1239352  15.64
  1967          63      0.02302  0.02276  0.50   77723    1769   76839  1160866  14.94
  1967          64      0.02343  0.02316  0.50   75954    1759   75075  1084027  14.27
  1967          65      0.02650  0.02615  0.50   74195    1940   73225  1008952  13.60
  1967          66      0.02930  0.02887  0.50   72255    2086   71212   935727  12.95
  1967          67      0.03276  0.03223  0.50   70169    2262   69038   864516  12.32
  1967          68      0.03502  0.03442  0.50   67907    2337   66738   795478  11.71
  1967          69      0.03801  0.03730  0.50   65570    2446   64347   728739  11.11
  1967          70      0.04290  0.04200  0.50   63124    2651   61799   664392  10.53
  1967          71      0.04745  0.04635  0.50   60473    2803   59072   602594   9.96
  1967          72      0.05202  0.05070  0.50   57670    2924   56208   543522   9.42
  1967          73      0.05607  0.05454  0.50   54746    2986   53253   487314   8.90
  1967          74      0.06235  0.06046  0.50   51760    3130   50195   434061   8.39
  1967          75      0.06912  0.06681  0.50   48631    3249   47006   383866   7.89
  1967          76      0.07479  0.07209  0.50   45382    3272   43746   336860   7.42
  1967          77      0.08264  0.07936  0.50   42110    3342   40439   293114   6.96
  1967          78      0.09201  0.08796  0.50   38768    3410   37063   252675   6.52
  1967          79      0.10160  0.09669  0.50   35358    3419   33649   215612   6.10
  1967          80      0.11893  0.11226  0.50   31939    3585   30147   181963   5.70
  1967          81      0.12711  0.11951  0.50   28354    3389   26660   151816   5.35
  1967          82      0.13945  0.13036  0.50   24965    3254   23338   125157   5.01
  1967          83      0.15316  0.14226  0.50   21711    3089   20167   101819   4.69
  1967          84      0.16874  0.15561  0.50   18622    2898   17173    81652   4.38
  1967          85      0.18507  0.16939  0.50   15724    2664   14393    64479   4.10
  1967          86      0.20164  0.18317  0.50   13061    2392   11865    50086   3.83
  1967          87      0.21805  0.19661  0.50   10668    2098    9620    38222   3.58
  1967          88      0.25277  0.22441  0.50    8571    1923    7609    28602   3.34
  1967          89      0.25990  0.23001  0.50    6648    1529    5883    20993   3.16
  1967          90      0.28617  0.25035  0.50    5119    1281    4478    15110   2.95
  1967          91      0.31663  0.27335  0.50    3837    1049    3313    10632   2.77
  1967          92      0.31092  0.26909  0.50    2788     750    2413     7319   2.62
  1967          93      0.38761  0.32469  0.50    2038     662    1707     4906   2.41
  1967          94      0.38585  0.32345  0.50    1376     445    1154     3199   2.32
  1967          95      0.41308  0.34236  0.50     931     319     772     2045   2.20
  1967          96      0.44092  0.36127  0.50     612     221     502     1273   2.08
  1967          97      0.46922  0.38005  0.50     391     149     317      772   1.97
  1967          98      0.49779  0.39858  0.50     242      97     194      455   1.88
  1967          99      0.52645  0.41675  0.50     146      61     115      261   1.79
  1967         100      0.55501  0.43445  0.50      85      37      67      145   1.71
  1967         101      0.58329  0.45159  0.50      48      22      37       79   1.63
  1967         102      0.61111  0.46808  0.50      26      12      20       41   1.57
  1967         103      0.63829  0.48387  0.50      14       7      11       21   1.51
  1967         104      0.66468  0.49888  0.50       7       4       5       11   1.46
  1967         105      0.69015  0.51309  0.50       4       2       3        5   1.41
  1967         106      0.71458  0.52647  0.50       2       1       1        2   1.37
  1967         107      0.73787  0.53901  0.50       1       0       1        1   1.33
  1967         108      0.75995  0.55070  0.50       0       0       0        0   1.29
  1967         109      0.78078  0.56155  0.50       0       0       0        0   1.27
  1967         110+     0.80032  1.00000  1.25       0       0       0        0   1.25
  1968           0      0.02582  0.02525  0.13  100000    2525   97797  7026713  70.27
  1968           1      0.00166  0.00166  0.50   97475     162   97394  6928916  71.08
  1968           2      0.00108  0.00108  0.50   97313     105   97261  6831522  70.20
  1968           3      0.00072  0.00072  0.50   97208      70   97173  6734261  69.28
  1968           4      0.00060  0.00060  0.50   97138      58   97109  6637089  68.33
  1968           5      0.00055  0.00055  0.50   97080      53   97053  6539980  67.37
  1968           6      0.00061  0.00061  0.50   97026      59   96997  6442927  66.40
  1968           7      0.00052  0.00052  0.50   96967      51   96942  6345930  65.44
  1968           8      0.00046  0.00046  0.50   96916      44   96894  6248989  64.48
  1968           9      0.00051  0.00051  0.50   96872      49   96847  6152095  63.51
  1968          10      0.00035  0.00035  0.50   96823      34   96806  6055247  62.54
  1968          11      0.00038  0.00038  0.50   96789      36   96771  5958441  61.56
  1968          12      0.00039  0.00039  0.50   96753      38   96734  5861671  60.58
  1968          13      0.00036  0.00036  0.50   96715      35   96697  5764937  59.61
  1968          14      0.00029  0.00029  0.50   96680      28   96666  5668240  58.63
  1968          15      0.00053  0.00053  0.50   96651      51   96626  5571574  57.65
  1968          16      0.00079  0.00079  0.50   96601      77   96562  5474948  56.68
  1968          17      0.00088  0.00088  0.50   96524      85   96482  5378386  55.72
  1968          18      0.00119  0.00119  0.50   96439     115   96382  5281905  54.77
  1968          19      0.00130  0.00130  0.50   96325     125   96262  5185523  53.83
  1968          20      0.00123  0.00123  0.50   96200     118   96141  5089261  52.90
  1968          21      0.00128  0.00128  0.50   96082     123   96020  4993120  51.97
  1968          22      0.00123  0.00122  0.50   95958     118   95900  4897100  51.03
  1968          23      0.00130  0.00130  0.50   95841     124   95779  4801200  50.10
  1968          24      0.00119  0.00119  0.50   95717     114   95660  4705422  49.16
  1968          25      0.00105  0.00105  0.50   95603     100   95552  4609762  48.22
  1968          26      0.00106  0.00105  0.50   95502     101   95452  4514210  47.27
  1968          27      0.00107  0.00107  0.50   95401     102   95351  4418758  46.32
  1968          28      0.00118  0.00118  0.50   95300     112   95244  4323407  45.37
  1968          29      0.00113  0.00113  0.50   95188     107   95134  4228164  44.42
  1968          30      0.00135  0.00135  0.50   95081     129   95016  4133029  43.47
  1968          31      0.00134  0.00134  0.50   94952     127   94888  4038013  42.53
  1968          32      0.00142  0.00142  0.50   94825     135   94757  3943125  41.58
  1968          33      0.00179  0.00179  0.50   94690     169   94605  3848367  40.64
  1968          34      0.00198  0.00198  0.50   94521     187   94427  3753762  39.71
  1968          35      0.00187  0.00187  0.50   94334     176   94246  3659335  38.79
  1968          36      0.00169  0.00169  0.50   94158     159   94078  3565089  37.86
  1968          37      0.00211  0.00211  0.50   93998     198   93899  3471011  36.93
  1968          38      0.00229  0.00228  0.50   93800     214   93693  3377112  36.00
  1968          39      0.00222  0.00222  0.50   93586     208   93482  3283419  35.08
  1968          40      0.00265  0.00264  0.50   93378     247   93255  3189937  34.16
  1968          41      0.00292  0.00292  0.50   93131     272   92996  3096682  33.25
  1968          42      0.00312  0.00312  0.50   92860     289   92715  3003686  32.35
  1968          43      0.00318  0.00317  0.50   92570     294   92424  2910971  31.45
  1968          44      0.00332  0.00332  0.50   92277     306   92124  2818548  30.54
  1968          45      0.00386  0.00385  0.50   91970     354   91793  2726424  29.64
  1968          46      0.00429  0.00428  0.50   91616     392   91420  2634631  28.76
  1968          47      0.00446  0.00445  0.50   91224     406   91021  2543211  27.88
  1968          48      0.00460  0.00459  0.50   90818     417   90609  2452190  27.00
  1968          49      0.00512  0.00511  0.50   90401     462   90170  2361581  26.12
  1968          50      0.00543  0.00541  0.50   89939     487   89695  2271411  25.26
  1968          51      0.00677  0.00675  0.50   89452     604   89150  2181715  24.39
  1968          52      0.00677  0.00674  0.50   88848     599   88549  2092565  23.55
  1968          53      0.00747  0.00744  0.50   88249     657   87921  2004016  22.71
  1968          54      0.00790  0.00787  0.50   87593     690   87248  1916095  21.88
  1968          55      0.00955  0.00951  0.50   86903     826   86490  1828848  21.04
  1968          56      0.00994  0.00989  0.50   86077     851   85651  1742358  20.24
  1968          57      0.01153  0.01147  0.50   85226     977   84737  1656706  19.44
  1968          58      0.01214  0.01207  0.50   84248    1017   83740  1571969  18.66
  1968          59      0.01382  0.01372  0.50   83231    1142   82660  1488230  17.88
  1968          60      0.01527  0.01516  0.50   82089    1244   81467  1405569  17.12
  1968          61      0.01729  0.01715  0.50   80845    1386   80152  1324102  16.38
  1968          62      0.02016  0.01996  0.50   79459    1586   78666  1243950  15.66
  1968          63      0.02217  0.02192  0.50   77873    1707   77019  1165284  14.96
  1968          64      0.02386  0.02358  0.50   76166    1796   75268  1088264  14.29
  1968          65      0.02582  0.02549  0.50   74370    1896   73422  1012996  13.62
  1968          66      0.02908  0.02867  0.50   72474    2078   71435   939574  12.96
  1968          67      0.03197  0.03147  0.50   70397    2215   69289   868139  12.33
  1968          68      0.03554  0.03492  0.50   68181    2381   66991   798850  11.72
  1968          69      0.03958  0.03881  0.50   65800    2554   64523   731859  11.12
  1968          70      0.04076  0.03995  0.50   63247    2527   61983   667336  10.55
  1968          71      0.04736  0.04627  0.50   60720    2809   59315   605353   9.97
  1968          72      0.05275  0.05139  0.50   57910    2976   56422   546038   9.43
  1968          73      0.05647  0.05492  0.50   54934    3017   53426   489615   8.91
  1968          74      0.06295  0.06103  0.50   51917    3168   50333   436190   8.40
  1968          75      0.06608  0.06397  0.50   48749    3118   47190   385857   7.92
  1968          76      0.07641  0.07360  0.50   45631    3358   43951   338667   7.42
  1968          77      0.08234  0.07909  0.50   42272    3343   40601   294715   6.97
  1968          78      0.09228  0.08821  0.50   38929    3434   37212   254115   6.53
  1968          79      0.10358  0.09848  0.50   35495    3496   33747   216903   6.11
  1968          80      0.11655  0.11014  0.50   32000    3524   30238   183155   5.72
  1968          81      0.12674  0.11919  0.50   28475    3394   26778   152918   5.37
  1968          82      0.14211  0.13268  0.50   25081    3328   23418   126139   5.03
  1968          83      0.15191  0.14119  0.50   21754    3071   20218   102722   4.72
  1968          84      0.16558  0.15292  0.50   18682    2857   17254    82504   4.42
  1968          85      0.18393  0.16844  0.50   15825    2666   14493    65250   4.12
  1968          86      0.19614  0.17862  0.50   13160    2351   11985    50757   3.86
  1968          87      0.22261  0.20031  0.50   10809    2165    9727    38773   3.59
  1968          88      0.24606  0.21911  0.50    8644    1894    7697    29046   3.36
  1968          89      0.25775  0.22832  0.50    6750    1541    5979    21349   3.16
  1968          90      0.27894  0.24480  0.50    5209    1275    4571    15370   2.95
  1968          91      0.31525  0.27232  0.50    3934    1071    3398    10798   2.75
  1968          92      0.36237  0.30679  0.50    2862     878    2423     7400   2.59
  1968          93      0.33818  0.28927  0.50    1984     574    1697     4977   2.51
  1968          94      0.38553  0.32322  0.50    1410     456    1182     3279   2.33
  1968          95      0.41283  0.34219  0.50     954     327     791     2097   2.20
  1968          96      0.44073  0.36115  0.50     628     227     514     1306   2.08
  1968          97      0.46908  0.37997  0.50     401     152     325      791   1.97
  1968          98      0.49770  0.39853  0.50     249      99     199      467   1.88
  1968          99      0.52640  0.41672  0.50     150      62     118      267   1.79
  1968         100      0.55499  0.43443  0.50      87      38      68      149   1.71
  1968         101      0.58328  0.45158  0.50      49      22      38       81   1.63
  1968         102      0.61110  0.46808  0.50      27      13      21       42   1.57
  1968         103      0.63828  0.48386  0.50      14       7      11       22   1.51
  1968         104      0.66466  0.49887  0.50       7       4       6       11   1.46
  1968         105      0.69010  0.51307  0.50       4       2       3        5   1.41
  1968         106      0.71451  0.52644  0.50       2       1       1        2   1.37
  1968         107      0.73777  0.53896  0.50       1       0       1        1   1.33
  1968         108      0.75982  0.55063  0.50       0       0       0        1   1.29
  1968         109      0.78061  0.56147  0.50       0       0       0        0   1.27
  1968         110+     0.80012  1.00000  1.25       0       0       0        0   1.25
  1969           0      0.02539  0.02484  0.13  100000    2484   97829  7004088  70.04
  1969           1      0.00186  0.00186  0.50   97516     181   97425  6906259  70.82
  1969           2      0.00099  0.00099  0.50   97335      96   97287  6808833  69.95
  1969           3      0.00076  0.00076  0.50   97239      74   97202  6711547  69.02
  1969           4      0.00055  0.00055  0.50   97165      53   97138  6614345  68.07
  1969           5      0.00058  0.00058  0.50   97111      57   97083  6517207  67.11
  1969           6      0.00054  0.00054  0.50   97054      53   97028  6420124  66.15
  1969           7      0.00056  0.00056  0.50   97002      55   96974  6323096  65.19
  1969           8      0.00044  0.00044  0.50   96947      43   96926  6226122  64.22
  1969           9      0.00040  0.00040  0.50   96904      39   96885  6129197  63.25
  1969          10      0.00038  0.00038  0.50   96865      37   96847  6032312  62.28
  1969          11      0.00038  0.00038  0.50   96829      37   96811  5935465  61.30
  1969          12      0.00041  0.00041  0.50   96792      40   96772  5838654  60.32
  1969          13      0.00041  0.00041  0.50   96752      40   96733  5741882  59.35
  1969          14      0.00051  0.00051  0.50   96713      49   96688  5645149  58.37
  1969          15      0.00055  0.00055  0.50   96664      53   96637  5548461  57.40
  1969          16      0.00088  0.00088  0.50   96611      85   96568  5451824  56.43
  1969          17      0.00090  0.00090  0.50   96526      87   96483  5355255  55.48
  1969          18      0.00123  0.00123  0.50   96439     119   96380  5258773  54.53
  1969          19      0.00141  0.00140  0.50   96320     135   96253  5162393  53.60
  1969          20      0.00116  0.00116  0.50   96185     112   96129  5066140  52.67
  1969          21      0.00118  0.00118  0.50   96073     113   96017  4970011  51.73
  1969          22      0.00135  0.00135  0.50   95960     130   95895  4873995  50.79
  1969          23      0.00102  0.00101  0.50   95830      97   95782  4778100  49.86
  1969          24      0.00107  0.00107  0.50   95733     102   95682  4682318  48.91
  1969          25      0.00116  0.00116  0.50   95631     111   95575  4586636  47.96
  1969          26      0.00115  0.00115  0.50   95520     110   95465  4491061  47.02
  1969          27      0.00119  0.00119  0.50   95410     113   95354  4395596  46.07
  1969          28      0.00105  0.00105  0.50   95297     100   95247  4300242  45.12
  1969          29      0.00128  0.00128  0.50   95197     121   95136  4204995  44.17
  1969          30      0.00146  0.00146  0.50   95076     139   95006  4109859  43.23
  1969          31      0.00106  0.00106  0.50   94937     101   94886  4014853  42.29
  1969          32      0.00153  0.00153  0.50   94836     145   94763  3919966  41.33
  1969          33      0.00164  0.00164  0.50   94691     155   94613  3825203  40.40
  1969          34      0.00150  0.00150  0.50   94535     142   94465  3730590  39.46
  1969          35      0.00193  0.00193  0.50   94394     182   94303  3636125  38.52
  1969          36      0.00198  0.00198  0.50   94212     186   94119  3541823  37.59
  1969          37      0.00265  0.00265  0.50   94026     249   93901  3447704  36.67
  1969          38      0.00211  0.00211  0.50   93777     198   93678  3353803  35.76
  1969          39      0.00267  0.00267  0.50   93579     250   93454  3260125  34.84
  1969          40      0.00259  0.00259  0.50   93329     242   93208  3166671  33.93
  1969          41      0.00285  0.00284  0.50   93087     264   92955  3073464  33.02
  1969          42      0.00313  0.00313  0.50   92822     290   92677  2980509  32.11
  1969          43      0.00297  0.00297  0.50   92532     275   92395  2887832  31.21
  1969          44      0.00337  0.00336  0.50   92258     310   92103  2795437  30.30
  1969          45      0.00399  0.00398  0.50   91948     366   91765  2703335  29.40
  1969          46      0.00411  0.00411  0.50   91582     376   91394  2611570  28.52
  1969          47      0.00468  0.00467  0.50   91206     426   90993  2520176  27.63
  1969          48      0.00555  0.00553  0.50   90780     502   90529  2429183  26.76
  1969          49      0.00571  0.00569  0.50   90278     514   90021  2338654  25.91
  1969          50      0.00661  0.00658  0.50   89764     591   89468  2248633  25.05
  1969          51      0.00697  0.00694  0.50   89173     619   88863  2159165  24.21
  1969          52      0.00632  0.00630  0.50   88554     558   88275  2070302  23.38
  1969          53      0.00757  0.00754  0.50   87996     664   87664  1982027  22.52
  1969          54      0.00853  0.00850  0.50   87332     742   86961  1894363  21.69
  1969          55      0.00911  0.00907  0.50   86590     785   86198  1807402  20.87
  1969          56      0.00980  0.00976  0.50   85805     837   85387  1721204  20.06
  1969          57      0.01129  0.01123  0.50   84968     954   84491  1635817  19.25
  1969          58      0.01271  0.01263  0.50   84014    1061   83483  1551327  18.47
  1969          59      0.01359  0.01349  0.50   82952    1119   82393  1467843  17.69
  1969          60      0.01643  0.01630  0.50   81833    1334   81166  1385451  16.93
  1969          61      0.01704  0.01690  0.50   80499    1360   79819  1304284  16.20
  1969          62      0.01997  0.01978  0.50   79139    1565   78357  1224465  15.47
  1969          63      0.02139  0.02116  0.50   77574    1642   76753  1146108  14.77
  1969          64      0.02435  0.02406  0.50   75932    1827   75019  1069355  14.08
  1969          65      0.02649  0.02614  0.50   74105    1937   73137   994336  13.42
  1969          66      0.03100  0.03053  0.50   72168    2203   71067   921199  12.76
  1969          67      0.03429  0.03371  0.50   69965    2359   68786   850133  12.15
  1969          68      0.03726  0.03658  0.50   67606    2473   66370   781347  11.56
  1969          69      0.04118  0.04035  0.50   65133    2628   63819   714977  10.98
  1969          70      0.04559  0.04458  0.50   62505    2786   61112   651158  10.42
  1969          71      0.05140  0.05011  0.50   59719    2993   58223   590046   9.88
  1969          72      0.05456  0.05311  0.50   56726    3013   55220   531823   9.38
  1969          73      0.05820  0.05655  0.50   53714    3038   52195   476603   8.87
  1969          74      0.06628  0.06415  0.50   50676    3251   49051   424408   8.37
  1969          75      0.07098  0.06854  0.50   47425    3251   45800   375358   7.91
  1969          76      0.07502  0.07231  0.50   44174    3194   42577   329558   7.46
  1969          77      0.08255  0.07928  0.50   40980    3249   39356   286981   7.00
  1969          78      0.09635  0.09192  0.50   37732    3468   35997   247625   6.56
  1969          79      0.10344  0.09835  0.50   34263    3370   32578   211628   6.18
  1969          80      0.11097  0.10514  0.50   30893    3248   29269   179049   5.80
  1969          81      0.12094  0.11404  0.50   27645    3153   26069   149780   5.42
  1969          82      0.13677  0.12802  0.50   24492    3135   22925   123712   5.05
  1969          83      0.15255  0.14174  0.50   21357    3027   19843   100787   4.72
  1969          84      0.16880  0.15566  0.50   18330    2853   16903    80943   4.42
  1969          85      0.18194  0.16677  0.50   15477    2581   14186    64040   4.14
  1969          86      0.20013  0.18192  0.50   12895    2346   11722    49854   3.87
  1969          87      0.21693  0.19570  0.50   10549    2065    9517    38132   3.61
  1969          88      0.23496  0.21026  0.50    8485    1784    7593    28615   3.37
  1969          89      0.26002  0.23010  0.50    6701    1542    5930    21022   3.14
  1969          90      0.29395  0.25628  0.50    5159    1322    4498    15092   2.93
  1969          91      0.30294  0.26309  0.50    3837    1009    3332    10594   2.76
  1969          92      0.34522  0.29440  0.50    2827     832    2411     7262   2.57
  1969          93      0.36241  0.30682  0.50    1995     612    1689     4851   2.43
  1969          94      0.39193  0.32771  0.50    1383     453    1156     3162   2.29
  1969          95      0.42055  0.34748  0.50     930     323     768     2005   2.16
  1969          96      0.44977  0.36719  0.50     607     223     495     1237   2.04
  1969          97      0.47939  0.38670  0.50     384     148     310      742   1.93
  1969          98      0.50922  0.40588  0.50     235      96     188      432   1.84
  1969          99      0.53904  0.42460  0.50     140      59     110      245   1.75
  1969         100      0.56863  0.44275  0.50      80      36      63      134   1.67
  1969         101      0.59780  0.46023  0.50      45      21      35       72   1.60
  1969         102      0.62634  0.47697  0.50      24      12      18       37   1.53
  1969         103      0.65409  0.49289  0.50      13       6      10       19   1.48
  1969         104      0.68087  0.50795  0.50       6       3       5        9   1.42
  1969         105      0.70655  0.52211  0.50       3       2       2        4   1.38
  1969         106      0.73103  0.53535  0.50       2       1       1        2   1.34
  1969         107      0.75423  0.54769  0.50       1       0       1        1   1.30
  1969         108      0.77607  0.55912  0.50       0       0       0        0   1.27
  1969         109      0.79654  0.56966  0.50       0       0       0        0   1.24
  1969         110+     0.81562  1.00000  1.23       0       0       0        0   1.23
  1970           0      0.02549  0.02494  0.13  100000    2494   97822  7008617  70.09
  1970           1      0.00160  0.00160  0.50   97506     156   97429  6910796  70.88
  1970           2      0.00095  0.00094  0.50   97351      92   97305  6813367  69.99
  1970           3      0.00069  0.00069  0.50   97259      67   97225  6716062  69.05
  1970           4      0.00083  0.00083  0.50   97192      81   97151  6618837  68.10
  1970           5      0.00057  0.00057  0.50   97111      56   97083  6521686  67.16
  1970           6      0.00051  0.00051  0.50   97055      49   97030  6424603  66.20
  1970           7      0.00045  0.00045  0.50   97006      44   96984  6327573  65.23
  1970           8      0.00050  0.00050  0.50   96962      48   96938  6230589  64.26
  1970           9      0.00043  0.00043  0.50   96914      42   96893  6133651  63.29
  1970          10      0.00046  0.00046  0.50   96871      44   96849  6036758  62.32
  1970          11      0.00028  0.00028  0.50   96827      27   96813  5939909  61.35
  1970          12      0.00038  0.00038  0.50   96800      37   96781  5843096  60.36
  1970          13      0.00047  0.00047  0.50   96763      46   96740  5746314  59.39
  1970          14      0.00048  0.00048  0.50   96717      47   96694  5649574  58.41
  1970          15      0.00060  0.00060  0.50   96671      58   96641  5552880  57.44
  1970          16      0.00074  0.00074  0.50   96612      72   96576  5456238  56.48
  1970          17      0.00122  0.00122  0.50   96540     118   96482  5359662  55.52
  1970          18      0.00138  0.00138  0.50   96423     133   96356  5263180  54.58
  1970          19      0.00141  0.00141  0.50   96289     136   96221  5166824  53.66
  1970          20      0.00143  0.00143  0.50   96154     137   96085  5070603  52.73
  1970          21      0.00140  0.00140  0.50   96016     134   95949  4974518  51.81
  1970          22      0.00124  0.00124  0.50   95882     119   95823  4878569  50.88
  1970          23      0.00096  0.00096  0.50   95763      92   95718  4782746  49.94
  1970          24      0.00135  0.00135  0.50   95672     129   95607  4687028  48.99
  1970          25      0.00117  0.00117  0.50   95543     112   95487  4591421  48.06
  1970          26      0.00109  0.00109  0.50   95431     104   95379  4495934  47.11
  1970          27      0.00110  0.00110  0.50   95327     105   95274  4400555  46.16
  1970          28      0.00117  0.00117  0.50   95222     112   95166  4305281  45.21
  1970          29      0.00119  0.00119  0.50   95110     114   95053  4210115  44.27
  1970          30      0.00128  0.00128  0.50   94996     122   94936  4115062  43.32
  1970          31      0.00132  0.00132  0.50   94875     125   94812  4020126  42.37
  1970          32      0.00111  0.00111  0.50   94750     105   94697  3925314  41.43
  1970          33      0.00141  0.00141  0.50   94644     133   94578  3830617  40.47
  1970          34      0.00177  0.00177  0.50   94511     167   94428  3736039  39.53
  1970          35      0.00172  0.00171  0.50   94345     162   94264  3641611  38.60
  1970          36      0.00189  0.00189  0.50   94183     178   94094  3547347  37.66
  1970          37      0.00213  0.00213  0.50   94005     200   93905  3453253  36.73
  1970          38      0.00263  0.00262  0.50   93805     246   93682  3359348  35.81
  1970          39      0.00276  0.00275  0.50   93559     258   93430  3265666  34.90
  1970          40      0.00273  0.00273  0.50   93301     255   93174  3172236  34.00
  1970          41      0.00327  0.00326  0.50   93046     304   92895  3079063  33.09
  1970          42      0.00297  0.00297  0.50   92743     275   92605  2986168  32.20
  1970          43      0.00338  0.00337  0.50   92468     312   92312  2893563  31.29
  1970          44      0.00375  0.00375  0.50   92156     345   91983  2801251  30.40
  1970          45      0.00393  0.00392  0.50   91810     360   91630  2709268  29.51
  1970          46      0.00444  0.00443  0.50   91451     405   91248  2617638  28.62
  1970          47      0.00463  0.00462  0.50   91046     421   90835  2526389  27.75
  1970          48      0.00503  0.00501  0.50   90625     454   90398  2435554  26.88
  1970          49      0.00520  0.00518  0.50   90170     467   89937  2345157  26.01
  1970          50      0.00607  0.00605  0.50   89703     542   89432  2255220  25.14
  1970          51      0.00638  0.00636  0.50   89161     567   88877  2165788  24.29
  1970          52      0.00725  0.00722  0.50   88593     640   88273  2076911  23.44
  1970          53      0.00828  0.00824  0.50   87954     725   87591  1988637  22.61
  1970          54      0.00811  0.00808  0.50   87229     705   86876  1901046  21.79
  1970          55      0.00916  0.00912  0.50   86524     789   86129  1814170  20.97
  1970          56      0.00979  0.00974  0.50   85735     835   85317  1728040  20.16
  1970          57      0.01128  0.01122  0.50   84900     952   84424  1642723  19.35
  1970          58      0.01241  0.01233  0.50   83948    1035   83430  1558299  18.56
  1970          59      0.01329  0.01320  0.50   82912    1095   82365  1474869  17.79
  1970          60      0.01539  0.01528  0.50   81818    1250   81193  1392504  17.02
  1970          61      0.01753  0.01738  0.50   80568    1400   79868  1311311  16.28
  1970          62      0.02012  0.01992  0.50   79168    1577   78379  1231443  15.55
  1970          63      0.02226  0.02201  0.50   77591    1708   76737  1153064  14.86
  1970          64      0.02345  0.02318  0.50   75883    1759   75003  1076327  14.18
  1970          65      0.02590  0.02557  0.50   74124    1896   73176  1001324  13.51
  1970          66      0.02885  0.02844  0.50   72228    2054   71201   928147  12.85
  1970          67      0.03193  0.03143  0.50   70174    2206   69072   856946  12.21
  1970          68      0.03656  0.03590  0.50   67969    2440   66749   787874  11.59
  1970          69      0.04115  0.04032  0.50   65528    2642   64207   721126  11.00
  1970          70      0.04501  0.04402  0.50   62886    2768   61502   656919  10.45
  1970          71      0.04811  0.04698  0.50   60118    2824   58706   595416   9.90
  1970          72      0.05363  0.05223  0.50   57294    2992   55798   536710   9.37
  1970          73      0.05944  0.05772  0.50   54302    3134   52734   480913   8.86
  1970          74      0.06372  0.06175  0.50   51167    3159   49587   428178   8.37
  1970          75      0.07058  0.06818  0.50   48008    3273   46371   378591   7.89
  1970          76      0.07801  0.07508  0.50   44735    3359   43055   332220   7.43
  1970          77      0.08417  0.08077  0.50   41376    3342   39705   289165   6.99
  1970          78      0.09238  0.08830  0.50   38034    3358   36355   249459   6.56
  1970          79      0.10269  0.09768  0.50   34676    3387   32982   213105   6.15
  1970          80      0.11553  0.10922  0.50   31289    3417   29580   180122   5.76
  1970          81      0.12429  0.11702  0.50   27871    3262   26241   150542   5.40
  1970          82      0.13551  0.12691  0.50   24610    3123   23048   124302   5.05
  1970          83      0.14558  0.13570  0.50   21487    2916   20029   101254   4.71
  1970          84      0.17138  0.15786  0.50   18571    2931   17105    81225   4.37
  1970          85      0.18237  0.16713  0.50   15639    2614   14332    64120   4.10
  1970          86      0.20468  0.18567  0.50   13025    2418   11816    49788   3.82
  1970          87      0.21869  0.19714  0.50   10607    2091    9561    37972   3.58
  1970          88      0.24574  0.21885  0.50    8516    1864    7584    28410   3.34
  1970          89      0.26436  0.23350  0.50    6652    1553    5876    20826   3.13
  1970          90      0.28721  0.25114  0.50    5099    1281    4459    14951   2.93
  1970          91      0.32328  0.27830  0.50    3818    1063    3287    10492   2.75
  1970          92      0.33405  0.28624  0.50    2756     789    2361     7205   2.61
  1970          93      0.35439  0.30105  0.50    1967     592    1671     4844   2.46
  1970          94      0.38849  0.32530  0.50    1375     447    1151     3173   2.31
  1970          95      0.41631  0.34459  0.50     928     320     768     2022   2.18
  1970          96      0.44471  0.36382  0.50     608     221     497     1254   2.06
  1970          97      0.47351  0.38286  0.50     387     148     313      757   1.96
  1970          98      0.50251  0.40161  0.50     239      96     191      444   1.86
  1970          99      0.53154  0.41993  0.50     143      60     113      253   1.77
  1970         100      0.56038  0.43773  0.50      83      36      65      140   1.69
  1970         101      0.58885  0.45491  0.50      47      21      36       75   1.62
  1970         102      0.61677  0.47140  0.50      25      12      19       40   1.56
  1970         103      0.64397  0.48712  0.50      13       7      10       20   1.50
  1970         104      0.67030  0.50204  0.50       7       3       5       10   1.45
  1970         105      0.69563  0.51612  0.50       3       2       3        5   1.40
  1970         106      0.71986  0.52933  0.50       2       1       1        2   1.36
  1970         107      0.74289  0.54168  0.50       1       0       1        1   1.32
  1970         108      0.76467  0.55317  0.50       0       0       0        0   1.29
  1970         109      0.78516  0.56382  0.50       0       0       0        0   1.26
  1970         110+     0.80434  1.00000  1.24       0       0       0        0   1.24
  1971           0      0.02618  0.02559  0.13  100000    2559   97770  7029052  70.29
  1971           1      0.00156  0.00156  0.50   97441     152   97365  6931281  71.13
  1971           2      0.00079  0.00078  0.50   97289      76   97251  6833917  70.24
  1971           3      0.00070  0.00070  0.50   97212      68   97178  6736666  69.30
  1971           4      0.00054  0.00054  0.50   97144      52   97118  6639488  68.35
  1971           5      0.00053  0.00053  0.50   97092      51   97067  6542370  67.38
  1971           6      0.00049  0.00049  0.50   97041      48   97017  6445303  66.42
  1971           7      0.00047  0.00047  0.50   96993      46   96970  6348286  65.45
  1971           8      0.00038  0.00038  0.50   96947      37   96929  6251316  64.48
  1971           9      0.00034  0.00034  0.50   96910      33   96893  6154387  63.51
  1971          10      0.00031  0.00031  0.50   96877      30   96862  6057494  62.53
  1971          11      0.00030  0.00030  0.50   96847      29   96833  5960631  61.55
  1971          12      0.00048  0.00048  0.50   96818      46   96795  5863799  60.56
  1971          13      0.00048  0.00048  0.50   96772      47   96749  5767003  59.59
  1971          14      0.00062  0.00062  0.50   96725      60   96695  5670255  58.62
  1971          15      0.00048  0.00048  0.50   96665      46   96642  5573559  57.66
  1971          16      0.00103  0.00103  0.50   96619     100   96569  5476917  56.69
  1971          17      0.00117  0.00117  0.50   96519     113   96463  5380348  55.74
  1971          18      0.00156  0.00156  0.50   96406     151   96331  5283886  54.81
  1971          19      0.00160  0.00160  0.50   96255     154   96178  5187555  53.89
  1971          20      0.00139  0.00139  0.50   96102     133   96035  5091377  52.98
  1971          21      0.00153  0.00153  0.50   95968     146   95895  4995342  52.05
  1971          22      0.00126  0.00125  0.50   95822     120   95762  4899447  51.13
  1971          23      0.00121  0.00121  0.50   95701     116   95644  4803685  50.19
  1971          24      0.00134  0.00134  0.50   95586     128   95522  4708041  49.25
  1971          25      0.00132  0.00132  0.50   95458     126   95395  4612520  48.32
  1971          26      0.00121  0.00121  0.50   95332     115   95274  4517125  47.38
  1971          27      0.00150  0.00150  0.50   95216     142   95145  4421851  46.44
  1971          28      0.00118  0.00117  0.50   95074     112   95018  4326706  45.51
  1971          29      0.00116  0.00116  0.50   94962     110   94907  4231688  44.56
  1971          30      0.00140  0.00139  0.50   94852     132   94786  4136781  43.61
  1971          31      0.00133  0.00133  0.50   94720     126   94657  4041995  42.67
  1971          32      0.00150  0.00149  0.50   94594     141   94523  3947338  41.73
  1971          33      0.00171  0.00171  0.50   94453     161   94372  3852815  40.79
  1971          34      0.00161  0.00161  0.50   94291     151   94215  3758443  39.86
  1971          35      0.00164  0.00164  0.50   94140     154   94063  3664227  38.92
  1971          36      0.00209  0.00209  0.50   93986     196   93888  3570164  37.99
  1971          37      0.00216  0.00216  0.50   93790     202   93689  3476277  37.06
  1971          38      0.00243  0.00242  0.50   93587     227   93474  3382588  36.14
  1971          39      0.00265  0.00264  0.50   93361     247   93237  3289114  35.23
  1971          40      0.00291  0.00290  0.50   93114     270   92979  3195877  34.32
  1971          41      0.00289  0.00289  0.50   92844     268   92710  3102898  33.42
  1971          42      0.00335  0.00334  0.50   92576     310   92421  3010188  32.52
  1971          43      0.00353  0.00353  0.50   92266     325   92103  2917767  31.62
  1971          44      0.00343  0.00342  0.50   91941     315   91783  2825664  30.73
  1971          45      0.00352  0.00351  0.50   91626     322   91465  2733881  29.84
  1971          46      0.00407  0.00406  0.50   91304     370   91119  2642416  28.94
  1971          47      0.00462  0.00461  0.50   90933     419   90724  2551297  28.06
  1971          48      0.00497  0.00496  0.50   90514     449   90290  2460573  27.18
  1971          49      0.00595  0.00593  0.50   90065     534   89798  2370284  26.32
  1971          50      0.00565  0.00563  0.50   89531     504   89279  2280485  25.47
  1971          51      0.00679  0.00677  0.50   89027     602   88726  2191206  24.61
  1971          52      0.00648  0.00646  0.50   88425     571   88139  2102480  23.78
  1971          53      0.00809  0.00806  0.50   87854     708   87500  2014341  22.93
  1971          54      0.00828  0.00825  0.50   87146     719   86786  1926841  22.11
  1971          55      0.00868  0.00864  0.50   86427     747   86054  1840055  21.29
  1971          56      0.00932  0.00928  0.50   85680     795   85283  1754001  20.47
  1971          57      0.01045  0.01040  0.50   84885     883   84444  1668719  19.66
  1971          58      0.01182  0.01175  0.50   84002     987   83509  1584275  18.86
  1971          59      0.01243  0.01236  0.50   83015    1026   82502  1500766  18.08
  1971          60      0.01477  0.01466  0.50   81990    1202   81389  1418264  17.30
  1971          61      0.01669  0.01655  0.50   80788    1337   80119  1336875  16.55
  1971          62      0.01815  0.01799  0.50   79451    1429   78736  1256756  15.82
  1971          63      0.02006  0.01986  0.50   78021    1549   77247  1178020  15.10
  1971          64      0.02217  0.02192  0.50   76472    1677   75634  1100773  14.39
  1971          65      0.02450  0.02421  0.50   74795    1810   73890  1025140  13.71
  1971          66      0.02859  0.02819  0.50   72985    2057   71956   951250  13.03
  1971          67      0.03137  0.03088  0.50   70928    2190   69832   879293  12.40
  1971          68      0.03404  0.03347  0.50   68737    2301   67587   809461  11.78
  1971          69      0.03851  0.03778  0.50   66436    2510   65181   741874  11.17
  1971          70      0.04124  0.04041  0.50   63926    2583   62635   676693  10.59
  1971          71      0.04792  0.04680  0.50   61343    2871   59908   614058  10.01
  1971          72      0.05052  0.04928  0.50   58472    2881   57032   554151   9.48
  1971          73      0.05591  0.05439  0.50   55591    3024   54079   497119   8.94
  1971          74      0.06238  0.06049  0.50   52567    3180   50977   443040   8.43
  1971          75      0.06660  0.06446  0.50   49388    3183   47796   392062   7.94
  1971          76      0.07546  0.07271  0.50   46204    3360   44524   344267   7.45
  1971          77      0.08253  0.07926  0.50   42845    3396   41147   299742   7.00
  1971          78      0.09134  0.08735  0.50   39449    3446   37726   258596   6.56
  1971          79      0.09887  0.09422  0.50   36003    3392   34307   220870   6.13
  1971          80      0.11370  0.10759  0.50   32611    3509   30856   186563   5.72
  1971          81      0.12320  0.11605  0.50   29102    3377   27414   155707   5.35
  1971          82      0.13981  0.13067  0.50   25725    3362   24044   128293   4.99
  1971          83      0.15422  0.14318  0.50   22363    3202   20762   104249   4.66
  1971          84      0.16530  0.15268  0.50   19161    2926   17699    83487   4.36
  1971          85      0.18689  0.17092  0.50   16236    2775   14848    65788   4.05
  1971          86      0.20867  0.18895  0.50   13461    2543   12189    50940   3.78
  1971          87      0.21247  0.19206  0.50   10917    2097    9869    38751   3.55
  1971          88      0.25827  0.22873  0.50    8820    2018    7812    28882   3.27
  1971          89      0.25961  0.22978  0.50    6803    1563    6021    21070   3.10
  1971          90      0.30571  0.26517  0.50    5240    1389    4545    15049   2.87
  1971          91      0.32417  0.27895  0.50    3850    1074    3313    10504   2.73
  1971          92      0.33526  0.28713  0.50    2776     797    2378     7190   2.59
  1971          93      0.35308  0.30010  0.50    1979     594    1682     4813   2.43
  1971          94      0.39754  0.33163  0.50    1385     459    1155     3131   2.26
  1971          95      0.42625  0.35137  0.50     926     325     763     1975   2.13
  1971          96      0.45550  0.37100  0.50     601     223     489     1212   2.02
  1971          97      0.48509  0.39040  0.50     378     147     304      723   1.91
  1971          98      0.51480  0.40942  0.50     230      94     183      419   1.82
  1971          99      0.54444  0.42795  0.50     136      58     107      236   1.73
  1971         100      0.57380  0.44588  0.50      78      35      60      129   1.66
  1971         101      0.60266  0.46311  0.50      43      20      33       68   1.59
  1971         102      0.63085  0.47958  0.50      23      11      18       35   1.52
  1971         103      0.65819  0.49522  0.50      12       6       9       18   1.47
  1971         104      0.68454  0.50999  0.50       6       3       5        9   1.42
  1971         105      0.70976  0.52386  0.50       3       2       2        4   1.37
  1971         106      0.73377  0.53682  0.50       1       1       1        2   1.33
  1971         107      0.75648  0.54888  0.50       1       0       0        1   1.30
  1971         108      0.77786  0.56004  0.50       0       0       0        0   1.27
  1971         109      0.79787  0.57034  0.50       0       0       0        0   1.24
  1971         110+     0.81651  1.00000  1.22       0       0       0        0   1.22
  1972           0      0.02514  0.02460  0.13  100000    2460   97848  7061827  70.62
  1972           1      0.00158  0.00158  0.50   97540     154   97463  6963979  71.40
  1972           2      0.00084  0.00083  0.50   97386      81   97346  6866516  70.51
  1972           3      0.00068  0.00068  0.50   97305      66   97272  6769170  69.57
  1972           4      0.00059  0.00059  0.50   97239      58   97210  6671898  68.61
  1972           5      0.00041  0.00041  0.50   97181      39   97161  6574688  67.65
  1972           6      0.00045  0.00045  0.50   97142      44   97120  6477527  66.68
  1972           7      0.00039  0.00039  0.50   97098      38   97078  6380408  65.71
  1972           8      0.00052  0.00052  0.50   97059      50   97034  6283329  64.74
  1972           9      0.00042  0.00042  0.50   97009      41   96989  6186295  63.77
  1972          10      0.00040  0.00040  0.50   96968      39   96949  6089306  62.80
  1972          11      0.00032  0.00032  0.50   96929      31   96914  5992357  61.82
  1972          12      0.00034  0.00034  0.50   96898      33   96882  5895444  60.84
  1972          13      0.00054  0.00053  0.50   96866      52   96840  5798562  59.86
  1972          14      0.00054  0.00054  0.50   96814      52   96788  5701722  58.89
  1972          15      0.00059  0.00059  0.50   96761      57   96733  5604934  57.93
  1972          16      0.00094  0.00094  0.50   96704      91   96659  5508202  56.96
  1972          17      0.00104  0.00104  0.50   96613     101   96563  5411543  56.01
  1972          18      0.00149  0.00149  0.50   96512     144   96440  5314980  55.07
  1972          19      0.00179  0.00179  0.50   96368     172   96282  5218540  54.15
  1972          20      0.00129  0.00129  0.50   96196     124   96134  5122258  53.25
  1972          21      0.00139  0.00139  0.50   96072     133   96005  5026124  52.32
  1972          22      0.00151  0.00151  0.50   95938     144   95866  4930119  51.39
  1972          23      0.00125  0.00125  0.50   95794     119   95734  4834253  50.47
  1972          24      0.00106  0.00106  0.50   95674     101   95624  4738519  49.53
  1972          25      0.00117  0.00117  0.50   95573     112   95517  4642895  48.58
  1972          26      0.00114  0.00114  0.50   95462     109   95407  4547378  47.64
  1972          27      0.00131  0.00131  0.50   95353     125   95291  4451971  46.69
  1972          28      0.00118  0.00118  0.50   95228     113   95172  4356680  45.75
  1972          29      0.00134  0.00134  0.50   95116     127   95052  4261508  44.80
  1972          30      0.00134  0.00134  0.50   94989     127   94925  4166456  43.86
  1972          31      0.00125  0.00125  0.50   94862     119   94802  4071531  42.92
  1972          32      0.00142  0.00142  0.50   94743     134   94676  3976728  41.97
  1972          33      0.00137  0.00137  0.50   94609     129   94544  3882052  41.03
  1972          34      0.00170  0.00170  0.50   94480     161   94399  3787508  40.09
  1972          35      0.00194  0.00194  0.50   94319     183   94228  3693109  39.16
  1972          36      0.00186  0.00186  0.50   94136     175   94049  3598881  38.23
  1972          37      0.00206  0.00206  0.50   93961     193   93865  3504833  37.30
  1972          38      0.00219  0.00219  0.50   93768     205   93666  3410968  36.38
  1972          39      0.00246  0.00245  0.50   93563     230   93449  3317302  35.46
  1972          40      0.00281  0.00280  0.50   93334     262   93203  3223853  34.54
  1972          41      0.00285  0.00285  0.50   93072     265   92940  3130650  33.64
  1972          42      0.00309  0.00308  0.50   92807     286   92664  3037711  32.73
  1972          43      0.00329  0.00328  0.50   92521     304   92369  2945047  31.83
  1972          44      0.00374  0.00373  0.50   92217     344   92045  2852678  30.93
  1972          45      0.00396  0.00395  0.50   91873     363   91691  2760633  30.05
  1972          46      0.00450  0.00449  0.50   91510     411   91304  2668942  29.17
  1972          47      0.00476  0.00475  0.50   91099     433   90883  2577637  28.29
  1972          48      0.00470  0.00469  0.50   90666     425   90454  2486754  27.43
  1972          49      0.00538  0.00537  0.50   90241     484   89999  2396301  26.55
  1972          50      0.00624  0.00622  0.50   89757     558   89478  2306301  25.69
  1972          51      0.00585  0.00583  0.50   89199     520   88938  2216824  24.85
  1972          52      0.00750  0.00747  0.50   88678     662   88347  2127885  24.00
  1972          53      0.00724  0.00722  0.50   88016     635   87698  2039538  23.17
  1972          54      0.00823  0.00819  0.50   87381     716   87023  1951840  22.34
  1972          55      0.00873  0.00869  0.50   86665     753   86288  1864817  21.52
  1972          56      0.00963  0.00958  0.50   85911     823   85500  1778529  20.70
  1972          57      0.01105  0.01099  0.50   85088     935   84621  1693029  19.90
  1972          58      0.01197  0.01190  0.50   84153    1002   83652  1608408  19.11
  1972          59      0.01220  0.01213  0.50   83152    1008   82648  1524756  18.34
  1972          60      0.01363  0.01354  0.50   82143    1112   81587  1442108  17.56
  1972          61      0.01629  0.01616  0.50   81032    1309   80377  1360521  16.79
  1972          62      0.01731  0.01716  0.50   79722    1368   79038  1280144  16.06
  1972          63      0.01953  0.01934  0.50   78354    1515   77596  1201106  15.33
  1972          64      0.02192  0.02168  0.50   76839    1666   76006  1123510  14.62
  1972          65      0.02426  0.02397  0.50   75173    1802   74272  1047504  13.93
  1972          66      0.02733  0.02696  0.50   73371    1978   72382   973232  13.26
  1972          67      0.03025  0.02980  0.50   71393    2128   70329   900850  12.62
  1972          68      0.03406  0.03349  0.50   69265    2320   68106   830521  11.99
  1972          69      0.03593  0.03530  0.50   66946    2363   65764   762416  11.39
  1972          70      0.03922  0.03847  0.50   64582    2484   63340   696652  10.79
  1972          71      0.04649  0.04544  0.50   62098    2821   60687   633311  10.20
  1972          72      0.05147  0.05018  0.50   59277    2975   57789   572624   9.66
  1972          73      0.05406  0.05264  0.50   56302    2963   54820   514835   9.14
  1972          74      0.05910  0.05740  0.50   53339    3062   51808   460014   8.62
  1972          75      0.06603  0.06392  0.50   50277    3214   48670   408207   8.12
  1972          76      0.07216  0.06965  0.50   47063    3278   45424   359537   7.64
  1972          77      0.08225  0.07901  0.50   43786    3459   42056   314112   7.17
  1972          78      0.08986  0.08600  0.50   40326    3468   38592   272056   6.75
  1972          79      0.09799  0.09341  0.50   36858    3443   35137   233464   6.33
  1972          80      0.10938  0.10371  0.50   33415    3466   31683   198327   5.94
  1972          81      0.12034  0.11351  0.50   29950    3400   28250   166645   5.56
  1972          82      0.13139  0.12329  0.50   26550    3273   24913   138395   5.21
  1972          83      0.14641  0.13642  0.50   23277    3175   21689   113481   4.88
  1972          84      0.15895  0.14724  0.50   20101    2960   18621    91792   4.57
  1972          85      0.17604  0.16180  0.50   17141    2773   15755    73171   4.27
  1972          86      0.18962  0.17320  0.50   14368    2489   13124    57416   4.00
  1972          87      0.20131  0.18290  0.50   11879    2173   10793    44292   3.73
  1972          88      0.24236  0.21617  0.50    9707    2098    8658    33499   3.45
  1972          89      0.25916  0.22943  0.50    7608    1746    6736    24842   3.27
  1972          90      0.26210  0.23174  0.50    5863    1359    5184    18106   3.09
  1972          91      0.30044  0.26120  0.50    4504    1177    3916    12923   2.87
  1972          92      0.33041  0.28356  0.50    3328     944    2856     9007   2.71
  1972          93      0.33390  0.28613  0.50    2384     682    2043     6151   2.58
  1972          94      0.36849  0.31116  0.50    1702     530    1437     4108   2.41
  1972          95      0.39564  0.33030  0.50    1172     387     979     2670   2.28
  1972          96      0.42296  0.34913  0.50     785     274     648     1692   2.15
  1972          97      0.45080  0.36788  0.50     511     188     417     1044   2.04
  1972          98      0.47896  0.38642  0.50     323     125     261      627   1.94
  1972          99      0.50729  0.40465  0.50     198      80     158      366   1.85
  1972         100      0.53558  0.42245  0.50     118      50      93      208   1.76
  1972         101      0.56367  0.43974  0.50      68      30      53      115   1.69
  1972         102      0.59137  0.45641  0.50      38      17      29       62   1.62
  1972         103      0.61851  0.47241  0.50      21      10      16       32   1.55
  1972         104      0.64494  0.48768  0.50      11       5       8       16   1.50
  1972         105      0.67052  0.50216  0.50       6       3       4        8   1.45
  1972         106      0.69513  0.51584  0.50       3       1       2        4   1.40
  1972         107      0.71868  0.52870  0.50       1       1       1        2   1.36
  1972         108      0.74108  0.54072  0.50       1       0       0        1   1.33
  1972         109      0.76230  0.55193  0.50       0       0       0        0   1.30
  1972         110+     0.78228  1.00000  1.28       0       0       0        0   1.28
  1973           0      0.02350  0.02302  0.12  100000    2302   97972  7119563  71.20
  1973           1      0.00136  0.00136  0.50   97698     132   97631  7021590  71.87
  1973           2      0.00078  0.00078  0.50   97565      76   97527  6923959  70.97
  1973           3      0.00074  0.00074  0.50   97489      73   97453  6826432  70.02
  1973           4      0.00045  0.00045  0.50   97417      44   97395  6728979  69.07
  1973           5      0.00054  0.00054  0.50   97373      52   97347  6631584  68.10
  1973           6      0.00049  0.00049  0.50   97321      48   97297  6534237  67.14
  1973           7      0.00046  0.00046  0.50   97273      45   97250  6436940  66.17
  1973           8      0.00036  0.00036  0.50   97228      35   97211  6339690  65.20
  1973           9      0.00035  0.00035  0.50   97193      34   97176  6242479  64.23
  1973          10      0.00033  0.00033  0.50   97159      32   97143  6145303  63.25
  1973          11      0.00041  0.00041  0.50   97127      40   97107  6048160  62.27
  1973          12      0.00026  0.00026  0.50   97087      25   97075  5951053  61.30
  1973          13      0.00028  0.00028  0.50   97062      27   97048  5853978  60.31
  1973          14      0.00045  0.00045  0.50   97035      43   97013  5756929  59.33
  1973          15      0.00070  0.00070  0.50   96992      68   96958  5659916  58.35
  1973          16      0.00103  0.00103  0.50   96924     100   96874  5562959  57.40
  1973          17      0.00114  0.00114  0.50   96823     111   96768  5466085  56.45
  1973          18      0.00153  0.00153  0.50   96713     148   96639  5369317  55.52
  1973          19      0.00148  0.00148  0.50   96565     142   96493  5272678  54.60
  1973          20      0.00117  0.00117  0.50   96422     113   96366  5176185  53.68
  1973          21      0.00128  0.00128  0.50   96309     123   96248  5079819  52.74
  1973          22      0.00117  0.00117  0.50   96186     112   96130  4983572  51.81
  1973          23      0.00128  0.00128  0.50   96074     123   96012  4887441  50.87
  1973          24      0.00108  0.00108  0.50   95951     103   95899  4791429  49.94
  1973          25      0.00115  0.00115  0.50   95847     110   95792  4695530  48.99
  1973          26      0.00125  0.00125  0.50   95737     119   95677  4599738  48.05
  1973          27      0.00088  0.00088  0.50   95618      84   95576  4504061  47.10
  1973          28      0.00139  0.00139  0.50   95533     133   95467  4408485  46.15
  1973          29      0.00136  0.00136  0.50   95401     130   95336  4313018  45.21
  1973          30      0.00126  0.00126  0.50   95271     120   95211  4217682  44.27
  1973          31      0.00140  0.00140  0.50   95151     133   95084  4122472  43.33
  1973          32      0.00129  0.00129  0.50   95018     123   94956  4027387  42.39
  1973          33      0.00148  0.00148  0.50   94895     140   94825  3932431  41.44
  1973          34      0.00157  0.00157  0.50   94755     148   94680  3837606  40.50
  1973          35      0.00150  0.00150  0.50   94606     142   94535  3742926  39.56
  1973          36      0.00173  0.00173  0.50   94464     163   94383  3648390  38.62
  1973          37      0.00195  0.00195  0.50   94301     184   94209  3554008  37.69
  1973          38      0.00207  0.00206  0.50   94117     194   94020  3459799  36.76
  1973          39      0.00249  0.00248  0.50   93923     233   93806  3365779  35.84
  1973          40      0.00254  0.00253  0.50   93689     237   93571  3271973  34.92
  1973          41      0.00272  0.00271  0.50   93452     254   93325  3178402  34.01
  1973          42      0.00323  0.00322  0.50   93198     300   93048  3085077  33.10
  1973          43      0.00364  0.00364  0.50   92898     338   92729  2992028  32.21
  1973          44      0.00341  0.00341  0.50   92560     316   92402  2899299  31.32
  1973          45      0.00385  0.00384  0.50   92245     354   92068  2806897  30.43
  1973          46      0.00403  0.00402  0.50   91891     369   91706  2714829  29.54
  1973          47      0.00463  0.00462  0.50   91521     423   91310  2623123  28.66
  1973          48      0.00474  0.00472  0.50   91098     430   90883  2531813  27.79
  1973          49      0.00493  0.00492  0.50   90668     446   90445  2440930  26.92
  1973          50      0.00535  0.00534  0.50   90222     482   89981  2350485  26.05
  1973          51      0.00676  0.00674  0.50   89741     605   89438  2260503  25.19
  1973          52      0.00676  0.00673  0.50   89136     600   88836  2171065  24.36
  1973          53      0.00728  0.00725  0.50   88536     642   88215  2082229  23.52
  1973          54      0.00833  0.00829  0.50   87894     729   87529  1994015  22.69
  1973          55      0.00905  0.00901  0.50   87165     785   86772  1906485  21.87
  1973          56      0.00925  0.00921  0.50   86380     796   85982  1819713  21.07
  1973          57      0.00961  0.00957  0.50   85584     819   85175  1733731  20.26
  1973          58      0.01097  0.01091  0.50   84765     925   84303  1648556  19.45
  1973          59      0.01224  0.01217  0.50   83840    1020   83330  1564253  18.66
  1973          60      0.01392  0.01382  0.50   82820    1145   82248  1480923  17.88
  1973          61      0.01477  0.01467  0.50   81676    1198   81077  1398675  17.12
  1973          62      0.01686  0.01672  0.50   80478    1346   79805  1317598  16.37
  1973          63      0.01814  0.01797  0.50   79132    1422   78421  1237793  15.64
  1973          64      0.02110  0.02088  0.50   77710    1623   76898  1159372  14.92
  1973          65      0.02294  0.02268  0.50   76087    1726   75224  1082474  14.23
  1973          66      0.02633  0.02599  0.50   74361    1933   73395  1007250  13.55
  1973          67      0.02763  0.02725  0.50   72428    1974   71441   933855  12.89
  1973          68      0.03114  0.03066  0.50   70454    2160   69374   862414  12.24
  1973          69      0.03584  0.03521  0.50   68294    2405   67092   793039  11.61
  1973          70      0.03757  0.03687  0.50   65890    2430   64675   725947  11.02
  1973          71      0.04262  0.04173  0.50   63460    2648   62136   661272  10.42
  1973          72      0.04775  0.04664  0.50   60812    2836   59394   599136   9.85
  1973          73      0.05261  0.05126  0.50   57976    2972   56490   539742   9.31
  1973          74      0.05910  0.05740  0.50   55004    3157   53425   483252   8.79
  1973          75      0.06298  0.06106  0.50   51847    3166   50264   429827   8.29
  1973          76      0.07124  0.06879  0.50   48681    3349   47006   379563   7.80
  1973          77      0.07495  0.07224  0.50   45332    3275   43695   332557   7.34
  1973          78      0.08574  0.08221  0.50   42057    3458   40328   288862   6.87
  1973          79      0.09311  0.08897  0.50   38600    3434   36883   248534   6.44
  1973          80      0.10594  0.10061  0.50   35165    3538   33396   211651   6.02
  1973          81      0.11631  0.10992  0.50   31627    3477   29889   178255   5.64
  1973          82      0.12857  0.12080  0.50   28151    3401   26450   148366   5.27
  1973          83      0.14439  0.13467  0.50   24750    3333   23084   121915   4.93
  1973          84      0.15549  0.14428  0.50   21417    3090   19872    98832   4.61
  1973          85      0.17641  0.16211  0.50   18327    2971   16842    78960   4.31
  1973          86      0.18701  0.17102  0.50   15356    2626   14043    62118   4.05
  1973          87      0.21398  0.19330  0.50   12730    2461   11500    48075   3.78
  1973          88      0.21548  0.19452  0.50   10269    1998    9270    36576   3.56
  1973          89      0.24305  0.21672  0.50    8272    1793    7375    27305   3.30
  1973          90      0.26684  0.23543  0.50    6479    1525    5716    19930   3.08
  1973          91      0.29969  0.26063  0.50    4954    1291    4308    14214   2.87
  1973          92      0.31852  0.27476  0.50    3663    1006    3159     9905   2.70
  1973          93      0.35486  0.30138  0.50    2656     801    2256     6746   2.54
  1973          94      0.36705  0.31013  0.50    1856     576    1568     4490   2.42
  1973          95      0.39408  0.32921  0.50    1280     421    1069     2922   2.28
  1973          96      0.42180  0.34834  0.50     859     299     709     1853   2.16
  1973          97      0.45005  0.36738  0.50     560     206     457     1143   2.04
  1973          98      0.47865  0.38622  0.50     354     137     286      687   1.94
  1973          99      0.50741  0.40473  0.50     217      88     173      401   1.85
  1973         100      0.53613  0.42280  0.50     129      55     102      228   1.76
  1973         101      0.56464  0.44033  0.50      75      33      58      126   1.68
  1973         102      0.59273  0.45723  0.50      42      19      32       67   1.61
  1973         103      0.62024  0.47342  0.50      23      11      17       35   1.55
  1973         104      0.64700  0.48886  0.50      12       6       9       18   1.49
  1973         105      0.67287  0.50348  0.50       6       3       5        9   1.44
  1973         106      0.69773  0.51727  0.50       3       2       2        4   1.40
  1973         107      0.72148  0.53021  0.50       1       1       1        2   1.36
  1973         108      0.74405  0.54230  0.50       1       0       1        1   1.32
  1973         109      0.76537  0.55354  0.50       0       0       0        0   1.29
  1973         110+     0.78542  1.00000  1.27       0       0       0        0   1.27
  1974           0      0.02387  0.02338  0.12  100000    2338   97944  7117524  71.18
  1974           1      0.00135  0.00135  0.50   97662     132   97596  7019580  71.88
  1974           2      0.00093  0.00093  0.50   97530      91   97485  6921984  70.97
  1974           3      0.00075  0.00075  0.50   97439      73   97403  6824499  70.04
  1974           4      0.00040  0.00040  0.50   97367      39   97347  6727096  69.09
  1974           5      0.00038  0.00038  0.50   97327      37   97309  6629749  68.12
  1974           6      0.00045  0.00045  0.50   97290      44   97268  6532440  67.14
  1974           7      0.00044  0.00044  0.50   97246      43   97225  6435172  66.17
  1974           8      0.00040  0.00040  0.50   97204      39   97184  6337947  65.20
  1974           9      0.00035  0.00035  0.50   97165      34   97147  6240762  64.23
  1974          10      0.00034  0.00034  0.50   97130      33   97114  6143615  63.25
  1974          11      0.00030  0.00030  0.50   97097      29   97082  6046501  62.27
  1974          12      0.00030  0.00030  0.50   97068      29   97053  5949419  61.29
  1974          13      0.00031  0.00031  0.50   97039      30   97024  5852366  60.31
  1974          14      0.00038  0.00038  0.50   97009      36   96990  5755342  59.33
  1974          15      0.00058  0.00058  0.50   96972      56   96944  5658352  58.35
  1974          16      0.00117  0.00117  0.50   96916     113   96859  5561407  57.38
  1974          17      0.00116  0.00116  0.50   96803     112   96747  5464548  56.45
  1974          18      0.00139  0.00139  0.50   96690     134   96623  5367802  55.52
  1974          19      0.00134  0.00134  0.50   96556     129   96492  5271178  54.59
  1974          20      0.00127  0.00127  0.50   96427     123   96366  5174687  53.66
  1974          21      0.00117  0.00117  0.50   96304     113   96248  5078321  52.73
  1974          22      0.00127  0.00127  0.50   96192     122   96131  4982073  51.79
  1974          23      0.00112  0.00112  0.50   96069     108   96015  4885942  50.86
  1974          24      0.00094  0.00094  0.50   95962      90   95916  4789927  49.92
  1974          25      0.00117  0.00117  0.50   95871     112   95816  4694010  48.96
  1974          26      0.00101  0.00101  0.50   95760      97   95711  4598195  48.02
  1974          27      0.00104  0.00104  0.50   95663     100   95613  4502484  47.07
  1974          28      0.00134  0.00133  0.50   95563     128   95499  4406871  46.11
  1974          29      0.00112  0.00112  0.50   95436     107   95382  4311372  45.18
  1974          30      0.00115  0.00114  0.50   95329     109   95274  4215989  44.23
  1974          31      0.00146  0.00146  0.50   95220     139   95150  4120715  43.28
  1974          32      0.00131  0.00131  0.50   95081     125   95018  4025565  42.34
  1974          33      0.00146  0.00146  0.50   94956     138   94887  3930546  41.39
  1974          34      0.00140  0.00140  0.50   94817     133   94751  3835660  40.45
  1974          35      0.00149  0.00149  0.50   94685     141   94614  3740909  39.51
  1974          36      0.00175  0.00174  0.50   94544     165   94461  3646294  38.57
  1974          37      0.00197  0.00197  0.50   94379     186   94286  3551833  37.63
  1974          38      0.00201  0.00201  0.50   94192     189   94098  3457548  36.71
  1974          39      0.00242  0.00242  0.50   94003     227   93890  3363450  35.78
  1974          40      0.00263  0.00263  0.50   93776     246   93653  3269560  34.87
  1974          41      0.00270  0.00269  0.50   93529     252   93403  3175907  33.96
  1974          42      0.00311  0.00310  0.50   93277     289   93133  3082504  33.05
  1974          43      0.00346  0.00346  0.50   92988     321   92827  2989371  32.15
  1974          44      0.00368  0.00367  0.50   92667     341   92497  2896544  31.26
  1974          45      0.00349  0.00349  0.50   92326     322   92165  2804047  30.37
  1974          46      0.00424  0.00423  0.50   92004     389   91810  2711882  29.48
  1974          47      0.00463  0.00462  0.50   91615     423   91403  2620072  28.60
  1974          48      0.00478  0.00477  0.50   91192     435   90975  2528669  27.73
  1974          49      0.00566  0.00564  0.50   90757     512   90501  2437694  26.86
  1974          50      0.00564  0.00562  0.50   90245     507   89991  2347193  26.01
  1974          51      0.00647  0.00645  0.50   89738     578   89448  2257202  25.15
  1974          52      0.00671  0.00669  0.50   89159     597   88861  2167754  24.31
  1974          53      0.00737  0.00735  0.50   88563     651   88237  2078893  23.47
  1974          54      0.00837  0.00834  0.50   87912     733   87545  1990655  22.64
  1974          55      0.00872  0.00868  0.50   87179     757   86801  1903110  21.83
  1974          56      0.00987  0.00982  0.50   86422     848   85998  1816309  21.02
  1974          57      0.01029  0.01024  0.50   85574     876   85136  1730311  20.22
  1974          58      0.01155  0.01148  0.50   84698     973   84211  1645176  19.42
  1974          59      0.01237  0.01230  0.50   83725    1029   83210  1560964  18.64
  1974          60      0.01348  0.01339  0.50   82696    1107   82142  1477754  17.87
  1974          61      0.01539  0.01527  0.50   81588    1246   80965  1395612  17.11
  1974          62      0.01595  0.01583  0.50   80342    1271   79706  1314647  16.36
  1974          63      0.01786  0.01770  0.50   79071    1399   78371  1234940  15.62
  1974          64      0.02064  0.02043  0.50   77671    1587   76878  1156569  14.89
  1974          65      0.02332  0.02306  0.50   76084    1754   75207  1079692  14.19
  1974          66      0.02575  0.02542  0.50   74330    1889   73385  1004484  13.51
  1974          67      0.02811  0.02772  0.50   72441    2008   71437   931099  12.85
  1974          68      0.03136  0.03088  0.50   70432    2175   69345   859662  12.21
  1974          69      0.03438  0.03380  0.50   68258    2307   67104   790317  11.58
  1974          70      0.03907  0.03832  0.50   65951    2527   64687   723213  10.97
  1974          71      0.04205  0.04119  0.50   63423    2612   62117   658526  10.38
  1974          72      0.04688  0.04581  0.50   60811    2786   59418   596409   9.81
  1974          73      0.05332  0.05193  0.50   58025    3013   56519   536991   9.25
  1974          74      0.06114  0.05933  0.50   55012    3264   53380   480473   8.73
  1974          75      0.06424  0.06224  0.50   51748    3221   50138   427093   8.25
  1974          76      0.07206  0.06955  0.50   48527    3375   46840   376955   7.77
  1974          77      0.07686  0.07402  0.50   45152    3342   43481   330115   7.31
  1974          78      0.08397  0.08058  0.50   41810    3369   40125   286634   6.86
  1974          79      0.09535  0.09101  0.50   38441    3499   36692   246509   6.41
  1974          80      0.10439  0.09922  0.50   34942    3467   33209   209817   6.00
  1974          81      0.11877  0.11211  0.50   31475    3529   29711   176608   5.61
  1974          82      0.13441  0.12594  0.50   27947    3520   26187   146897   5.26
  1974          83      0.13911  0.13006  0.50   24427    3177   22839   120710   4.94
  1974          84      0.15968  0.14788  0.50   21250    3142   19679    97872   4.61
  1974          85      0.17284  0.15909  0.50   18108    2881   16667    78193   4.32
  1974          86      0.19393  0.17679  0.50   15227    2692   13881    61526   4.04
  1974          87      0.20532  0.18621  0.50   12535    2334   11368    47645   3.80
  1974          88      0.21537  0.19443  0.50   10201    1983    9209    36277   3.56
  1974          89      0.24095  0.21504  0.50    8217    1767    7334    27068   3.29
  1974          90      0.27121  0.23883  0.50    6450    1541    5680    19734   3.06
  1974          91      0.30807  0.26695  0.50    4910    1311    4255    14054   2.86
  1974          92      0.33706  0.28845  0.50    3599    1038    3080     9799   2.72
  1974          93      0.31312  0.27073  0.50    2561     693    2214     6719   2.62
  1974          94      0.37069  0.31272  0.50    1868     584    1576     4505   2.41
  1974          95      0.39430  0.32936  0.50    1284     423    1072     2929   2.28
  1974          96      0.42191  0.34841  0.50     861     300     711     1857   2.16
  1974          97      0.45005  0.36738  0.50     561     206     458     1146   2.04
  1974          98      0.47853  0.38614  0.50     355     137     286      688   1.94
  1974          99      0.50718  0.40458  0.50     218      88     174      402   1.85
  1974         100      0.53581  0.42259  0.50     130      55     102      228   1.76
  1974         101      0.56422  0.44007  0.50      75      33      58      126   1.68
  1974         102      0.59223  0.45693  0.50      42      19      32       68   1.61
  1974         103      0.61967  0.47309  0.50      23      11      17       35   1.55
  1974         104      0.64637  0.48850  0.50      12       6       9       18   1.49
  1974         105      0.67220  0.50311  0.50       6       3       5        9   1.44
  1974         106      0.69704  0.51689  0.50       3       2       2        4   1.40
  1974         107      0.72078  0.52983  0.50       1       1       1        2   1.36
  1974         108      0.74334  0.54193  0.50       1       0       1        1   1.32
  1974         109      0.76469  0.55318  0.50       0       0       0        0   1.29
  1974         110+     0.78477  1.00000  1.27       0       0       0        0   1.27
  1975           0      0.02043  0.02006  0.11  100000    2006   98211  7132915  71.33
  1975           1      0.00144  0.00144  0.50   97994     141   97923  7034704  71.79
  1975           2      0.00089  0.00089  0.50   97853      87   97809  6936781  70.89
  1975           3      0.00061  0.00061  0.50   97766      59   97736  6838972  69.95
  1975           4      0.00050  0.00050  0.50   97706      49   97682  6741235  68.99
  1975           5      0.00045  0.00045  0.50   97658      44   97635  6643553  68.03
  1975           6      0.00055  0.00055  0.50   97613      54   97586  6545918  67.06
  1975           7      0.00042  0.00042  0.50   97560      41   97539  6448332  66.10
  1975           8      0.00029  0.00029  0.50   97519      29   97504  6350792  65.12
  1975           9      0.00030  0.00030  0.50   97490      29   97475  6253288  64.14
  1975          10      0.00028  0.00028  0.50   97461      27   97447  6155813  63.16
  1975          11      0.00032  0.00032  0.50   97434      31   97418  6058365  62.18
  1975          12      0.00039  0.00039  0.50   97403      38   97383  5960947  61.20
  1975          13      0.00043  0.00043  0.50   97364      42   97343  5863564  60.22
  1975          14      0.00041  0.00041  0.50   97322      40   97302  5766221  59.25
  1975          15      0.00068  0.00068  0.50   97282      66   97249  5668918  58.27
  1975          16      0.00100  0.00100  0.50   97217      97   97168  5571669  57.31
  1975          17      0.00095  0.00095  0.50   97120      92   97074  5474501  56.37
  1975          18      0.00126  0.00125  0.50   97028     122   96967  5377427  55.42
  1975          19      0.00160  0.00160  0.50   96906     155   96829  5280460  54.49
  1975          20      0.00123  0.00123  0.50   96751     119   96692  5183632  53.58
  1975          21      0.00139  0.00139  0.50   96632     134   96565  5086940  52.64
  1975          22      0.00121  0.00121  0.50   96498     116   96440  4990375  51.71
  1975          23      0.00128  0.00128  0.50   96381     124   96320  4893935  50.78
  1975          24      0.00097  0.00097  0.50   96258      93   96211  4797616  49.84
  1975          25      0.00105  0.00105  0.50   96165     101   96114  4701405  48.89
  1975          26      0.00092  0.00092  0.50   96063      88   96019  4605290  47.94
  1975          27      0.00110  0.00110  0.50   95975     106   95923  4509271  46.98
  1975          28      0.00104  0.00104  0.50   95870     100   95820  4413348  46.03
  1975          29      0.00134  0.00134  0.50   95770     128   95706  4317529  45.08
  1975          30      0.00113  0.00113  0.50   95642     108   95588  4221823  44.14
  1975          31      0.00145  0.00145  0.50   95534     139   95465  4126235  43.19
  1975          32      0.00137  0.00137  0.50   95395     130   95330  4030771  42.25
  1975          33      0.00164  0.00164  0.50   95265     157   95187  3935441  41.31
  1975          34      0.00167  0.00166  0.50   95109     158   95029  3840254  40.38
  1975          35      0.00162  0.00162  0.50   94950     154   94873  3745224  39.44
  1975          36      0.00155  0.00155  0.50   94796     147   94723  3650351  38.51
  1975          37      0.00188  0.00188  0.50   94649     178   94560  3555628  37.57
  1975          38      0.00249  0.00248  0.50   94471     235   94354  3461068  36.64
  1975          39      0.00221  0.00220  0.50   94237     208   94133  3366714  35.73
  1975          40      0.00224  0.00224  0.50   94029     211   93924  3272581  34.80
  1975          41      0.00295  0.00295  0.50   93818     276   93680  3178658  33.88
  1975          42      0.00336  0.00335  0.50   93542     313   93385  3084977  32.98
  1975          43      0.00337  0.00337  0.50   93229     314   93072  2991592  32.09
  1975          44      0.00378  0.00377  0.50   92915     350   92740  2898520  31.20
  1975          45      0.00388  0.00388  0.50   92565     359   92385  2805781  30.31
  1975          46      0.00428  0.00427  0.50   92206     393   92009  2713396  29.43
  1975          47      0.00455  0.00454  0.50   91812     417   91604  2621387  28.55
  1975          48      0.00477  0.00476  0.50   91396     435   91178  2529783  27.68
  1975          49      0.00575  0.00573  0.50   90960     521   90700  2438605  26.81
  1975          50      0.00528  0.00526  0.50   90439     476   90201  2347905  25.96
  1975          51      0.00641  0.00639  0.50   89963     575   89676  2257703  25.10
  1975          52      0.00671  0.00668  0.50   89388     597   89090  2168028  24.25
  1975          53      0.00693  0.00691  0.50   88791     613   88484  2078938  23.41
  1975          54      0.00806  0.00802  0.50   88178     707   87824  1990454  22.57
  1975          55      0.00926  0.00921  0.50   87470     806   87067  1902630  21.75
  1975          56      0.00972  0.00967  0.50   86664     838   86245  1815562  20.95
  1975          57      0.01021  0.01016  0.50   85826     872   85390  1729317  20.15
  1975          58      0.01137  0.01130  0.50   84954     960   84474  1643927  19.35
  1975          59      0.01301  0.01293  0.50   83994    1086   83451  1559453  18.57
  1975          60      0.01371  0.01362  0.50   82908    1129   82343  1476002  17.80
  1975          61      0.01548  0.01536  0.50   81779    1256   81151  1393658  17.04
  1975          62      0.01601  0.01589  0.50   80522    1279   79883  1312508  16.30
  1975          63      0.01839  0.01822  0.50   79243    1444   78521  1232625  15.55
  1975          64      0.02027  0.02007  0.50   77799    1562   77018  1154104  14.83
  1975          65      0.02316  0.02289  0.50   76238    1745   75365  1077086  14.13
  1975          66      0.02521  0.02490  0.50   74492    1855   73565  1001721  13.45
  1975          67      0.02845  0.02806  0.50   72638    2038   71619   928156  12.78
  1975          68      0.03001  0.02957  0.50   70600    2087   69556   856537  12.13
  1975          69      0.03480  0.03420  0.50   68512    2343   67341   786981  11.49
  1975          70      0.03874  0.03800  0.50   66169    2515   64912   719640  10.88
  1975          71      0.04422  0.04326  0.50   63654    2754   62277   654729  10.29
  1975          72      0.04682  0.04575  0.50   60901    2786   59508   592451   9.73
  1975          73      0.05151  0.05022  0.50   58114    2918   56655   532944   9.17
  1975          74      0.05773  0.05611  0.50   55196    3097   53647   476288   8.63
  1975          75      0.06533  0.06326  0.50   52099    3296   50451   422641   8.11
  1975          76      0.07171  0.06923  0.50   48803    3379   47113   372190   7.63
  1975          77      0.08148  0.07829  0.50   45424    3556   43646   325077   7.16
  1975          78      0.08688  0.08327  0.50   41868    3486   40125   281431   6.72
  1975          79      0.09707  0.09258  0.50   38382    3553   36605   241306   6.29
  1975          80      0.11186  0.10594  0.50   34828    3690   32983   204701   5.88
  1975          81      0.11836  0.11174  0.50   31139    3480   29399   171717   5.51
  1975          82      0.12803  0.12032  0.50   27659    3328   25995   142318   5.15
  1975          83      0.14458  0.13484  0.50   24331    3281   22691   116323   4.78
  1975          84      0.16485  0.15230  0.50   21050    3206   19447    93633   4.45
  1975          85      0.17720  0.16278  0.50   17844    2905   16392    74185   4.16
  1975          86      0.19622  0.17869  0.50   14940    2670   13605    57793   3.87
  1975          87      0.21960  0.19787  0.50   12270    2428   11056    44188   3.60
  1975          88      0.23747  0.21227  0.50    9842    2089    8798    33132   3.37
  1975          89      0.25612  0.22705  0.50    7753    1760    6873    24334   3.14
  1975          90      0.29075  0.25385  0.50    5993    1521    5232    17462   2.91
  1975          91      0.31056  0.26881  0.50    4472    1202    3870    12229   2.73
  1975          92      0.34867  0.29691  0.50    3269     971    2784     8359   2.56
  1975          93      0.36554  0.30905  0.50    2299     710    1944     5575   2.43
  1975          94      0.39106  0.32710  0.50    1588     520    1329     3631   2.29
  1975          95      0.42032  0.34732  0.50    1069     371     883     2303   2.15
  1975          96      0.45019  0.36747  0.50     698     256     569     1420   2.03
  1975          97      0.48045  0.38739  0.50     441     171     356      850   1.93
  1975          98      0.51087  0.40693  0.50     270     110     215      494   1.83
  1975          99      0.54123  0.42596  0.50     160      68     126      279   1.74
  1975         100      0.57129  0.44436  0.50      92      41      72      153   1.66
  1975         101      0.60083  0.46203  0.50      51      24      39       81   1.59
  1975         102      0.62966  0.47889  0.50      28      13      21       42   1.53
  1975         103      0.65757  0.49486  0.50      14       7      11       21   1.47
  1975         104      0.68441  0.50992  0.50       7       4       5       10   1.42
  1975         105      0.71006  0.52402  0.50       4       2       3        5   1.37
  1975         106      0.73440  0.53716  0.50       2       1       1        2   1.33
  1975         107      0.75737  0.54934  0.50       1       0       1        1   1.30
  1975         108      0.77892  0.56059  0.50       0       0       0        0   1.26
  1975         109      0.79903  0.57094  0.50       0       0       0        0   1.24
  1975         110+     0.81771  1.00000  1.22       0       0       0        0   1.22
  1976           0      0.01794  0.01766  0.11  100000    1766   98433  7178797  71.79
  1976           1      0.00128  0.00128  0.50   98234     125   98171  7080364  72.08
  1976           2      0.00082  0.00082  0.50   98109      80   98068  6982193  71.17
  1976           3      0.00052  0.00052  0.50   98028      51   98003  6884125  70.23
  1976           4      0.00038  0.00038  0.50   97977      37   97959  6786122  69.26
  1976           5      0.00041  0.00041  0.50   97940      40   97920  6688163  68.29
  1976           6      0.00032  0.00032  0.50   97901      31   97885  6590243  67.32
  1976           7      0.00033  0.00033  0.50   97870      32   97854  6492357  66.34
  1976           8      0.00037  0.00037  0.50   97837      36   97819  6394504  65.36
  1976           9      0.00025  0.00025  0.50   97801      24   97789  6296685  64.38
  1976          10      0.00031  0.00031  0.50   97777      30   97762  6198895  63.40
  1976          11      0.00029  0.00029  0.50   97747      28   97733  6101133  62.42
  1976          12      0.00025  0.00025  0.50   97718      25   97706  6003401  61.44
  1976          13      0.00027  0.00027  0.50   97694      27   97681  5905695  60.45
  1976          14      0.00043  0.00043  0.50   97667      42   97646  5808014  59.47
  1976          15      0.00051  0.00051  0.50   97625      50   97600  5710368  58.49
  1976          16      0.00102  0.00102  0.50   97575     100   97525  5612768  57.52
  1976          17      0.00095  0.00095  0.50   97475      93   97429  5515242  56.58
  1976          18      0.00136  0.00135  0.50   97382     132   97316  5417814  55.63
  1976          19      0.00123  0.00123  0.50   97250     119   97191  5320497  54.71
  1976          20      0.00133  0.00133  0.50   97131     129   97067  5223306  53.78
  1976          21      0.00121  0.00121  0.50   97002     117   96944  5126239  52.85
  1976          22      0.00107  0.00107  0.50   96885     104   96834  5029295  51.91
  1976          23      0.00102  0.00102  0.50   96782      98   96733  4932462  50.96
  1976          24      0.00114  0.00114  0.50   96683     110   96628  4835729  50.02
  1976          25      0.00095  0.00095  0.50   96573      92   96527  4739101  49.07
  1976          26      0.00109  0.00109  0.50   96481     105   96429  4642574  48.12
  1976          27      0.00110  0.00110  0.50   96376     106   96323  4546145  47.17
  1976          28      0.00112  0.00112  0.50   96270     108   96216  4449822  46.22
  1976          29      0.00119  0.00119  0.50   96162     114   96105  4353606  45.27
  1976          30      0.00115  0.00115  0.50   96048     110   95993  4257502  44.33
  1976          31      0.00124  0.00124  0.50   95938     119   95878  4161509  43.38
  1976          32      0.00151  0.00151  0.50   95819     144   95747  4065631  42.43
  1976          33      0.00158  0.00158  0.50   95674     151   95599  3969884  41.49
  1976          34      0.00178  0.00178  0.50   95523     170   95438  3874285  40.56
  1976          35      0.00145  0.00145  0.50   95354     138   95285  3778847  39.63
  1976          36      0.00173  0.00173  0.50   95215     165   95133  3683562  38.69
  1976          37      0.00149  0.00149  0.50   95051     142   94980  3588429  37.75
  1976          38      0.00188  0.00188  0.50   94909     178   94820  3493449  36.81
  1976          39      0.00212  0.00212  0.50   94731     200   94631  3398629  35.88
  1976          40      0.00256  0.00256  0.50   94530     242   94409  3303999  34.95
  1976          41      0.00252  0.00252  0.50   94288     238   94169  3209589  34.04
  1976          42      0.00312  0.00311  0.50   94051     293   93904  3115420  33.12
  1976          43      0.00350  0.00349  0.50   93758     327   93594  3021516  32.23
  1976          44      0.00383  0.00383  0.50   93431     357   93252  2927921  31.34
  1976          45      0.00379  0.00378  0.50   93073     352   92897  2834669  30.46
  1976          46      0.00461  0.00460  0.50   92721     426   92508  2741772  29.57
  1976          47      0.00468  0.00467  0.50   92295     431   92080  2649264  28.70
  1976          48      0.00466  0.00464  0.50   91864     427   91651  2557184  27.84
  1976          49      0.00523  0.00521  0.50   91438     477   91199  2465533  26.96
  1976          50      0.00619  0.00617  0.50   90961     561   90680  2374334  26.10
  1976          51      0.00592  0.00590  0.50   90400     534   90133  2283653  25.26
  1976          52      0.00730  0.00727  0.50   89866     654   89539  2193520  24.41
  1976          53      0.00717  0.00714  0.50   89213     637   88894  2103981  23.58
  1976          54      0.00781  0.00778  0.50   88576     689   88231  2015086  22.75
  1976          55      0.00838  0.00835  0.50   87886     734   87519  1926855  21.92
  1976          56      0.00940  0.00935  0.50   87153     815   86745  1839336  21.10
  1976          57      0.01070  0.01064  0.50   86337     919   85878  1752591  20.30
  1976          58      0.01173  0.01166  0.50   85419     996   84921  1666713  19.51
  1976          59      0.01227  0.01220  0.50   84423    1030   83908  1581793  18.74
  1976          60      0.01275  0.01267  0.50   83393    1056   82865  1497885  17.96
  1976          61      0.01457  0.01447  0.50   82337    1191   81741  1415020  17.19
  1976          62      0.01516  0.01504  0.50   81145    1221   80535  1333279  16.43
  1976          63      0.01784  0.01768  0.50   79924    1413   79218  1252745  15.67
  1976          64      0.01925  0.01907  0.50   78511    1497   77763  1173527  14.95
  1976          65      0.02227  0.02203  0.50   77014    1696   76166  1095764  14.23
  1976          66      0.02507  0.02476  0.50   75318    1865   74386  1019598  13.54
  1976          67      0.02771  0.02733  0.50   73453    2007   72449   945212  12.87
  1976          68      0.02954  0.02911  0.50   71446    2080   70406   872763  12.22
  1976          69      0.03349  0.03294  0.50   69366    2285   68224   802357  11.57
  1976          70      0.03702  0.03635  0.50   67081    2438   65862   734133  10.94
  1976          71      0.04254  0.04166  0.50   64643    2693   63296   668271  10.34
  1976          72      0.04568  0.04466  0.50   61950    2766   60567   604975   9.77
  1976          73      0.05270  0.05134  0.50   59184    3039   57664   544408   9.20
  1976          74      0.05819  0.05655  0.50   56145    3175   54558   486743   8.67
  1976          75      0.06285  0.06093  0.50   52970    3228   51356   432186   8.16
  1976          76      0.07206  0.06955  0.50   49743    3460   48013   380830   7.66
  1976          77      0.07877  0.07579  0.50   46283    3508   44529   332817   7.19
  1976          78      0.08730  0.08365  0.50   42775    3578   40986   288288   6.74
  1976          79      0.09697  0.09248  0.50   39197    3625   37385   247302   6.31
  1976          80      0.10755  0.10206  0.50   35572    3630   33757   209917   5.90
  1976          81      0.11391  0.10777  0.50   31942    3442   30220   176160   5.52
  1976          82      0.13149  0.12337  0.50   28499    3516   26741   145940   5.12
  1976          83      0.14243  0.13297  0.50   24983    3322   23322   119199   4.77
  1976          84      0.16682  0.15398  0.50   21661    3335   19994    95877   4.43
  1976          85      0.18005  0.16518  0.50   18326    3027   16812    75883   4.14
  1976          86      0.19965  0.18153  0.50   15299    2777   13910    59071   3.86
  1976          87      0.21899  0.19737  0.50   12522    2471   11286    45160   3.61
  1976          88      0.24739  0.22016  0.50   10050    2213    8944    33874   3.37
  1976          89      0.26075  0.23068  0.50    7838    1808    6934    24931   3.18
  1976          90      0.26330  0.23267  0.50    6030    1403    5328    17997   2.98
  1976          91      0.30204  0.26241  0.50    4627    1214    4020    12669   2.74
  1976          92      0.34454  0.29391  0.50    3413    1003    2911     8649   2.53
  1976          93      0.37156  0.31335  0.50    2410     755    2032     5738   2.38
  1976          94      0.40346  0.33573  0.50    1655     555    1377     3706   2.24
  1976          95      0.42791  0.35249  0.50    1099     387     905     2329   2.12
  1976          96      0.45859  0.37305  0.50     712     265     579     1424   2.00
  1976          97      0.48960  0.39332  0.50     446     175     358      845   1.89
  1976          98      0.52071  0.41315  0.50     271     112     215      486   1.80
  1976          99      0.55168  0.43241  0.50     159      69     125      272   1.71
  1976         100      0.58227  0.45098  0.50      90      41      70      147   1.63
  1976         101      0.61225  0.46875  0.50      50      23      38       77   1.56
  1976         102      0.64141  0.48566  0.50      26      13      20       39   1.50
  1976         103      0.66956  0.50162  0.50      14       7      10       20   1.44
  1976         104      0.69654  0.51662  0.50       7       3       5        9   1.39
  1976         105      0.72224  0.53062  0.50       3       2       2        4   1.35
  1976         106      0.74654  0.54362  0.50       2       1       1        2   1.31
  1976         107      0.76939  0.55564  0.50       1       0       1        1   1.28
  1976         108      0.79074  0.56669  0.50       0       0       0        0   1.25
  1976         109      0.81059  0.57681  0.50       0       0       0        0   1.22
  1976         110+     0.82895  1.00000  1.21       0       0       0        0   1.21
  1977           0      0.01691  0.01666  0.11  100000    1666   98525  7213691  72.14
  1977           1      0.00117  0.00117  0.50   98334     115   98277  7115166  72.36
  1977           2      0.00072  0.00072  0.50   98220      71   98184  7016889  71.44
  1977           3      0.00036  0.00036  0.50   98149      35   98131  6918704  70.49
  1977           4      0.00045  0.00045  0.50   98114      44   98092  6820573  69.52
  1977           5      0.00033  0.00033  0.50   98070      32   98054  6722481  68.55
  1977           6      0.00038  0.00038  0.50   98038      37   98019  6624427  67.57
  1977           7      0.00031  0.00031  0.50   98001      30   97986  6526408  66.60
  1977           8      0.00025  0.00025  0.50   97970      24   97958  6428423  65.62
  1977           9      0.00034  0.00034  0.50   97946      33   97930  6330464  64.63
  1977          10      0.00025  0.00025  0.50   97913      25   97901  6232535  63.65
  1977          11      0.00033  0.00033  0.50   97888      32   97872  6134634  62.67
  1977          12      0.00024  0.00024  0.50   97857      23   97845  6036761  61.69
  1977          13      0.00029  0.00029  0.50   97833      28   97819  5938916  60.70
  1977          14      0.00037  0.00037  0.50   97805      36   97787  5841097  59.72
  1977          15      0.00055  0.00055  0.50   97769      54   97742  5743310  58.74
  1977          16      0.00118  0.00118  0.50   97715     115   97658  5645568  57.78
  1977          17      0.00119  0.00119  0.50   97600     116   97542  5547910  56.84
  1977          18      0.00126  0.00126  0.50   97484     122   97423  5450368  55.91
  1977          19      0.00147  0.00147  0.50   97362     143   97290  5352945  54.98
  1977          20      0.00123  0.00123  0.50   97219     119   97159  5255655  54.06
  1977          21      0.00128  0.00127  0.50   97100     124   97038  5158495  53.13
  1977          22      0.00108  0.00108  0.50   96976     105   96924  5061457  52.19
  1977          23      0.00109  0.00109  0.50   96871     105   96819  4964533  51.25
  1977          24      0.00113  0.00113  0.50   96766     110   96711  4867715  50.30
  1977          25      0.00097  0.00097  0.50   96656      94   96609  4771003  49.36
  1977          26      0.00093  0.00093  0.50   96563      90   96517  4674394  48.41
  1977          27      0.00120  0.00120  0.50   96472     116   96415  4577876  47.45
  1977          28      0.00113  0.00113  0.50   96357     109   96302  4481462  46.51
  1977          29      0.00108  0.00108  0.50   96248     104   96196  4385160  45.56
  1977          30      0.00122  0.00122  0.50   96144     117   96085  4288964  44.61
  1977          31      0.00122  0.00122  0.50   96027     117   95968  4192879  43.66
  1977          32      0.00137  0.00137  0.50   95910     131   95844  4096910  42.72
  1977          33      0.00155  0.00155  0.50   95778     148   95704  4001067  41.77
  1977          34      0.00152  0.00151  0.50   95630     145   95557  3905363  40.84
  1977          35      0.00161  0.00161  0.50   95485     154   95408  3809805  39.90
  1977          36      0.00152  0.00152  0.50   95331     145   95259  3714397  38.96
  1977          37      0.00183  0.00183  0.50   95187     174   95100  3619138  38.02
  1977          38      0.00207  0.00207  0.50   95013     197   94914  3524038  37.09
  1977          39      0.00238  0.00237  0.50   94816     225   94703  3429123  36.17
  1977          40      0.00217  0.00217  0.50   94591     206   94488  3334420  35.25
  1977          41      0.00300  0.00299  0.50   94385     282   94244  3239932  34.33
  1977          42      0.00285  0.00284  0.50   94103     268   93969  3145688  33.43
  1977          43      0.00319  0.00318  0.50   93835     299   93686  3051719  32.52
  1977          44      0.00345  0.00344  0.50   93536     322   93375  2958034  31.62
  1977          45      0.00406  0.00405  0.50   93214     377   93026  2864658  30.73
  1977          46      0.00443  0.00442  0.50   92837     410   92632  2771633  29.85
  1977          47      0.00499  0.00498  0.50   92427     460   92197  2679001  28.99
  1977          48      0.00520  0.00518  0.50   91967     477   91728  2586804  28.13
  1977          49      0.00562  0.00561  0.50   91490     513   91234  2495076  27.27
  1977          50      0.00625  0.00623  0.50   90977     567   90693  2403842  26.42
  1977          51      0.00603  0.00602  0.50   90410     544   90138  2313149  25.59
  1977          52      0.00669  0.00667  0.50   89866     599   89566  2223011  24.74
  1977          53      0.00695  0.00693  0.50   89267     618   88958  2133444  23.90
  1977          54      0.00791  0.00787  0.50   88648     698   88299  2044487  23.06
  1977          55      0.00854  0.00851  0.50   87950     748   87576  1956187  22.24
  1977          56      0.00930  0.00926  0.50   87202     807   86799  1868611  21.43
  1977          57      0.01011  0.01006  0.50   86395     869   85960  1781812  20.62
  1977          58      0.01150  0.01143  0.50   85526     978   85037  1695852  19.83
  1977          59      0.01267  0.01259  0.50   84548    1065   84016  1610815  19.05
  1977          60      0.01322  0.01313  0.50   83483    1096   82935  1526799  18.29
  1977          61      0.01364  0.01355  0.50   82387    1116   81829  1443864  17.53
  1977          62      0.01505  0.01494  0.50   81271    1214   80664  1362035  16.76
  1977          63      0.01710  0.01696  0.50   80057    1358   79378  1281372  16.01
  1977          64      0.01885  0.01867  0.50   78699    1469   77964  1201994  15.27
  1977          65      0.02076  0.02055  0.50   77230    1587   76436  1124030  14.55
  1977          66      0.02298  0.02272  0.50   75642    1718   74783  1047594  13.85
  1977          67      0.02645  0.02610  0.50   73924    1930   72959   972810  13.16
  1977          68      0.02928  0.02886  0.50   71995    2078   70956   899851  12.50
  1977          69      0.03263  0.03211  0.50   69917    2245   68795   828895  11.86
  1977          70      0.03547  0.03485  0.50   67672    2359   66493   760100  11.23
  1977          71      0.04082  0.04000  0.50   65314    2613   64007   693607  10.62
  1977          72      0.04456  0.04359  0.50   62701    2733   61334   629600  10.04
  1977          73      0.05056  0.04931  0.50   59968    2957   58489   568266   9.48
  1977          74      0.05375  0.05235  0.50   57011    2984   55519   509777   8.94
  1977          75      0.06299  0.06106  0.50   54026    3299   52377   454258   8.41
  1977          76      0.06802  0.06578  0.50   50727    3337   49059   401881   7.92
  1977          77      0.07690  0.07406  0.50   47390    3510   45636   352822   7.45
  1977          78      0.08138  0.07820  0.50   43881    3431   42165   307187   7.00
  1977          79      0.09255  0.08846  0.50   40449    3578   38660   265022   6.55
  1977          80      0.10552  0.10023  0.50   36871    3696   35024   226361   6.14
  1977          81      0.11397  0.10782  0.50   33176    3577   31387   191338   5.77
  1977          82      0.12637  0.11886  0.50   29599    3518   27840   159950   5.40
  1977          83      0.13405  0.12563  0.50   26081    3276   24442   132111   5.07
  1977          84      0.14978  0.13934  0.50   22804    3178   21215   107668   4.72
  1977          85      0.16367  0.15129  0.50   19627    2969   18142    86453   4.40
  1977          86      0.18398  0.16848  0.50   16657    2806   15254    68311   4.10
  1977          87      0.20120  0.18281  0.50   13851    2532   12585    53057   3.83
  1977          88      0.21510  0.19421  0.50   11319    2198   10220    40472   3.58
  1977          89      0.25255  0.22424  0.50    9121    2045    8098    30252   3.32
  1977          90      0.25881  0.22916  0.50    7075    1621    6265    22154   3.13
  1977          91      0.29771  0.25914  0.50    5454    1413    4747    15890   2.91
  1977          92      0.29862  0.25983  0.50    4041    1050    3516    11142   2.76
  1977          93      0.35971  0.30487  0.50    2991     912    2535     7627   2.55
  1977          94      0.36111  0.30588  0.50    2079     636    1761     5092   2.45
  1977          95      0.38830  0.32517  0.50    1443     469    1208     3331   2.31
  1977          96      0.41623  0.34453  0.50     974     336     806     2122   2.18
  1977          97      0.44474  0.36383  0.50     638     232     522     1316   2.06
  1977          98      0.47362  0.38294  0.50     406     155     328      794   1.96
  1977          99      0.50268  0.40172  0.50     251     101     200      466   1.86
  1977         100      0.53173  0.42005  0.50     150      63     118      266   1.77
  1977         101      0.56055  0.43784  0.50      87      38      68      147   1.69
  1977         102      0.58895  0.45497  0.50      49      22      38       79   1.62
  1977         103      0.61674  0.47138  0.50      27      13      20       41   1.56
  1977         104      0.64375  0.48700  0.50      14       7      11       21   1.50
  1977         105      0.66984  0.50178  0.50       7       4       5       10   1.45
  1977         106      0.69488  0.51570  0.50       4       2       3        5   1.40
  1977         107      0.71876  0.52874  0.50       2       1       1        2   1.36
  1977         108      0.74141  0.54090  0.50       1       0       1        1   1.32
  1977         109      0.76278  0.55218  0.50       0       0       0        0   1.30
  1977         110+     0.78283  1.00000  1.28       0       0       0        0   1.28
  1978           0      0.01518  0.01498  0.12  100000    1498   98679  7220406  72.20
  1978           1      0.00114  0.00113  0.50   98502     112   98446  7121727  72.30
  1978           2      0.00084  0.00084  0.50   98390      83   98349  7023281  71.38
  1978           3      0.00056  0.00056  0.50   98308      55   98280  6924932  70.44
  1978           4      0.00045  0.00045  0.50   98253      44   98231  6826652  69.48
  1978           5      0.00043  0.00043  0.50   98209      42   98188  6728421  68.51
  1978           6      0.00023  0.00023  0.50   98167      23   98156  6630233  67.54
  1978           7      0.00020  0.00020  0.50   98144      20   98134  6532077  66.56
  1978           8      0.00020  0.00020  0.50   98124      20   98114  6433943  65.57
  1978           9      0.00030  0.00030  0.50   98105      30   98090  6335828  64.58
  1978          10      0.00018  0.00018  0.50   98075      17   98066  6237738  63.60
  1978          11      0.00025  0.00025  0.50   98057      24   98045  6139672  62.61
  1978          12      0.00027  0.00027  0.50   98033      26   98020  6041627  61.63
  1978          13      0.00031  0.00031  0.50   98007      31   97991  5943607  60.64
  1978          14      0.00033  0.00033  0.50   97976      33   97960  5845615  59.66
  1978          15      0.00056  0.00056  0.50   97943      55   97916  5747656  58.68
  1978          16      0.00092  0.00092  0.50   97889      90   97844  5649739  57.72
  1978          17      0.00109  0.00108  0.50   97799     106   97746  5551896  56.77
  1978          18      0.00152  0.00152  0.50   97693     148   97619  5454150  55.83
  1978          19      0.00149  0.00148  0.50   97545     145   97472  5356531  54.91
  1978          20      0.00141  0.00141  0.50   97400     138   97331  5259059  53.99
  1978          21      0.00139  0.00139  0.50   97262     136   97195  5161728  53.07
  1978          22      0.00125  0.00125  0.50   97127     122   97066  5064534  52.14
  1978          23      0.00102  0.00102  0.50   97005      99   96955  4967468  51.21
  1978          24      0.00112  0.00112  0.50   96906     108   96852  4870512  50.26
  1978          25      0.00116  0.00116  0.50   96797     112   96741  4773661  49.32
  1978          26      0.00097  0.00097  0.50   96686      94   96638  4676919  48.37
  1978          27      0.00111  0.00111  0.50   96591     108   96538  4580281  47.42
  1978          28      0.00118  0.00118  0.50   96484     114   96427  4483743  46.47
  1978          29      0.00096  0.00096  0.50   96370      93   96323  4387316  45.53
  1978          30      0.00135  0.00135  0.50   96277     130   96212  4290993  44.57
  1978          31      0.00120  0.00120  0.50   96146     116   96089  4194781  43.63
  1978          32      0.00144  0.00144  0.50   96031     138   95962  4098693  42.68
  1978          33      0.00151  0.00150  0.50   95893     144   95821  4002731  41.74
  1978          34      0.00143  0.00143  0.50   95748     137   95680  3906910  40.80
  1978          35      0.00143  0.00143  0.50   95612     137   95544  3811230  39.86
  1978          36      0.00173  0.00173  0.50   95475     165   95393  3715686  38.92
  1978          37      0.00170  0.00170  0.50   95310     162   95229  3620294  37.98
  1978          38      0.00204  0.00204  0.50   95148     194   95051  3525064  37.05
  1978          39      0.00214  0.00214  0.50   94955     203   94853  3430013  36.12
  1978          40      0.00231  0.00231  0.50   94752     219   94642  3335160  35.20
  1978          41      0.00265  0.00264  0.50   94533     250   94408  3240518  34.28
  1978          42      0.00289  0.00289  0.50   94283     272   94147  3146110  33.37
  1978          43      0.00344  0.00343  0.50   94011     322   93850  3051962  32.46
  1978          44      0.00356  0.00356  0.50   93689     333   93522  2958113  31.57
  1978          45      0.00394  0.00393  0.50   93355     367   93172  2864591  30.68
  1978          46      0.00427  0.00426  0.50   92988     397   92790  2771419  29.80
  1978          47      0.00413  0.00413  0.50   92591     382   92400  2678629  28.93
  1978          48      0.00536  0.00535  0.50   92210     493   91963  2586229  28.05
  1978          49      0.00573  0.00571  0.50   91716     524   91455  2494266  27.20
  1978          50      0.00629  0.00627  0.50   91193     572   90907  2402811  26.35
  1978          51      0.00607  0.00605  0.50   90621     548   90347  2311905  25.51
  1978          52      0.00688  0.00686  0.50   90072     618   89764  2221558  24.66
  1978          53      0.00717  0.00715  0.50   89455     639   89135  2131794  23.83
  1978          54      0.00769  0.00766  0.50   88815     680   88475  2042659  23.00
  1978          55      0.00844  0.00841  0.50   88135     741   87765  1954184  22.17
  1978          56      0.00925  0.00920  0.50   87395     804   86992  1866419  21.36
  1978          57      0.00927  0.00923  0.50   86590     799   86191  1779426  20.55
  1978          58      0.01107  0.01101  0.50   85791     945   85319  1693236  19.74
  1978          59      0.01242  0.01234  0.50   84846    1047   84323  1607917  18.95
  1978          60      0.01372  0.01363  0.50   83799    1142   83228  1523594  18.18
  1978          61      0.01419  0.01409  0.50   82657    1165   82075  1440366  17.43
  1978          62      0.01570  0.01558  0.50   81493    1270   80858  1358291  16.67
  1978          63      0.01688  0.01674  0.50   80223    1343   79551  1277433  15.92
  1978          64      0.01825  0.01808  0.50   78880    1426   78167  1197881  15.19
  1978          65      0.02074  0.02053  0.50   77453    1590   76659  1119715  14.46
  1978          66      0.02322  0.02295  0.50   75864    1741   74993  1043056  13.75
  1978          67      0.02696  0.02660  0.50   74122    1972   73136   968063  13.06
  1978          68      0.02872  0.02831  0.50   72151    2043   71129   894927  12.40
  1978          69      0.03251  0.03199  0.50   70108    2243   68987   823798  11.75
  1978          70      0.03505  0.03444  0.50   67865    2338   66697   754811  11.12
  1978          71      0.03988  0.03910  0.50   65528    2562   64247   688115  10.50
  1978          72      0.04391  0.04297  0.50   62966    2706   61613   623868   9.91
  1978          73      0.04993  0.04871  0.50   60260    2935   58792   562255   9.33
  1978          74      0.05459  0.05314  0.50   57324    3046   55801   503463   8.78
  1978          75      0.06323  0.06129  0.50   54278    3327   52615   447661   8.25
  1978          76      0.06993  0.06756  0.50   50952    3443   49230   395046   7.75
  1978          77      0.07801  0.07508  0.50   47509    3567   45726   345816   7.28
  1978          78      0.08289  0.07959  0.50   43942    3497   42194   300090   6.83
  1978          79      0.09573  0.09136  0.50   40445    3695   38597   257896   6.38
  1978          80      0.10595  0.10062  0.50   36750    3698   34901   219299   5.97
  1978          81      0.11500  0.10874  0.50   33052    3594   31255   184398   5.58
  1978          82      0.13307  0.12477  0.50   29458    3676   27620   153143   5.20
  1978          83      0.14339  0.13380  0.50   25783    3450   24058   125522   4.87
  1978          84      0.15536  0.14416  0.50   22333    3220   20723   101465   4.54
  1978          85      0.17308  0.15930  0.50   19113    3045   17591    80742   4.22
  1978          86      0.19591  0.17843  0.50   16069    2867   14635    63151   3.93
  1978          87      0.21317  0.19264  0.50   13202    2543   11930    48516   3.67
  1978          88      0.23779  0.21252  0.50   10658    2265    9526    36586   3.43
  1978          89      0.24354  0.21710  0.50    8393    1822    7482    27060   3.22
  1978          90      0.27856  0.24450  0.50    6571    1607    5768    19578   2.98
  1978          91      0.31658  0.27332  0.50    4964    1357    4286    13810   2.78
  1978          92      0.32650  0.28068  0.50    3608    1013    3101     9524   2.64
  1978          93      0.35618  0.30234  0.50    2595     785    2203     6422   2.47
  1978          94      0.38315  0.32155  0.50    1810     582    1519     4220   2.33
  1978          95      0.41045  0.34056  0.50    1228     418    1019     2700   2.20
  1978          96      0.43991  0.36060  0.50     810     292     664     1681   2.08
  1978          97      0.46983  0.38046  0.50     518     197     419     1017   1.96
  1978          98      0.49999  0.40000  0.50     321     128     257      598   1.86
  1978          99      0.53017  0.41908  0.50     193      81     152      341   1.77
  1978         100      0.56014  0.43758  0.50     112      49      87      189   1.69
  1978         101      0.58967  0.45540  0.50      63      29      49      102   1.62
  1978         102      0.61856  0.47244  0.50      34      16      26       53   1.55
  1978         103      0.64661  0.48864  0.50      18       9      14       27   1.49
  1978         104      0.67367  0.50393  0.50       9       5       7       13   1.44
  1978         105      0.69959  0.51829  0.50       5       2       3        6   1.39
  1978         106      0.72426  0.53171  0.50       2       1       2        3   1.35
  1978         107      0.74759  0.54418  0.50       1       1       1        1   1.31
  1978         108      0.76953  0.55571  0.50       0       0       0        1   1.28
  1978         109      0.79005  0.56634  0.50       0       0       0        0   1.25
  1978         110+     0.80915  1.00000  1.24       0       0       0        0   1.24
  1979           0      0.01496  0.01477  0.12  100000    1477   98698  7254508  72.55
  1979           1      0.00116  0.00116  0.50   98523     114   98466  7155810  72.63
  1979           2      0.00065  0.00065  0.50   98409      64   98377  7057344  71.71
  1979           3      0.00040  0.00040  0.50   98345      39   98325  6958967  70.76
  1979           4      0.00038  0.00038  0.50   98306      37   98287  6860642  69.79
  1979           5      0.00043  0.00043  0.50   98269      42   98248  6762355  68.82
  1979           6      0.00044  0.00044  0.50   98227      43   98205  6664108  67.84
  1979           7      0.00033  0.00033  0.50   98184      32   98167  6565902  66.87
  1979           8      0.00028  0.00028  0.50   98151      27   98138  6467735  65.90
  1979           9      0.00018  0.00018  0.50   98124      17   98116  6369597  64.91
  1979          10      0.00029  0.00029  0.50   98107      28   98093  6271482  63.92
  1979          11      0.00030  0.00030  0.50   98079      29   98064  6173389  62.94
  1979          12      0.00027  0.00027  0.50   98050      27   98036  6075325  61.96
  1979          13      0.00036  0.00036  0.50   98023      35   98006  5977288  60.98
  1979          14      0.00027  0.00027  0.50   97988      27   97975  5879283  60.00
  1979          15      0.00045  0.00045  0.50   97961      44   97939  5781308  59.02
  1979          16      0.00089  0.00089  0.50   97918      87   97874  5683368  58.04
  1979          17      0.00124  0.00124  0.50   97831     121   97770  5585494  57.09
  1979          18      0.00138  0.00138  0.50   97710     135   97642  5487724  56.16
  1979          19      0.00133  0.00133  0.50   97575     130   97510  5390082  55.24
  1979          20      0.00130  0.00130  0.50   97445     127   97382  5292571  54.31
  1979          21      0.00138  0.00138  0.50   97318     134   97251  5195190  53.38
  1979          22      0.00112  0.00112  0.50   97184     109   97130  5097938  52.46
  1979          23      0.00111  0.00111  0.50   97076     108   97022  5000809  51.51
  1979          24      0.00116  0.00116  0.50   96968     112   96911  4903787  50.57
  1979          25      0.00108  0.00107  0.50   96855     104   96803  4806875  49.63
  1979          26      0.00100  0.00100  0.50   96751      97   96703  4710072  48.68
  1979          27      0.00120  0.00120  0.50   96654     116   96596  4613370  47.73
  1979          28      0.00101  0.00101  0.50   96538      98   96489  4516773  46.79
  1979          29      0.00105  0.00105  0.50   96441     102   96390  4420284  45.83
  1979          30      0.00109  0.00109  0.50   96339     105   96287  4323894  44.88
  1979          31      0.00103  0.00103  0.50   96234      99   96185  4227607  43.93
  1979          32      0.00123  0.00123  0.50   96136     118   96077  4131423  42.97
  1979          33      0.00132  0.00132  0.50   96018     127   95954  4035346  42.03
  1979          34      0.00150  0.00150  0.50   95891     144   95819  3939392  41.08
  1979          35      0.00193  0.00192  0.50   95747     184   95655  3843573  40.14
  1979          36      0.00172  0.00172  0.50   95563     165   95480  3747918  39.22
  1979          37      0.00186  0.00186  0.50   95398     177   95309  3652438  38.29
  1979          38      0.00192  0.00192  0.50   95221     183   95129  3557128  37.36
  1979          39      0.00199  0.00199  0.50   95038     189   94943  3461999  36.43
  1979          40      0.00239  0.00239  0.50   94849     227   94735  3367056  35.50
  1979          41      0.00255  0.00254  0.50   94622     241   94502  3272320  34.58
  1979          42      0.00257  0.00256  0.50   94381     242   94260  3177818  33.67
  1979          43      0.00309  0.00308  0.50   94139     290   93994  3083558  32.76
  1979          44      0.00343  0.00342  0.50   93849     321   93689  2989564  31.85
  1979          45      0.00371  0.00370  0.50   93528     346   93355  2895875  30.96
  1979          46      0.00404  0.00404  0.50   93182     376   92994  2802519  30.08
  1979          47      0.00461  0.00460  0.50   92806     427   92593  2709525  29.20
  1979          48      0.00596  0.00594  0.50   92379     549   92105  2616932  28.33
  1979          49      0.00602  0.00600  0.50   91831     551   91555  2524828  27.49
  1979          50      0.00601  0.00599  0.50   91279     547   91006  2433273  26.66
  1979          51      0.00586  0.00584  0.50   90732     530   90467  2342267  25.82
  1979          52      0.00674  0.00671  0.50   90202     606   89899  2251800  24.96
  1979          53      0.00729  0.00726  0.50   89597     651   89271  2161900  24.13
  1979          54      0.00753  0.00750  0.50   88946     667   88612  2072629  23.30
  1979          55      0.00881  0.00877  0.50   88279     774   87891  1984017  22.47
  1979          56      0.00953  0.00948  0.50   87504     830   87089  1896125  21.67
  1979          57      0.01015  0.01010  0.50   86675     875   86237  1809036  20.87
  1979          58      0.01108  0.01102  0.50   85800     945   85327  1722799  20.08
  1979          59      0.01143  0.01137  0.50   84854     965   84372  1637472  19.30
  1979          60      0.01335  0.01326  0.50   83890    1113   83333  1553100  18.51
  1979          61      0.01514  0.01502  0.50   82777    1243   82155  1469766  17.76
  1979          62      0.01437  0.01427  0.50   81534    1164   80952  1387611  17.02
  1979          63      0.01638  0.01625  0.50   80370    1306   79717  1306659  16.26
  1979          64      0.01837  0.01821  0.50   79064    1440   78345  1226942  15.52
  1979          65      0.01938  0.01920  0.50   77625    1490   76880  1148597  14.80
  1979          66      0.02180  0.02157  0.50   76135    1642   75314  1071717  14.08
  1979          67      0.02516  0.02484  0.50   74493    1851   73567   996404  13.38
  1979          68      0.02647  0.02613  0.50   72642    1898   71693   922836  12.70
  1979          69      0.03140  0.03091  0.50   70744    2187   69650   851144  12.03
  1979          70      0.03434  0.03376  0.50   68557    2314   67400   781493  11.40
  1979          71      0.03919  0.03843  0.50   66243    2546   64970   714093  10.78
  1979          72      0.04317  0.04226  0.50   63697    2692   62351   649124  10.19
  1979          73      0.04796  0.04684  0.50   61005    2857   59576   586773   9.62
  1979          74      0.05364  0.05224  0.50   58147    3037   56629   527197   9.07
  1979          75      0.05864  0.05697  0.50   55110    3139   53540   470568   8.54
  1979          76      0.06583  0.06373  0.50   51971    3312   50314   417028   8.02
  1979          77      0.07173  0.06924  0.50   48658    3369   46974   366714   7.54
  1979          78      0.08185  0.07863  0.50   45289    3561   43509   319740   7.06
  1979          79      0.09004  0.08616  0.50   41728    3595   39930   276232   6.62
  1979          80      0.10123  0.09635  0.50   38133    3674   36296   236301   6.20
  1979          81      0.11432  0.10814  0.50   34458    3726   32595   200006   5.80
  1979          82      0.12403  0.11678  0.50   30732    3589   28938   167410   5.45
  1979          83      0.13857  0.12959  0.50   27143    3518   25384   138473   5.10
  1979          84      0.14670  0.13667  0.50   23626    3229   22011   113088   4.79
  1979          85      0.15850  0.14687  0.50   20397    2996   18899    91077   4.47
  1979          86      0.17931  0.16456  0.50   17401    2864   15969    72178   4.15
  1979          87      0.20180  0.18331  0.50   14538    2665   13205    56208   3.87
  1979          88      0.20429  0.18536  0.50   11873    2201   10772    43003   3.62
  1979          89      0.23351  0.20910  0.50    9672    2022    8661    32231   3.33
  1979          90      0.27007  0.23794  0.50    7650    1820    6740    23570   3.08
  1979          91      0.30585  0.26529  0.50    5830    1546    5056    16830   2.89
  1979          92      0.30851  0.26728  0.50    4283    1145    3711    11774   2.75
  1979          93      0.33917  0.28999  0.50    3138     910    2683     8063   2.57
  1979          94      0.37483  0.31567  0.50    2228     703    1877     5380   2.41
  1979          95      0.38957  0.32606  0.50    1525     497    1276     3503   2.30
  1979          96      0.41819  0.34587  0.50    1028     355     850     2227   2.17
  1979          97      0.44740  0.36561  0.50     672     246     549     1377   2.05
  1979          98      0.47698  0.38513  0.50     426     164     344      828   1.94
  1979          99      0.50671  0.40428  0.50     262     106     209      484   1.84
  1979         100      0.53637  0.42294  0.50     156      66     123      274   1.76
  1979         101      0.56574  0.44099  0.50      90      40      70      151   1.68
  1979         102      0.59460  0.45834  0.50      50      23      39       81   1.61
  1979         103      0.62276  0.47489  0.50      27      13      21       42   1.54
  1979         104      0.65005  0.49059  0.50      14       7      11       21   1.49
  1979         105      0.67629  0.50540  0.50       7       4       5       10   1.43
  1979         106      0.70138  0.51928  0.50       4       2       3        5   1.39
  1979         107      0.72521  0.53222  0.50       2       1       1        2   1.35
  1979         108      0.74771  0.54424  0.50       1       0       1        1   1.31
  1979         109      0.76884  0.55535  0.50       0       0       0        0   1.29
  1979         110+     0.78857  1.00000  1.27       0       0       0        0   1.27
  1980           0      0.01483  0.01464  0.12  100000    1464   98710  7266885  72.67
  1980           1      0.00100  0.00100  0.50   98536      99   98487  7168175  72.75
  1980           2      0.00060  0.00060  0.50   98437      59   98408  7069689  71.82
  1980           3      0.00056  0.00056  0.50   98378      55   98351  6971281  70.86
  1980           4      0.00057  0.00057  0.50   98323      56   98296  6872930  69.90
  1980           5      0.00039  0.00039  0.50   98268      38   98249  6774635  68.94
  1980           6      0.00042  0.00042  0.50   98230      41   98209  6676386  67.97
  1980           7      0.00036  0.00036  0.50   98189      35   98171  6578177  67.00
  1980           8      0.00034  0.00034  0.50   98154      33   98137  6480006  66.02
  1980           9      0.00021  0.00021  0.50   98121      21   98110  6381869  65.04
  1980          10      0.00028  0.00028  0.50   98100      27   98086  6283759  64.05
  1980          11      0.00019  0.00019  0.50   98072      18   98063  6185673  63.07
  1980          12      0.00022  0.00022  0.50   98054      21   98043  6087609  62.08
  1980          13      0.00036  0.00036  0.50   98033      35   98015  5989566  61.10
  1980          14      0.00039  0.00039  0.50   97998      38   97979  5891551  60.12
  1980          15      0.00057  0.00057  0.50   97960      56   97932  5793572  59.14
  1980          16      0.00082  0.00082  0.50   97904      80   97864  5695641  58.18
  1980          17      0.00097  0.00097  0.50   97823      95   97776  5597777  57.22
  1980          18      0.00137  0.00137  0.50   97728     134   97661  5500001  56.28
  1980          19      0.00132  0.00132  0.50   97594     129   97530  5402340  55.36
  1980          20      0.00121  0.00121  0.50   97465     118   97406  5304810  54.43
  1980          21      0.00111  0.00111  0.50   97347     108   97293  5207404  53.49
  1980          22      0.00122  0.00121  0.50   97239     118   97180  5110110  52.55
  1980          23      0.00115  0.00115  0.50   97121     112   97065  5012930  51.62
  1980          24      0.00101  0.00101  0.50   97010      98   96961  4915865  50.67
  1980          25      0.00097  0.00097  0.50   96912      94   96865  4818904  49.72
  1980          26      0.00115  0.00115  0.50   96818     111   96762  4722039  48.77
  1980          27      0.00117  0.00117  0.50   96707     113   96650  4625277  47.83
  1980          28      0.00113  0.00113  0.50   96594     109   96539  4528627  46.88
  1980          29      0.00107  0.00107  0.50   96484     104   96433  4432088  45.94
  1980          30      0.00106  0.00106  0.50   96381     102   96330  4335655  44.98
  1980          31      0.00117  0.00117  0.50   96279     112   96223  4239325  44.03
  1980          32      0.00127  0.00127  0.50   96167     122   96106  4143103  43.08
  1980          33      0.00120  0.00120  0.50   96045     116   95987  4046997  42.14
  1980          34      0.00150  0.00150  0.50   95929     144   95857  3951010  41.19
  1980          35      0.00147  0.00147  0.50   95785     141   95715  3855153  40.25
  1980          36      0.00135  0.00135  0.50   95644     129   95580  3759438  39.31
  1980          37      0.00195  0.00195  0.50   95515     186   95422  3663858  38.36
  1980          38      0.00215  0.00214  0.50   95329     204   95227  3568436  37.43
  1980          39      0.00194  0.00193  0.50   95125     184   95033  3473209  36.51
  1980          40      0.00227  0.00226  0.50   94941     215   94834  3378176  35.58
  1980          41      0.00234  0.00234  0.50   94726     222   94615  3283342  34.66
  1980          42      0.00279  0.00279  0.50   94504     263   94373  3188727  33.74
  1980          43      0.00272  0.00272  0.50   94241     256   94113  3094354  32.83
  1980          44      0.00350  0.00349  0.50   93985     328   93821  3000242  31.92
  1980          45      0.00384  0.00383  0.50   93657     359   93477  2906421  31.03
  1980          46      0.00425  0.00424  0.50   93298     396   93100  2812944  30.15
  1980          47      0.00485  0.00483  0.50   92902     449   92677  2719844  29.28
  1980          48      0.00517  0.00516  0.50   92453     477   92214  2627167  28.42
  1980          49      0.00558  0.00556  0.50   91976     512   91720  2534952  27.56
  1980          50      0.00646  0.00644  0.50   91464     589   91170  2443232  26.71
  1980          51      0.00623  0.00621  0.50   90875     564   90593  2352063  25.88
  1980          52      0.00715  0.00712  0.50   90311     643   89989  2261470  25.04
  1980          53      0.00716  0.00713  0.50   89667     639   89348  2171481  24.22
  1980          54      0.00730  0.00727  0.50   89028     648   88704  2082133  23.39
  1980          55      0.00814  0.00811  0.50   88380     717   88022  1993429  22.56
  1980          56      0.00970  0.00965  0.50   87664     846   87241  1905407  21.74
  1980          57      0.01037  0.01031  0.50   86818     895   86370  1818167  20.94
  1980          58      0.01058  0.01052  0.50   85922     904   85470  1731797  20.16
  1980          59      0.01162  0.01155  0.50   85018     982   84527  1646327  19.36
  1980          60      0.01307  0.01299  0.50   84036    1091   83490  1561800  18.58
  1980          61      0.01411  0.01401  0.50   82944    1162   82363  1478310  17.82
  1980          62      0.01533  0.01521  0.50   81782    1244   81160  1395947  17.07
  1980          63      0.01762  0.01747  0.50   80538    1407   79835  1314786  16.32
  1980          64      0.01702  0.01688  0.50   79131    1335   78464  1234951  15.61
  1980          65      0.01970  0.01951  0.50   77796    1518   77037  1156488  14.87
  1980          66      0.02136  0.02114  0.50   76278    1612   75472  1079451  14.15
  1980          67      0.02528  0.02497  0.50   74666    1864   73734  1003978  13.45
  1980          68      0.02648  0.02614  0.50   72802    1903   71850   930245  12.78
  1980          69      0.03029  0.02983  0.50   70899    2115   69841   858394  12.11
  1980          70      0.03278  0.03225  0.50   68784    2218   67674   788553  11.46
  1980          71      0.03833  0.03761  0.50   66565    2504   65313   720879  10.83
  1980          72      0.04077  0.03995  0.50   64062    2560   62782   655565  10.23
  1980          73      0.04701  0.04593  0.50   61502    2825   60090   592783   9.64
  1980          74      0.05208  0.05075  0.50   58677    2978   57188   532694   9.08
  1980          75      0.05850  0.05683  0.50   55699    3166   54116   475505   8.54
  1980          76      0.06494  0.06290  0.50   52534    3304   50882   421389   8.02
  1980          77      0.07286  0.07030  0.50   49229    3461   47499   370507   7.53
  1980          78      0.08177  0.07855  0.50   45769    3595   43971   323008   7.06
  1980          79      0.08889  0.08511  0.50   42173    3589   40379   279037   6.62
  1980          80      0.10091  0.09606  0.50   38584    3706   36731   238658   6.19
  1980          81      0.11044  0.10466  0.50   34878    3650   33052   201927   5.79
  1980          82      0.12127  0.11433  0.50   31227    3570   29442   168875   5.41
  1980          83      0.14058  0.13135  0.50   27657    3633   25840   139433   5.04
  1980          84      0.15209  0.14134  0.50   24024    3396   22326   113593   4.73
  1980          85      0.16625  0.15349  0.50   20629    3166   19045    91266   4.42
  1980          86      0.17664  0.16230  0.50   17462    2834   16045    72221   4.14
  1980          87      0.19181  0.17502  0.50   14628    2560   13348    56176   3.84
  1980          88      0.22605  0.20310  0.50   12068    2451   10842    42828   3.55
  1980          89      0.24308  0.21673  0.50    9617    2084    8575    31985   3.33
  1980          90      0.25970  0.22985  0.50    7533    1731    6667    23411   3.11
  1980          91      0.29028  0.25349  0.50    5801    1471    5066    16744   2.89
  1980          92      0.33849  0.28949  0.50    4331    1254    3704    11678   2.70
  1980          93      0.32902  0.28254  0.50    3077     869    2642     7974   2.59
  1980          94      0.36581  0.30925  0.50    2208     683    1866     5332   2.42
  1980          95      0.39421  0.32930  0.50    1525     502    1274     3466   2.27
  1980          96      0.42337  0.34941  0.50    1023     357     844     2192   2.14
  1980          97      0.45309  0.36940  0.50     665     246     542     1348   2.03
  1980          98      0.48315  0.38914  0.50     420     163     338      805   1.92
  1980          99      0.51331  0.40847  0.50     256     105     204      467   1.82
  1980         100      0.54334  0.42727  0.50     152      65     119      263   1.74
  1980         101      0.57302  0.44541  0.50      87      39      67      144   1.66
  1980         102      0.60211  0.46279  0.50      48      22      37       76   1.59
  1980         103      0.63042  0.47933  0.50      26      12      20       39   1.53
  1980         104      0.65777  0.49498  0.50      13       7      10       20   1.47
  1980         105      0.68400  0.50969  0.50       7       3       5       10   1.42
  1980         106      0.70899  0.52344  0.50       3       2       2        5   1.37
  1980         107      0.73265  0.53622  0.50       2       1       1        2   1.34
  1980         108      0.75492  0.54805  0.50       1       0       1        1   1.30
  1980         109      0.77576  0.55895  0.50       0       0       0        0   1.28
  1980         110+     0.79515  1.00000  1.26       0       0       0        0   1.26
  1981           0      0.01273  0.01259  0.12  100000    1259   98895  7299019  72.99
  1981           1      0.00099  0.00099  0.50   98741      98   98692  7200124  72.92
  1981           2      0.00065  0.00065  0.50   98643      64   98611  7101432  71.99
  1981           3      0.00043  0.00043  0.50   98579      42   98557  7002821  71.04
  1981           4      0.00035  0.00035  0.50   98536      35   98519  6904264  70.07
  1981           5      0.00018  0.00018  0.50   98501      18   98492  6805745  69.09
  1981           6      0.00032  0.00032  0.50   98483      32   98468  6707253  68.11
  1981           7      0.00023  0.00023  0.50   98452      23   98440  6608785  67.13
  1981           8      0.00028  0.00028  0.50   98429      27   98415  6510345  66.14
  1981           9      0.00027  0.00027  0.50   98401      26   98388  6411930  65.16
  1981          10      0.00022  0.00022  0.50   98375      22   98364  6313542  64.18
  1981          11      0.00025  0.00025  0.50   98353      25   98341  6215178  63.19
  1981          12      0.00027  0.00027  0.50   98329      26   98315  6116837  62.21
  1981          13      0.00030  0.00030  0.50   98302      30   98287  6018521  61.22
  1981          14      0.00027  0.00027  0.50   98273      26   98259  5920234  60.24
  1981          15      0.00041  0.00041  0.50   98246      40   98226  5821974  59.26
  1981          16      0.00098  0.00098  0.50   98206      96   98158  5723748  58.28
  1981          17      0.00099  0.00099  0.50   98110      97   98061  5625590  57.34
  1981          18      0.00138  0.00138  0.50   98013     135   97945  5527529  56.40
  1981          19      0.00119  0.00118  0.50   97877     116   97819  5429584  55.47
  1981          20      0.00119  0.00119  0.50   97761     117   97703  5331764  54.54
  1981          21      0.00112  0.00112  0.50   97645     109   97590  5234061  53.60
  1981          22      0.00119  0.00119  0.50   97535     116   97477  5136471  52.66
  1981          23      0.00117  0.00117  0.50   97419     114   97363  5038994  51.72
  1981          24      0.00109  0.00109  0.50   97306     106   97253  4941631  50.78
  1981          25      0.00092  0.00092  0.50   97199      89   97155  4844379  49.84
  1981          26      0.00096  0.00096  0.50   97110      93   97063  4747224  48.89
  1981          27      0.00114  0.00114  0.50   97017     110   96962  4650161  47.93
  1981          28      0.00096  0.00096  0.50   96907      93   96860  4553199  46.99
  1981          29      0.00118  0.00118  0.50   96814     114   96757  4456338  46.03
  1981          30      0.00103  0.00103  0.50   96700     100   96650  4359581  45.08
  1981          31      0.00108  0.00108  0.50   96600     104   96548  4262932  44.13
  1981          32      0.00114  0.00114  0.50   96496     110   96441  4166384  43.18
  1981          33      0.00120  0.00120  0.50   96386     116   96328  4069944  42.23
  1981          34      0.00128  0.00128  0.50   96270     123   96208  3973616  41.28
  1981          35      0.00148  0.00148  0.50   96146     142   96076  3877408  40.33
  1981          36      0.00175  0.00175  0.50   96005     168   95920  3781332  39.39
  1981          37      0.00186  0.00186  0.50   95836     179   95747  3685412  38.46
  1981          38      0.00213  0.00213  0.50   95658     204   95556  3589665  37.53
  1981          39      0.00218  0.00218  0.50   95454     208   95350  3494109  36.61
  1981          40      0.00219  0.00219  0.50   95246     208   95142  3398759  35.68
  1981          41      0.00252  0.00252  0.50   95038     239   94918  3303617  34.76
  1981          42      0.00270  0.00269  0.50   94799     255   94671  3208699  33.85
  1981          43      0.00323  0.00323  0.50   94543     305   94391  3114029  32.94
  1981          44      0.00362  0.00361  0.50   94238     341   94068  3019638  32.04
  1981          45      0.00335  0.00335  0.50   93897     314   93740  2925570  31.16
  1981          46      0.00389  0.00388  0.50   93583     363   93402  2831830  30.26
  1981          47      0.00444  0.00443  0.50   93220     413   93013  2738428  29.38
  1981          48      0.00498  0.00497  0.50   92807     461   92576  2645415  28.50
  1981          49      0.00600  0.00598  0.50   92346     552   92070  2552839  27.64
  1981          50      0.00520  0.00518  0.50   91793     476   91555  2460769  26.81
  1981          51      0.00652  0.00649  0.50   91317     593   91021  2369214  25.94
  1981          52      0.00689  0.00687  0.50   90724     623   90413  2278193  25.11
  1981          53      0.00733  0.00731  0.50   90101     658   89772  2187780  24.28
  1981          54      0.00853  0.00849  0.50   89443     760   89063  2098009  23.46
  1981          55      0.00857  0.00853  0.50   88683     756   88305  2008946  22.65
  1981          56      0.00913  0.00909  0.50   87927     799   87527  1920641  21.84
  1981          57      0.00940  0.00935  0.50   87127     815   86720  1833114  21.04
  1981          58      0.01073  0.01067  0.50   86312     921   85852  1746394  20.23
  1981          59      0.01144  0.01137  0.50   85391     971   84906  1660542  19.45
  1981          60      0.01233  0.01225  0.50   84420    1034   83903  1575637  18.66
  1981          61      0.01379  0.01369  0.50   83386    1142   82815  1491734  17.89
  1981          62      0.01431  0.01420  0.50   82244    1168   81660  1408919  17.13
  1981          63      0.01651  0.01638  0.50   81076    1328   80412  1327259  16.37
  1981          64      0.01867  0.01849  0.50   79748    1475   79011  1246847  15.63
  1981          65      0.01891  0.01873  0.50   78273    1466   77540  1167836  14.92
  1981          66      0.02153  0.02131  0.50   76807    1636   75989  1090296  14.20
  1981          67      0.02415  0.02386  0.50   75171    1793   74274  1014307  13.49
  1981          68      0.02709  0.02672  0.50   73377    1961   72397   940033  12.81
  1981          69      0.02975  0.02932  0.50   71416    2094   70369   867636  12.15
  1981          70      0.03276  0.03223  0.50   69323    2234   68205   797267  11.50
  1981          71      0.03690  0.03623  0.50   67088    2431   65873   729061  10.87
  1981          72      0.04240  0.04152  0.50   64657    2685   63315   663189  10.26
  1981          73      0.04551  0.04450  0.50   61973    2758   60594   599874   9.68
  1981          74      0.05109  0.04982  0.50   59215    2950   57740   539280   9.11
  1981          75      0.05764  0.05602  0.50   56265    3152   54688   481540   8.56
  1981          76      0.06525  0.06319  0.50   53112    3356   51434   426852   8.04
  1981          77      0.07084  0.06842  0.50   49756    3404   48054   375417   7.55
  1981          78      0.08001  0.07693  0.50   46352    3566   44569   327363   7.06
  1981          79      0.08818  0.08446  0.50   42786    3614   40980   282794   6.61
  1981          80      0.09774  0.09319  0.50   39173    3650   37348   241814   6.17
  1981          81      0.11374  0.10762  0.50   35522    3823   33611   204466   5.76
  1981          82      0.12059  0.11373  0.50   31700    3605   29897   170855   5.39
  1981          83      0.14075  0.13149  0.50   28094    3694   26247   140959   5.02
  1981          84      0.15143  0.14077  0.50   24400    3435   22683   114711   4.70
  1981          85      0.16433  0.15185  0.50   20965    3184   19373    92029   4.39
  1981          86      0.19206  0.17523  0.50   17782    3116   16224    72655   4.09
  1981          87      0.20010  0.18190  0.50   14666    2668   13332    56431   3.85
  1981          88      0.21664  0.19547  0.50   11998    2345   10825    43100   3.59
  1981          89      0.24581  0.21890  0.50    9653    2113    8596    32274   3.34
  1981          90      0.26178  0.23148  0.50    7540    1745    6667    23678   3.14
  1981          91      0.27551  0.24215  0.50    5794    1403    5093    17011   2.94
  1981          92      0.31513  0.27224  0.50    4391    1195    3794    11918   2.71
  1981          93      0.32372  0.27862  0.50    3196     890    2751     8125   2.54
  1981          94      0.40102  0.33404  0.50    2305     770    1920     5374   2.33
  1981          95      0.39863  0.33238  0.50    1535     510    1280     3454   2.25
  1981          96      0.42826  0.35273  0.50    1025     362     844     2173   2.12
  1981          97      0.45845  0.37296  0.50     663     247     540     1329   2.00
  1981          98      0.48897  0.39291  0.50     416     163     334      789   1.90
  1981          99      0.51958  0.41243  0.50     253     104     200      455   1.80
  1981         100      0.55004  0.43140  0.50     148      64     116      255   1.72
  1981         101      0.58011  0.44968  0.50      84      38      65      138   1.64
  1981         102      0.60957  0.46718  0.50      46      22      36       73   1.57
  1981         103      0.63821  0.48382  0.50      25      12      19       37   1.51
  1981         104      0.66584  0.49954  0.50      13       6      10       19   1.45
  1981         105      0.69232  0.51429  0.50       6       3       5        9   1.40
  1981         106      0.71751  0.52807  0.50       3       2       2        4   1.36
  1981         107      0.74133  0.54086  0.50       1       1       1        2   1.32
  1981         108      0.76372  0.55267  0.50       1       0       0        1   1.29
  1981         109      0.78463  0.56354  0.50       0       0       0        0   1.26
  1981         110+     0.80406  1.00000  1.24       0       0       0        0   1.24
  1982           0      0.01290  0.01275  0.12  100000    1275   98881  7314589  73.15
  1982           1      0.00090  0.00090  0.50   98725      89   98680  7215708  73.09
  1982           2      0.00054  0.00054  0.50   98636      53   98609  7117027  72.15
  1982           3      0.00034  0.00034  0.50   98582      34   98566  7018418  71.19
  1982           4      0.00035  0.00035  0.50   98549      34   98532  6919853  70.22
  1982           5      0.00033  0.00033  0.50   98514      33   98498  6821321  69.24
  1982           6      0.00024  0.00024  0.50   98482      23   98470  6722823  68.26
  1982           7      0.00038  0.00038  0.50   98458      37   98440  6624353  67.28
  1982           8      0.00029  0.00029  0.50   98421      28   98407  6525913  66.31
  1982           9      0.00012  0.00012  0.50   98393      12   98387  6427506  65.32
  1982          10      0.00031  0.00031  0.50   98381      30   98366  6329119  64.33
  1982          11      0.00016  0.00016  0.50   98351      16   98343  6230753  63.35
  1982          12      0.00023  0.00023  0.50   98335      23   98323  6132410  62.36
  1982          13      0.00032  0.00032  0.50   98312      31   98296  6034087  61.38
  1982          14      0.00032  0.00032  0.50   98281      31   98265  5935790  60.40
  1982          15      0.00037  0.00037  0.50   98250      36   98232  5837525  59.42
  1982          16      0.00097  0.00097  0.50   98213      95   98166  5739294  58.44
  1982          17      0.00103  0.00103  0.50   98119     101   98068  5641128  57.49
  1982          18      0.00128  0.00128  0.50   98017     126   97954  5543060  56.55
  1982          19      0.00127  0.00127  0.50   97892     124   97829  5445105  55.62
  1982          20      0.00126  0.00126  0.50   97767     123   97706  5347276  54.69
  1982          21      0.00119  0.00119  0.50   97645     116   97586  5249570  53.76
  1982          22      0.00093  0.00093  0.50   97528      91   97483  5151983  52.83
  1982          23      0.00110  0.00110  0.50   97438     107   97384  5054500  51.87
  1982          24      0.00114  0.00114  0.50   97331     111   97275  4957116  50.93
  1982          25      0.00101  0.00101  0.50   97220      98   97171  4859841  49.99
  1982          26      0.00117  0.00117  0.50   97122     114   97065  4762670  49.04
  1982          27      0.00109  0.00109  0.50   97008     106   96955  4665605  48.10
  1982          28      0.00117  0.00117  0.50   96902     113   96846  4568650  47.15
  1982          29      0.00107  0.00107  0.50   96789     103   96737  4471805  46.20
  1982          30      0.00132  0.00132  0.50   96686     127   96622  4375067  45.25
  1982          31      0.00139  0.00139  0.50   96558     134   96492  4278445  44.31
  1982          32      0.00130  0.00130  0.50   96425     125   96362  4181954  43.37
  1982          33      0.00148  0.00148  0.50   96300     143   96228  4085591  42.43
  1982          34      0.00135  0.00135  0.50   96157     130   96092  3989363  41.49
  1982          35      0.00171  0.00171  0.50   96027     164   95945  3893271  40.54
  1982          36      0.00178  0.00178  0.50   95863     171   95778  3797326  39.61
  1982          37      0.00180  0.00180  0.50   95692     172   95606  3701548  38.68
  1982          38      0.00196  0.00196  0.50   95520     187   95426  3605942  37.75
  1982          39      0.00206  0.00206  0.50   95333     196   95235  3510516  36.82
  1982          40      0.00231  0.00230  0.50   95137     219   95027  3415281  35.90
  1982          41      0.00261  0.00260  0.50   94918     247   94794  3320254  34.98
  1982          42      0.00250  0.00250  0.50   94671     237   94552  3225460  34.07
  1982          43      0.00320  0.00320  0.50   94434     302   94283  3130908  33.15
  1982          44      0.00345  0.00344  0.50   94132     324   93970  3036625  32.26
  1982          45      0.00357  0.00356  0.50   93808     334   93641  2942655  31.37
  1982          46      0.00394  0.00394  0.50   93474     368   93290  2849014  30.48
  1982          47      0.00444  0.00444  0.50   93106     413   92899  2755724  29.60
  1982          48      0.00432  0.00431  0.50   92693     399   92493  2662825  28.73
  1982          49      0.00501  0.00499  0.50   92294     461   92063  2570332  27.85
  1982          50      0.00586  0.00584  0.50   91833     536   91565  2478269  26.99
  1982          51      0.00646  0.00644  0.50   91296     588   91002  2386704  26.14
  1982          52      0.00655  0.00653  0.50   90709     592   90412  2295702  25.31
  1982          53      0.00769  0.00766  0.50   90116     690   89771  2205289  24.47
  1982          54      0.00845  0.00842  0.50   89426     753   89049  2115518  23.66
  1982          55      0.00869  0.00865  0.50   88673     767   88290  2026468  22.85
  1982          56      0.00906  0.00902  0.50   87906     793   87510  1938179  22.05
  1982          57      0.01000  0.00995  0.50   87113     867   86680  1850669  21.24
  1982          58      0.01042  0.01036  0.50   86246     894   85799  1763990  20.45
  1982          59      0.01150  0.01143  0.50   85352     976   84865  1678191  19.66
  1982          60      0.01225  0.01218  0.50   84377    1028   83863  1593326  18.88
  1982          61      0.01372  0.01362  0.50   83349    1135   82781  1509463  18.11
  1982          62      0.01470  0.01459  0.50   82214    1200   81614  1426682  17.35
  1982          63      0.01616  0.01603  0.50   81014    1299   80364  1345068  16.60
  1982          64      0.01810  0.01794  0.50   79715    1430   79000  1264704  15.87
  1982          65      0.01840  0.01823  0.50   78285    1427   77571  1185704  15.15
  1982          66      0.02188  0.02164  0.50   76858    1663   76026  1108133  14.42
  1982          67      0.02249  0.02224  0.50   75194    1672   74358  1032107  13.73
  1982          68      0.02606  0.02572  0.50   73522    1891   72576   957749  13.03
  1982          69      0.02795  0.02756  0.50   71631    1974   70644   885172  12.36
  1982          70      0.03210  0.03159  0.50   69657    2200   68557   814529  11.69
  1982          71      0.03533  0.03472  0.50   67456    2342   66285   745972  11.06
  1982          72      0.03921  0.03846  0.50   65115    2504   63862   679687  10.44
  1982          73      0.04450  0.04354  0.50   62610    2726   61247   615824   9.84
  1982          74      0.05065  0.04940  0.50   59885    2958   58406   554577   9.26
  1982          75      0.05636  0.05482  0.50   56926    3121   55366   496171   8.72
  1982          76      0.06165  0.05981  0.50   53806    3218   52197   440805   8.19
  1982          77      0.07166  0.06918  0.50   50588    3500   48838   388608   7.68
  1982          78      0.07705  0.07419  0.50   47088    3494   45342   339770   7.22
  1982          79      0.08545  0.08195  0.50   43595    3573   41808   294428   6.75
  1982          80      0.09891  0.09425  0.50   40022    3772   38136   252620   6.31
  1982          81      0.10864  0.10304  0.50   36250    3735   34383   214484   5.92
  1982          82      0.11865  0.11200  0.50   32515    3642   30694   180101   5.54
  1982          83      0.13198  0.12381  0.50   28873    3575   27086   149407   5.17
  1982          84      0.14515  0.13533  0.50   25298    3424   23587   122321   4.84
  1982          85      0.15999  0.14814  0.50   21875    3240   20255    98735   4.51
  1982          86      0.18403  0.16852  0.50   18634    3140   17064    78480   4.21
  1982          87      0.19134  0.17463  0.50   15494    2706   14141    61416   3.96
  1982          88      0.21291  0.19242  0.50   12788    2461   11558    47275   3.70
  1982          89      0.22968  0.20602  0.50   10327    2128    9264    35717   3.46
  1982          90      0.25696  0.22770  0.50    8200    1867    7266    26453   3.23
  1982          91      0.28019  0.24576  0.50    6333    1556    5555    19187   3.03
  1982          92      0.29245  0.25514  0.50    4776    1219    4167    13632   2.85
  1982          93      0.29991  0.26081  0.50    3558     928    3094     9465   2.66
  1982          94      0.38586  0.32346  0.50    2630     851    2205     6372   2.42
  1982          95      0.38047  0.31966  0.50    1779     569    1495     4167   2.34
  1982          96      0.40890  0.33949  0.50    1210     411    1005     2672   2.21
  1982          97      0.43797  0.35929  0.50     800     287     656     1667   2.09
  1982          98      0.46750  0.37892  0.50     512     194     415     1011   1.97
  1982          99      0.49725  0.39824  0.50     318     127     255      596   1.87
  1982         100      0.52701  0.41710  0.50     191      80     152      341   1.78
  1982         101      0.55655  0.43539  0.50     112      49      87      190   1.70
  1982         102      0.58565  0.45300  0.50      63      29      49      103   1.63
  1982         103      0.61411  0.46984  0.50      34      16      26       54   1.56
  1982         104      0.64173  0.48584  0.50      18       9      14       27   1.50
  1982         105      0.66836  0.50095  0.50       9       5       7       14   1.45
  1982         106      0.69385  0.51514  0.50       5       2       3        7   1.40
  1982         107      0.71811  0.52839  0.50       2       1       2        3   1.36
  1982         108      0.74103  0.54070  0.50       1       1       1        1   1.33
  1982         109      0.76259  0.55208  0.50       0       0       0        1   1.30
  1982         110+     0.78274  1.00000  1.28       0       0       0        0   1.28
  1983           0      0.01166  0.01154  0.13  100000    1154   98990  7321689  73.22
  1983           1      0.00096  0.00096  0.50   98846      95   98798  7222699  73.07
  1983           2      0.00037  0.00037  0.50   98751      36   98733  7123901  72.14
  1983           3      0.00031  0.00031  0.50   98715      31   98699  7025168  71.17
  1983           4      0.00023  0.00023  0.50   98684      22   98673  6926469  70.19
  1983           5      0.00035  0.00035  0.50   98662      34   98644  6827796  69.20
  1983           6      0.00028  0.00028  0.50   98627      28   98613  6729152  68.23
  1983           7      0.00030  0.00030  0.50   98599      29   98585  6630538  67.25
  1983           8      0.00023  0.00023  0.50   98570      22   98559  6531954  66.27
  1983           9      0.00020  0.00020  0.50   98548      20   98538  6433395  65.28
  1983          10      0.00021  0.00021  0.50   98528      21   98517  6334857  64.30
  1983          11      0.00015  0.00015  0.50   98507      15   98499  6236340  63.31
  1983          12      0.00025  0.00025  0.50   98492      24   98479  6137841  62.32
  1983          13      0.00033  0.00033  0.50   98467      32   98451  6039361  61.33
  1983          14      0.00033  0.00033  0.50   98435      33   98419  5940910  60.35
  1983          15      0.00047  0.00047  0.50   98402      47   98379  5842491  59.37
  1983          16      0.00078  0.00078  0.50   98356      77   98317  5744112  58.40
  1983          17      0.00086  0.00086  0.50   98279      84   98236  5645795  57.45
  1983          18      0.00130  0.00129  0.50   98194     127   98131  5547559  56.50
  1983          19      0.00147  0.00147  0.50   98067     144   97995  5449428  55.57
  1983          20      0.00099  0.00099  0.50   97923      97   97874  5351433  54.65
  1983          21      0.00115  0.00115  0.50   97826     112   97769  5253559  53.70
  1983          22      0.00119  0.00119  0.50   97713     116   97656  5155789  52.76
  1983          23      0.00122  0.00122  0.50   97598     119   97538  5058134  51.83
  1983          24      0.00094  0.00094  0.50   97479      92   97433  4960595  50.89
  1983          25      0.00104  0.00104  0.50   97387     101   97336  4863163  49.94
  1983          26      0.00100  0.00100  0.50   97286      98   97237  4765827  48.99
  1983          27      0.00109  0.00109  0.50   97188     106   97135  4668590  48.04
  1983          28      0.00091  0.00091  0.50   97082      88   97038  4571455  47.09
  1983          29      0.00102  0.00102  0.50   96994      99   96944  4474417  46.13
  1983          30      0.00109  0.00109  0.50   96894     106   96841  4377473  45.18
  1983          31      0.00119  0.00119  0.50   96788     115   96731  4280632  44.23
  1983          32      0.00128  0.00128  0.50   96673     124   96611  4183901  43.28
  1983          33      0.00131  0.00131  0.50   96549     127   96486  4087290  42.33
  1983          34      0.00132  0.00132  0.50   96422     127   96359  3990804  41.39
  1983          35      0.00137  0.00137  0.50   96295     132   96229  3894446  40.44
  1983          36      0.00190  0.00190  0.50   96163     183   96072  3798217  39.50
  1983          37      0.00183  0.00183  0.50   95980     176   95893  3702145  38.57
  1983          38      0.00204  0.00204  0.50   95805     195   95707  3606252  37.64
  1983          39      0.00235  0.00234  0.50   95609     224   95497  3510545  36.72
  1983          40      0.00249  0.00249  0.50   95385     237   95267  3415048  35.80
  1983          41      0.00251  0.00251  0.50   95148     238   95029  3319781  34.89
  1983          42      0.00262  0.00262  0.50   94910     249   94785  3224752  33.98
  1983          43      0.00300  0.00300  0.50   94661     284   94519  3129967  33.07
  1983          44      0.00332  0.00332  0.50   94377     313   94220  3035448  32.16
  1983          45      0.00374  0.00373  0.50   94064     351   93888  2941228  31.27
  1983          46      0.00387  0.00386  0.50   93712     362   93532  2847340  30.38
  1983          47      0.00401  0.00400  0.50   93351     373   93164  2753809  29.50
  1983          48      0.00485  0.00484  0.50   92978     450   92753  2660644  28.62
  1983          49      0.00534  0.00533  0.50   92528     493   92281  2567892  27.75
  1983          50      0.00562  0.00560  0.50   92035     516   91777  2475611  26.90
  1983          51      0.00646  0.00644  0.50   91519     590   91224  2383834  26.05
  1983          52      0.00688  0.00685  0.50   90929     623   90618  2292610  25.21
  1983          53      0.00755  0.00752  0.50   90306     679   89967  2201993  24.38
  1983          54      0.00899  0.00895  0.50   89627     802   89226  2112026  23.56
  1983          55      0.00893  0.00889  0.50   88825     789   88430  2022800  22.77
  1983          56      0.00959  0.00955  0.50   88036     841   87615  1934370  21.97
  1983          57      0.00932  0.00928  0.50   87195     809   86791  1846754  21.18
  1983          58      0.01058  0.01053  0.50   86386     909   85931  1759964  20.37
  1983          59      0.01194  0.01187  0.50   85477    1015   84969  1674032  19.58
  1983          60      0.01254  0.01246  0.50   84462    1053   83936  1589063  18.81
  1983          61      0.01441  0.01430  0.50   83409    1193   82813  1505127  18.05
  1983          62      0.01484  0.01473  0.50   82216    1211   81611  1422314  17.30
  1983          63      0.01635  0.01622  0.50   81005    1314   80348  1340704  16.55
  1983          64      0.01781  0.01765  0.50   79691    1407   78988  1260355  15.82
  1983          65      0.01910  0.01892  0.50   78285    1481   77544  1181367  15.09
  1983          66      0.02008  0.01988  0.50   76804    1527   76040  1103823  14.37
  1983          67      0.02401  0.02372  0.50   75277    1786   74384  1027783  13.65
  1983          68      0.02576  0.02543  0.50   73491    1869   72557   953399  12.97
  1983          69      0.02679  0.02643  0.50   71622    1893   70676   880842  12.30
  1983          70      0.03065  0.03018  0.50   69729    2105   68677   810166  11.62
  1983          71      0.03646  0.03581  0.50   67625    2422   66414   741490  10.96
  1983          72      0.04080  0.03999  0.50   65203    2607   63899   675076  10.35
  1983          73      0.04452  0.04355  0.50   62596    2726   61233   611177   9.76
  1983          74      0.05209  0.05076  0.50   59870    3039   58350   549944   9.19
  1983          75      0.05419  0.05276  0.50   56830    2998   55331   491594   8.65
  1983          76      0.06185  0.06000  0.50   53832    3230   52217   436263   8.10
  1983          77      0.07236  0.06983  0.50   50602    3534   48836   384046   7.59
  1983          78      0.07782  0.07491  0.50   47069    3526   45306   335210   7.12
  1983          79      0.08902  0.08523  0.50   43543    3711   41687   289904   6.66
  1983          80      0.09685  0.09237  0.50   39832    3679   37992   248217   6.23
  1983          81      0.11129  0.10542  0.50   36152    3811   34247   210225   5.81
  1983          82      0.12045  0.11361  0.50   32341    3674   30504   175978   5.44
  1983          83      0.13589  0.12725  0.50   28667    3648   26843   145474   5.07
  1983          84      0.14873  0.13843  0.50   25019    3463   23287   118631   4.74
  1983          85      0.16248  0.15027  0.50   21556    3239   19936    95344   4.42
  1983          86      0.18258  0.16731  0.50   18316    3065   16784    75408   4.12
  1983          87      0.20786  0.18829  0.50   15252    2872   13816    58624   3.84
  1983          88      0.22334  0.20091  0.50   12380    2487   11136    44808   3.62
  1983          89      0.23323  0.20887  0.50    9893    2066    8860    33671   3.40
  1983          90      0.26133  0.23113  0.50    7826    1809    6922    24812   3.17
  1983          91      0.27945  0.24519  0.50    6018    1475    5280    17890   2.97
  1983          92      0.30956  0.26807  0.50    4542    1218    3933    12610   2.78
  1983          93      0.32081  0.27647  0.50    3325     919    2865     8677   2.61
  1983          94      0.35603  0.30223  0.50    2405     727    2042     5812   2.42
  1983          95      0.39873  0.33245  0.50    1678     558    1399     3770   2.25
  1983          96      0.42885  0.35313  0.50    1120     396     923     2370   2.12
  1983          97      0.45954  0.37368  0.50     725     271     589     1448   2.00
  1983          98      0.49054  0.39392  0.50     454     179     365      858   1.89
  1983          99      0.52161  0.41371  0.50     275     114     218      494   1.79
  1983         100      0.55249  0.43290  0.50     161      70     126      276   1.71
  1983         101      0.58293  0.45137  0.50      91      41      71      149   1.63
  1983         102      0.61269  0.46901  0.50      50      24      38       78   1.56
  1983         103      0.64156  0.48574  0.50      27      13      20       40   1.50
  1983         104      0.66935  0.50151  0.50      14       7      10       20   1.45
  1983         105      0.69591  0.51627  0.50       7       4       5       10   1.40
  1983         106      0.72112  0.53002  0.50       3       2       2        4   1.35
  1983         107      0.74488  0.54274  0.50       2       1       1        2   1.32
  1983         108      0.76714  0.55446  0.50       1       0       1        1   1.28
  1983         109      0.78787  0.56521  0.50       0       0       0        0   1.26
  1983         110+     0.80708  1.00000  1.24       0       0       0        0   1.24
  1984           0      0.01144  0.01132  0.13  100000    1132   99010  7376760  73.77
  1984           1      0.00071  0.00071  0.50   98868      70   98833  7277750  73.61
  1984           2      0.00061  0.00061  0.50   98798      60   98768  7178918  72.66
  1984           3      0.00045  0.00045  0.50   98738      45   98715  7080150  71.71
  1984           4      0.00043  0.00043  0.50   98693      42   98672  6981435  70.74
  1984           5      0.00037  0.00037  0.50   98651      36   98633  6882763  69.77
  1984           6      0.00030  0.00030  0.50   98614      30   98600  6784130  68.79
  1984           7      0.00025  0.00025  0.50   98585      25   98573  6685531  67.81
  1984           8      0.00017  0.00017  0.50   98560      17   98552  6586958  66.83
  1984           9      0.00014  0.00014  0.50   98543      14   98537  6488406  65.84
  1984          10      0.00025  0.00025  0.50   98530      24   98518  6389870  64.85
  1984          11      0.00027  0.00027  0.50   98506      26   98492  6291352  63.87
  1984          12      0.00021  0.00021  0.50   98479      21   98469  6192860  62.88
  1984          13      0.00020  0.00020  0.50   98459      20   98449  6094391  61.90
  1984          14      0.00038  0.00038  0.50   98439      37   98420  5995942  60.91
  1984          15      0.00034  0.00034  0.50   98402      33   98385  5897521  59.93
  1984          16      0.00077  0.00076  0.50   98368      75   98331  5799136  58.95
  1984          17      0.00077  0.00077  0.50   98293      76   98255  5700806  58.00
  1984          18      0.00114  0.00114  0.50   98217     112   98161  5602551  57.04
  1984          19      0.00124  0.00124  0.50   98105     122   98044  5504390  56.11
  1984          20      0.00129  0.00129  0.50   97983     126   97920  5406346  55.18
  1984          21      0.00114  0.00114  0.50   97857     112   97801  5308426  54.25
  1984          22      0.00115  0.00115  0.50   97745     112   97689  5210625  53.31
  1984          23      0.00109  0.00109  0.50   97633     106   97580  5112936  52.37
  1984          24      0.00100  0.00100  0.50   97527      97   97479  5015356  51.43
  1984          25      0.00094  0.00094  0.50   97430      91   97384  4917877  50.48
  1984          26      0.00100  0.00100  0.50   97339      98   97290  4820493  49.52
  1984          27      0.00092  0.00092  0.50   97241      89   97196  4723203  48.57
  1984          28      0.00103  0.00103  0.50   97152     100   97101  4626007  47.62
  1984          29      0.00121  0.00121  0.50   97051     118   96992  4528905  46.67
  1984          30      0.00089  0.00089  0.50   96934      86   96891  4431913  45.72
  1984          31      0.00113  0.00113  0.50   96847     109   96793  4335022  44.76
  1984          32      0.00103  0.00103  0.50   96738     100   96689  4238229  43.81
  1984          33      0.00132  0.00132  0.50   96639     127   96575  4141541  42.86
  1984          34      0.00146  0.00146  0.50   96511     141   96441  4044966  41.91
  1984          35      0.00157  0.00157  0.50   96371     151   96295  3948525  40.97
  1984          36      0.00177  0.00177  0.50   96220     170   96135  3852229  40.04
  1984          37      0.00199  0.00199  0.50   96050     191   95954  3756094  39.11
  1984          38      0.00170  0.00169  0.50   95859     162   95778  3660140  38.18
  1984          39      0.00191  0.00190  0.50   95696     182   95605  3564363  37.25
  1984          40      0.00235  0.00235  0.50   95514     225   95402  3468757  36.32
  1984          41      0.00234  0.00233  0.50   95290     222   95178  3373355  35.40
  1984          42      0.00269  0.00268  0.50   95067     255   94940  3278177  34.48
  1984          43      0.00286  0.00286  0.50   94812     271   94677  3183237  33.57
  1984          44      0.00326  0.00326  0.50   94541     308   94387  3088561  32.67
  1984          45      0.00340  0.00339  0.50   94233     319   94074  2994173  31.77
  1984          46      0.00398  0.00398  0.50   93914     373   93727  2900100  30.88
  1984          47      0.00413  0.00412  0.50   93541     386   93348  2806372  30.00
  1984          48      0.00451  0.00450  0.50   93155     419   92945  2713025  29.12
  1984          49      0.00512  0.00510  0.50   92735     473   92499  2620080  28.25
  1984          50      0.00596  0.00594  0.50   92262     548   91988  2527581  27.40
  1984          51      0.00564  0.00563  0.50   91714     516   91456  2435593  26.56
  1984          52      0.00680  0.00677  0.50   91198     618   90889  2344136  25.70
  1984          53      0.00741  0.00739  0.50   90581     669   90246  2253247  24.88
  1984          54      0.00797  0.00794  0.50   89912     713   89555  2163001  24.06
  1984          55      0.00808  0.00805  0.50   89198     718   88839  2073446  23.25
  1984          56      0.00886  0.00882  0.50   88480     781   88090  1984607  22.43
  1984          57      0.00967  0.00962  0.50   87700     844   87278  1896517  21.63
  1984          58      0.01072  0.01066  0.50   86856     926   86393  1809239  20.83
  1984          59      0.01176  0.01169  0.50   85930    1005   85427  1722846  20.05
  1984          60      0.01192  0.01185  0.50   84925    1006   84422  1637419  19.28
  1984          61      0.01272  0.01264  0.50   83919    1061   83389  1552997  18.51
  1984          62      0.01484  0.01473  0.50   82858    1221   82248  1469609  17.74
  1984          63      0.01561  0.01549  0.50   81637    1265   81005  1387361  16.99
  1984          64      0.01791  0.01775  0.50   80373    1426   79659  1306356  16.25
  1984          65      0.01841  0.01825  0.50   78946    1440   78226  1226696  15.54
  1984          66      0.02057  0.02036  0.50   77506    1578   76717  1148470  14.82
  1984          67      0.02237  0.02212  0.50   75928    1680   75088  1071754  14.12
  1984          68      0.02348  0.02320  0.50   74248    1723   73387   996666  13.42
  1984          69      0.02757  0.02720  0.50   72525    1973   71539   923279  12.73
  1984          70      0.02818  0.02778  0.50   70553    1960   69573   851740  12.07
  1984          71      0.03262  0.03210  0.50   68592    2202   67491   782168  11.40
  1984          72      0.03937  0.03861  0.50   66391    2564   65109   714676  10.76
  1984          73      0.04178  0.04093  0.50   63827    2612   62521   649568  10.18
  1984          74      0.04651  0.04545  0.50   61215    2782   59824   587047   9.59
  1984          75      0.05215  0.05082  0.50   58432    2970   56948   527223   9.02
  1984          76      0.05734  0.05574  0.50   55463    3092   53917   470276   8.48
  1984          77      0.06419  0.06220  0.50   52371    3257   50743   416359   7.95
  1984          78      0.07446  0.07178  0.50   49114    3526   47351   365616   7.44
  1984          79      0.08132  0.07814  0.50   45588    3562   43807   318265   6.98
  1984          80      0.09137  0.08738  0.50   42026    3672   40190   274458   6.53
  1984          81      0.10265  0.09764  0.50   38354    3745   36482   234268   6.11
  1984          82      0.11608  0.10971  0.50   34609    3797   32711   197786   5.71
  1984          83      0.12196  0.11495  0.50   30812    3542   29041   165076   5.36
  1984          84      0.13677  0.12802  0.50   27270    3491   25524   136035   4.99
  1984          85      0.15648  0.14513  0.50   23779    3451   22053   110510   4.65
  1984          86      0.17118  0.15769  0.50   20328    3205   18725    88457   4.35
  1984          87      0.19341  0.17635  0.50   17122    3020   15613    69732   4.07
  1984          88      0.20425  0.18532  0.50   14103    2614   12796    54119   3.84
  1984          89      0.22137  0.19931  0.50   11489    2290   10344    41323   3.60
  1984          90      0.23873  0.21327  0.50    9199    1962    8218    30979   3.37
  1984          91      0.25824  0.22871  0.50    7237    1655    6410    22760   3.14
  1984          92      0.28384  0.24857  0.50    5582    1388    4888    16351   2.93
  1984          93      0.31011  0.26848  0.50    4195    1126    3632    11462   2.73
  1984          94      0.34114  0.29143  0.50    3068     894    2621     7831   2.55
  1984          95      0.36936  0.31178  0.50    2174     678    1835     5209   2.40
  1984          96      0.39792  0.33188  0.50    1496     497    1248     3374   2.25
  1984          97      0.42722  0.35202  0.50    1000     352     824     2126   2.13
  1984          98      0.45706  0.37204  0.50     648     241     527     1302   2.01
  1984          99      0.48722  0.39178  0.50     407     159     327      775   1.90
  1984         100      0.51747  0.41110  0.50     247     102     197      448   1.81
  1984         101      0.54755  0.42986  0.50     146      63     114      251   1.72
  1984         102      0.57725  0.44796  0.50      83      37      64      137   1.65
  1984         103      0.60633  0.46528  0.50      46      21      35       72   1.58
  1984         104      0.63460  0.48175  0.50      25      12      19       37   1.52
  1984         105      0.66189  0.49731  0.50      13       6      10       19   1.46
  1984         106      0.68803  0.51192  0.50       6       3       5        9   1.41
  1984         107      0.71292  0.52557  0.50       3       2       2        4   1.37
  1984         108      0.73645  0.53825  0.50       1       1       1        2   1.33
  1984         109      0.75858  0.54998  0.50       1       0       0        1   1.30
  1984         110+     0.77926  1.00000  1.28       0       0       0        0   1.28
  1985           0      0.01106  0.01096  0.13  100000    1096   99042  7398692  73.99
  1985           1      0.00064  0.00064  0.50   98904      63   98873  7299650  73.81
  1985           2      0.00074  0.00074  0.50   98841      73   98804  7200777  72.85
  1985           3      0.00048  0.00048  0.50   98768      47   98744  7101973  71.91
  1985           4      0.00027  0.00027  0.50   98721      27   98707  7003228  70.94
  1985           5      0.00024  0.00024  0.50   98694      24   98682  6904521  69.96
  1985           6      0.00023  0.00023  0.50   98670      22   98659  6805839  68.98
  1985           7      0.00016  0.00016  0.50   98648      15   98640  6707180  67.99
  1985           8      0.00019  0.00019  0.50   98632      19   98623  6608540  67.00
  1985           9      0.00014  0.00014  0.50   98614      13   98607  6509917  66.01
  1985          10      0.00023  0.00023  0.50   98600      22   98589  6411310  65.02
  1985          11      0.00022  0.00022  0.50   98578      22   98567  6312721  64.04
  1985          12      0.00022  0.00022  0.50   98556      22   98545  6214154  63.05
  1985          13      0.00022  0.00022  0.50   98534      22   98523  6115609  62.07
  1985          14      0.00037  0.00037  0.50   98512      37   98494  6017086  61.08
  1985          15      0.00047  0.00047  0.50   98476      47   98452  5918592  60.10
  1985          16      0.00079  0.00079  0.50   98429      78   98390  5820139  59.13
  1985          17      0.00069  0.00069  0.50   98351      68   98317  5721749  58.18
  1985          18      0.00103  0.00103  0.50   98283     101   98233  5623432  57.22
  1985          19      0.00099  0.00098  0.50   98182      97   98134  5525199  56.28
  1985          20      0.00112  0.00112  0.50   98085     110   98030  5427066  55.33
  1985          21      0.00105  0.00105  0.50   97976     102   97924  5329035  54.39
  1985          22      0.00096  0.00096  0.50   97873      94   97826  5231111  53.45
  1985          23      0.00103  0.00103  0.50   97780     101   97729  5133285  52.50
  1985          24      0.00109  0.00109  0.50   97679     106   97626  5035556  51.55
  1985          25      0.00084  0.00084  0.50   97573      82   97532  4937930  50.61
  1985          26      0.00097  0.00097  0.50   97491      95   97444  4840398  49.65
  1985          27      0.00083  0.00083  0.50   97396      80   97356  4742955  48.70
  1985          28      0.00100  0.00100  0.50   97316      97   97267  4645599  47.74
  1985          29      0.00099  0.00099  0.50   97219      96   97171  4548332  46.78
  1985          30      0.00089  0.00089  0.50   97123      86   97079  4451161  45.83
  1985          31      0.00102  0.00102  0.50   97036      99   96987  4354082  44.87
  1985          32      0.00101  0.00101  0.50   96938      98   96889  4257095  43.92
  1985          33      0.00127  0.00127  0.50   96840     123   96779  4160206  42.96
  1985          34      0.00132  0.00132  0.50   96717     127   96653  4063428  42.01
  1985          35      0.00137  0.00137  0.50   96590     132   96524  3966774  41.07
  1985          36      0.00138  0.00138  0.50   96457     133   96391  3870251  40.12
  1985          37      0.00165  0.00165  0.50   96324     159   96245  3773860  39.18
  1985          38      0.00188  0.00188  0.50   96165     181   96075  3677615  38.24
  1985          39      0.00197  0.00197  0.50   95984     189   95890  3581541  37.31
  1985          40      0.00228  0.00228  0.50   95796     218   95686  3485651  36.39
  1985          41      0.00245  0.00245  0.50   95577     234   95460  3389964  35.47
  1985          42      0.00253  0.00252  0.50   95343     240   95223  3294504  34.55
  1985          43      0.00323  0.00322  0.50   95103     306   94950  3199281  33.64
  1985          44      0.00312  0.00312  0.50   94797     296   94649  3104331  32.75
  1985          45      0.00335  0.00335  0.50   94501     316   94343  3009682  31.85
  1985          46      0.00347  0.00346  0.50   94185     326   94022  2915340  30.95
  1985          47      0.00388  0.00388  0.50   93859     364   93677  2821318  30.06
  1985          48      0.00452  0.00451  0.50   93495     422   93284  2727641  29.17
  1985          49      0.00446  0.00445  0.50   93073     414   92866  2634357  28.30
  1985          50      0.00538  0.00537  0.50   92659     497   92411  2541491  27.43
  1985          51      0.00606  0.00604  0.50   92162     557   91884  2449080  26.57
  1985          52      0.00623  0.00621  0.50   91605     569   91321  2357197  25.73
  1985          53      0.00667  0.00665  0.50   91037     605   90734  2265876  24.89
  1985          54      0.00787  0.00784  0.50   90431     709   90077  2175142  24.05
  1985          55      0.00830  0.00827  0.50   89722     742   89351  2085065  23.24
  1985          56      0.00898  0.00894  0.50   88980     795   88583  1995713  22.43
  1985          57      0.01042  0.01037  0.50   88185     914   87728  1907130  21.63
  1985          58      0.00964  0.00959  0.50   87271     837   86853  1819402  20.85
  1985          59      0.01126  0.01120  0.50   86434     968   85950  1732549  20.04
  1985          60      0.01280  0.01272  0.50   85466    1087   84923  1646599  19.27
  1985          61      0.01363  0.01354  0.50   84379    1142   83808  1561677  18.51
  1985          62      0.01299  0.01290  0.50   83237    1074   82700  1477868  17.75
  1985          63      0.01536  0.01524  0.50   82163    1252   81537  1395168  16.98
  1985          64      0.01643  0.01630  0.50   80911    1319   80252  1313631  16.24
  1985          65      0.01826  0.01809  0.50   79593    1440   78873  1233380  15.50
  1985          66      0.01927  0.01909  0.50   78153    1492   77407  1154507  14.77
  1985          67      0.02159  0.02136  0.50   76661    1638   75842  1077100  14.05
  1985          68      0.02542  0.02510  0.50   75023    1883   74081  1001259  13.35
  1985          69      0.02690  0.02655  0.50   73139    1942   72169   927178  12.68
  1985          70      0.02929  0.02887  0.50   71198    2056   70170   855009  12.01
  1985          71      0.03277  0.03224  0.50   69142    2229   68027   784839  11.35
  1985          72      0.03713  0.03645  0.50   66913    2439   65693   716812  10.71
  1985          73      0.04074  0.03993  0.50   64474    2574   63187   651119  10.10
  1985          74      0.04410  0.04315  0.50   61899    2671   60564   587932   9.50
  1985          75      0.05290  0.05154  0.50   59228    3052   57702   527368   8.90
  1985          76      0.05842  0.05676  0.50   56176    3189   54582   469666   8.36
  1985          77      0.06616  0.06404  0.50   52987    3393   51291   415084   7.83
  1985          78      0.07465  0.07196  0.50   49594    3569   47810   363793   7.34
  1985          79      0.08225  0.07900  0.50   46025    3636   44207   315984   6.87
  1985          80      0.09180  0.08777  0.50   42389    3721   40529   271777   6.41
  1985          81      0.10386  0.09873  0.50   38668    3818   36760   231248   5.98
  1985          82      0.11643  0.11002  0.50   34851    3834   32933   194489   5.58
  1985          83      0.12904  0.12122  0.50   31016    3760   29136   161555   5.21
  1985          84      0.14344  0.13384  0.50   27257    3648   25433   132419   4.86
  1985          85      0.16087  0.14890  0.50   23609    3515   21851   106986   4.53
  1985          86      0.17618  0.16192  0.50   20093    3253   18467    85135   4.24
  1985          87      0.18848  0.17225  0.50   16840    2901   15390    66669   3.96
  1985          88      0.21403  0.19334  0.50   13939    2695   12592    51279   3.68
  1985          89      0.22815  0.20479  0.50   11244    2303   10093    38687   3.44
  1985          90      0.25410  0.22545  0.50    8942    2016    7934    28594   3.20
  1985          91      0.28243  0.24748  0.50    6926    1714    6069    20661   2.98
  1985          92      0.30290  0.26306  0.50    5212    1371    4526    14592   2.80
  1985          93      0.33561  0.28738  0.50    3841    1104    3289    10066   2.62
  1985          94      0.34192  0.29200  0.50    2737     799    2337     6777   2.48
  1985          95      0.38875  0.32548  0.50    1938     631    1622     4440   2.29
  1985          96      0.41886  0.34633  0.50    1307     453    1081     2817   2.16
  1985          97      0.44964  0.36710  0.50     854     314     698     1737   2.03
  1985          98      0.48085  0.38765  0.50     541     210     436     1039   1.92
  1985          99      0.51225  0.40780  0.50     331     135     264      603   1.82
  1985         100      0.54357  0.42741  0.50     196      84     154      340   1.73
  1985         101      0.57456  0.44634  0.50     112      50      87      185   1.65
  1985         102      0.60498  0.46448  0.50      62      29      48       98   1.58
  1985         103      0.63459  0.48174  0.50      33      16      25       50   1.51
  1985         104      0.66321  0.49805  0.50      17       9      13       25   1.46
  1985         105      0.69064  0.51337  0.50       9       4       6       12   1.40
  1985         106      0.71676  0.52766  0.50       4       2       3        6   1.36
  1985         107      0.74146  0.54092  0.50       2       1       1        3   1.32
  1985         108      0.76466  0.55317  0.50       1       1       1        1   1.29
  1985         109      0.78633  0.56442  0.50       0       0       0        1   1.26
  1985         110+     0.80645  1.00000  1.24       0       0       0        0   1.24
  1986           0      0.01029  0.01020  0.13  100000    1020   99111  7445570  74.46
  1986           1      0.00080  0.00080  0.50   98980      79   98941  7346459  74.22
  1986           2      0.00047  0.00047  0.50   98901      46   98878  7247518  73.28
  1986           3      0.00031  0.00031  0.50   98855      31   98839  7148640  72.31
  1986           4      0.00022  0.00022  0.50   98823      22   98812  7049801  71.34
  1986           5      0.00016  0.00016  0.50   98801      16   98793  6950989  70.35
  1986           6      0.00020  0.00020  0.50   98785      19   98776  6852196  69.36
  1986           7      0.00031  0.00031  0.50   98766      30   98751  6753420  68.38
  1986           8      0.00030  0.00030  0.50   98736      30   98721  6654669  67.40
  1986           9      0.00022  0.00022  0.50   98706      22   98695  6555948  66.42
  1986          10      0.00022  0.00022  0.50   98684      21   98673  6457253  65.43
  1986          11      0.00013  0.00013  0.50   98663      13   98656  6358580  64.45
  1986          12      0.00018  0.00018  0.50   98650      18   98641  6259924  63.46
  1986          13      0.00023  0.00023  0.50   98632      23   98621  6161283  62.47
  1986          14      0.00021  0.00021  0.50   98609      21   98599  6062662  61.48
  1986          15      0.00036  0.00036  0.50   98588      36   98571  5964064  60.49
  1986          16      0.00067  0.00067  0.50   98553      66   98520  5865493  59.52
  1986          17      0.00070  0.00070  0.50   98487      69   98452  5766973  58.56
  1986          18      0.00094  0.00094  0.50   98418      93   98372  5668521  57.60
  1986          19      0.00102  0.00102  0.50   98325     100   98275  5570149  56.65
  1986          20      0.00103  0.00103  0.50   98225     101   98175  5471874  55.71
  1986          21      0.00092  0.00092  0.50   98124      91   98079  5373699  54.76
  1986          22      0.00101  0.00101  0.50   98034      99   97984  5275621  53.81
  1986          23      0.00093  0.00093  0.50   97935      91   97889  5177636  52.87
  1986          24      0.00072  0.00072  0.50   97844      71   97808  5079747  51.92
  1986          25      0.00081  0.00081  0.50   97773      80   97733  4981939  50.95
  1986          26      0.00095  0.00095  0.50   97693      93   97647  4884206  50.00
  1986          27      0.00096  0.00096  0.50   97600      93   97554  4786559  49.04
  1986          28      0.00101  0.00101  0.50   97507      99   97458  4689005  48.09
  1986          29      0.00080  0.00080  0.50   97408      78   97369  4591548  47.14
  1986          30      0.00107  0.00107  0.50   97330     104   97278  4494179  46.17
  1986          31      0.00099  0.00099  0.50   97226      97   97178  4396900  45.22
  1986          32      0.00108  0.00108  0.50   97129     105   97077  4299723  44.27
  1986          33      0.00130  0.00130  0.50   97025     126   96962  4202646  43.32
  1986          34      0.00125  0.00125  0.50   96899     121   96839  4105684  42.37
  1986          35      0.00154  0.00154  0.50   96778     149   96704  4008845  41.42
  1986          36      0.00142  0.00142  0.50   96629     137   96560  3912142  40.49
  1986          37      0.00139  0.00138  0.50   96492     134   96425  3815581  39.54
  1986          38      0.00200  0.00199  0.50   96358     192   96262  3719157  38.60
  1986          39      0.00199  0.00199  0.50   96166     191   96070  3622895  37.67
  1986          40      0.00212  0.00212  0.50   95975     204   95873  3526824  36.75
  1986          41      0.00261  0.00260  0.50   95771     249   95646  3430952  35.82
  1986          42      0.00248  0.00248  0.50   95522     237   95403  3335305  34.92
  1986          43      0.00261  0.00261  0.50   95285     249   95160  3239902  34.00
  1986          44      0.00321  0.00320  0.50   95036     304   94884  3144742  33.09
  1986          45      0.00320  0.00320  0.50   94732     303   94580  3049858  32.19
  1986          46      0.00356  0.00355  0.50   94429     335   94261  2955277  31.30
  1986          47      0.00375  0.00374  0.50   94094     352   93918  2861016  30.41
  1986          48      0.00403  0.00402  0.50   93742     377   93553  2767098  29.52
  1986          49      0.00477  0.00476  0.50   93365     444   93143  2673545  28.64
  1986          50      0.00482  0.00481  0.50   92921     447   92697  2580402  27.77
  1986          51      0.00527  0.00525  0.50   92474     486   92231  2487705  26.90
  1986          52      0.00607  0.00605  0.50   91988     557   91710  2395474  26.04
  1986          53      0.00658  0.00656  0.50   91431     600   91131  2303764  25.20
  1986          54      0.00726  0.00724  0.50   90832     657   90503  2212632  24.36
  1986          55      0.00802  0.00798  0.50   90174     720   89814  2122129  23.53
  1986          56      0.00884  0.00880  0.50   89454     787   89061  2032315  22.72
  1986          57      0.01000  0.00995  0.50   88667     882   88226  1943254  21.92
  1986          58      0.01070  0.01064  0.50   87785     934   87318  1855028  21.13
  1986          59      0.01058  0.01052  0.50   86851     914   86394  1767710  20.35
  1986          60      0.01196  0.01189  0.50   85937    1022   85427  1681316  19.56
  1986          61      0.01254  0.01246  0.50   84916    1058   84387  1595889  18.79
  1986          62      0.01325  0.01316  0.50   83857    1103   83306  1511502  18.02
  1986          63      0.01409  0.01399  0.50   82754    1158   82175  1428197  17.26
  1986          64      0.01627  0.01614  0.50   81596    1317   80937  1346022  16.50
  1986          65      0.01752  0.01737  0.50   80279    1394   79582  1265084  15.76
  1986          66      0.01906  0.01888  0.50   78885    1489   78140  1185502  15.03
  1986          67      0.02202  0.02178  0.50   77395    1686   76553  1107362  14.31
  1986          68      0.02438  0.02409  0.50   75710    1824   74798  1030810  13.62
  1986          69      0.02583  0.02550  0.50   73886    1884   72944   956012  12.94
  1986          70      0.02852  0.02812  0.50   72002    2024   70990   883068  12.26
  1986          71      0.03113  0.03065  0.50   69978    2145   68905   812078  11.60
  1986          72      0.03525  0.03464  0.50   67833    2350   66658   743172  10.96
  1986          73      0.03955  0.03878  0.50   65483    2540   64213   676514  10.33
  1986          74      0.04399  0.04305  0.50   62943    2710   61589   612301   9.73
  1986          75      0.04831  0.04717  0.50   60234    2841   58813   550712   9.14
  1986          76      0.05746  0.05585  0.50   57393    3206   55790   491899   8.57
  1986          77      0.06411  0.06212  0.50   54187    3366   52504   436109   8.05
  1986          78      0.06922  0.06690  0.50   50821    3400   49121   383605   7.55
  1986          79      0.07851  0.07555  0.50   47421    3583   45630   334484   7.05
  1986          80      0.09005  0.08617  0.50   43839    3778   41950   288854   6.59
  1986          81      0.10031  0.09552  0.50   40061    3826   38148   246904   6.16
  1986          82      0.10950  0.10382  0.50   36234    3762   34354   208757   5.76
  1986          83      0.12261  0.11553  0.50   32473    3752   30597   174403   5.37
  1986          84      0.13508  0.12654  0.50   28721    3634   26904   143806   5.01
  1986          85      0.15093  0.14034  0.50   25087    3521   23327   116902   4.66
  1986          86      0.17278  0.15904  0.50   21566    3430   19851    93576   4.34
  1986          87      0.19439  0.17717  0.50   18136    3213   16530    73724   4.07
  1986          88      0.20349  0.18470  0.50   14923    2756   13545    57195   3.83
  1986          89      0.21008  0.19011  0.50   12167    2313   11010    43650   3.59
  1986          90      0.25227  0.22402  0.50    9854    2207    8750    32639   3.31
  1986          91      0.26279  0.23227  0.50    7646    1776    6758    23889   3.12
  1986          92      0.28361  0.24839  0.50    5870    1458    5141    17131   2.92
  1986          93      0.31298  0.27063  0.50    4412    1194    3815    11989   2.72
  1986          94      0.33295  0.28543  0.50    3218     919    2759     8174   2.54
  1986          95      0.37606  0.31654  0.50    2300     728    1936     5415   2.35
  1986          96      0.40563  0.33723  0.50    1572     530    1307     3480   2.21
  1986          97      0.43596  0.35793  0.50    1042     373     855     2173   2.09
  1986          98      0.46683  0.37848  0.50     669     253     542     1318   1.97
  1986          99      0.49800  0.39872  0.50     416     166     333      776   1.87
  1986         100      0.52923  0.41849  0.50     250     105     198      443   1.77
  1986         101      0.56027  0.43766  0.50     145      64     114      245   1.69
  1986         102      0.59086  0.45611  0.50      82      37      63      132   1.61
  1986         103      0.62079  0.47374  0.50      44      21      34       69   1.54
  1986         104      0.64983  0.49047  0.50      23      11      18       35   1.48
  1986         105      0.67781  0.50624  0.50      12       6       9       17   1.43
  1986         106      0.70458  0.52103  0.50       6       3       4        8   1.38
  1986         107      0.73000  0.53480  0.50       3       2       2        4   1.34
  1986         108      0.75399  0.54756  0.50       1       1       1        2   1.30
  1986         109      0.77648  0.55933  0.50       1       0       0        1   1.27
  1986         110+     0.79746  1.00000  1.25       0       0       0        0   1.25
  1987           0      0.00987  0.00979  0.13  100000     979   99148  7490186  74.90
  1987           1      0.00070  0.00070  0.50   99021      69   98987  7391039  74.64
  1987           2      0.00040  0.00040  0.50   98952      40   98932  7292052  73.69
  1987           3      0.00027  0.00027  0.50   98912      26   98899  7193120  72.72
  1987           4      0.00023  0.00023  0.50   98885      22   98874  7094221  71.74
  1987           5      0.00030  0.00030  0.50   98863      29   98848  6995347  70.76
  1987           6      0.00022  0.00022  0.50   98834      21   98823  6896499  69.78
  1987           7      0.00012  0.00012  0.50   98812      11   98807  6797676  68.79
  1987           8      0.00015  0.00015  0.50   98801      15   98793  6698869  67.80
  1987           9      0.00026  0.00026  0.50   98786      26   98773  6600076  66.81
  1987          10      0.00015  0.00015  0.50   98760      15   98752  6501303  65.83
  1987          11      0.00016  0.00016  0.50   98745      16   98737  6402551  64.84
  1987          12      0.00026  0.00026  0.50   98729      25   98716  6303814  63.85
  1987          13      0.00015  0.00015  0.50   98703      15   98696  6205098  62.87
  1987          14      0.00024  0.00024  0.50   98689      24   98677  6106402  61.88
  1987          15      0.00042  0.00042  0.50   98665      41   98644  6007725  60.89
  1987          16      0.00046  0.00046  0.50   98624      45   98601  5909081  59.92
  1987          17      0.00085  0.00085  0.50   98578      84   98537  5810480  58.94
  1987          18      0.00096  0.00096  0.50   98495      94   98448  5711943  57.99
  1987          19      0.00104  0.00104  0.50   98400     103   98349  5613496  57.05
  1987          20      0.00090  0.00090  0.50   98298      89   98254  5515147  56.11
  1987          21      0.00086  0.00086  0.50   98209      84   98167  5416893  55.16
  1987          22      0.00099  0.00099  0.50   98125      97   98077  5318726  54.20
  1987          23      0.00092  0.00092  0.50   98028      90   97983  5220649  53.26
  1987          24      0.00088  0.00088  0.50   97938      86   97895  5122666  52.31
  1987          25      0.00085  0.00084  0.50   97851      83   97810  5024772  51.35
  1987          26      0.00073  0.00073  0.50   97769      71   97733  4926961  50.39
  1987          27      0.00079  0.00079  0.50   97697      77   97659  4829228  49.43
  1987          28      0.00090  0.00090  0.50   97620      88   97576  4731570  48.47
  1987          29      0.00097  0.00097  0.50   97532      95   97485  4633993  47.51
  1987          30      0.00094  0.00094  0.50   97438      92   97392  4536508  46.56
  1987          31      0.00119  0.00119  0.50   97346     116   97288  4439117  45.60
  1987          32      0.00111  0.00111  0.50   97230     108   97176  4341829  44.66
  1987          33      0.00116  0.00116  0.50   97122     112   97066  4244652  43.70
  1987          34      0.00114  0.00114  0.50   97010     110   96955  4147586  42.75
  1987          35      0.00121  0.00121  0.50   96900     117   96841  4050631  41.80
  1987          36      0.00140  0.00140  0.50   96783     136   96715  3953790  40.85
  1987          37      0.00152  0.00152  0.50   96647     147   96573  3857075  39.91
  1987          38      0.00167  0.00167  0.50   96500     161   96419  3760502  38.97
  1987          39      0.00190  0.00189  0.50   96339     183   96247  3664083  38.03
  1987          40      0.00220  0.00220  0.50   96156     211   96051  3567835  37.10
  1987          41      0.00247  0.00247  0.50   95945     237   95826  3471785  36.19
  1987          42      0.00229  0.00229  0.50   95708     219   95598  3375958  35.27
  1987          43      0.00239  0.00239  0.50   95489     228   95375  3280360  34.35
  1987          44      0.00286  0.00286  0.50   95261     272   95124  3184985  33.43
  1987          45      0.00315  0.00315  0.50   94988     299   94839  3089861  32.53
  1987          46      0.00345  0.00344  0.50   94689     326   94526  2995022  31.63
  1987          47      0.00348  0.00348  0.50   94363     328   94199  2900496  30.74
  1987          48      0.00371  0.00370  0.50   94035     348   93861  2806297  29.84
  1987          49      0.00444  0.00443  0.50   93687     415   93479  2712436  28.95
  1987          50      0.00460  0.00459  0.50   93272     428   93058  2618957  28.08
  1987          51      0.00514  0.00513  0.50   92844     476   92606  2525899  27.21
  1987          52      0.00562  0.00560  0.50   92367     517   92109  2433293  26.34
  1987          53      0.00639  0.00637  0.50   91850     585   91558  2341185  25.49
  1987          54      0.00703  0.00701  0.50   91265     640   90946  2249627  24.65
  1987          55      0.00812  0.00809  0.50   90626     733   90259  2158681  23.82
  1987          56      0.00849  0.00846  0.50   89892     760   89512  2068422  23.01
  1987          57      0.00952  0.00947  0.50   89132     844   88710  1978910  22.20
  1987          58      0.00968  0.00963  0.50   88288     850   87863  1890200  21.41
  1987          59      0.01038  0.01033  0.50   87438     903   86986  1802336  20.61
  1987          60      0.01094  0.01088  0.50   86535     941   86064  1715350  19.82
  1987          61      0.01247  0.01239  0.50   85593    1060   85063  1629286  19.04
  1987          62      0.01301  0.01293  0.50   84533    1093   83987  1544223  18.27
  1987          63      0.01515  0.01503  0.50   83440    1254   82813  1460236  17.50
  1987          64      0.01578  0.01565  0.50   82186    1286   81542  1377424  16.76
  1987          65      0.01787  0.01771  0.50   80899    1433   80183  1295881  16.02
  1987          66      0.01885  0.01868  0.50   79466    1484   78724  1215698  15.30
  1987          67      0.02088  0.02066  0.50   77982    1611   77176  1136974  14.58
  1987          68      0.02274  0.02248  0.50   76371    1717   75512  1059798  13.88
  1987          69      0.02455  0.02425  0.50   74653    1811   73748   984286  13.18
  1987          70      0.02800  0.02762  0.50   72843    2012   71837   910538  12.50
  1987          71      0.03126  0.03078  0.50   70831    2180   69741   838701  11.84
  1987          72      0.03469  0.03410  0.50   68651    2341   67480   768960  11.20
  1987          73      0.03583  0.03520  0.50   66310    2334   65143   701480  10.58
  1987          74      0.04252  0.04164  0.50   63976    2664   62644   636337   9.95
  1987          75      0.04779  0.04668  0.50   61312    2862   59881   573693   9.36
  1987          76      0.05462  0.05317  0.50   58450    3108   56896   513812   8.79
  1987          77      0.05880  0.05713  0.50   55343    3161   53762   456915   8.26
  1987          78      0.06704  0.06486  0.50   52181    3385   50489   403153   7.73
  1987          79      0.07638  0.07357  0.50   48797    3590   47002   352665   7.23
  1987          80      0.08671  0.08311  0.50   45207    3757   43328   305663   6.76
  1987          81      0.09493  0.09063  0.50   41449    3757   39571   262335   6.33
  1987          82      0.10495  0.09971  0.50   37693    3759   35813   222764   5.91
  1987          83      0.11721  0.11072  0.50   33934    3757   32056   186951   5.51
  1987          84      0.13172  0.12358  0.50   30177    3729   28312   154895   5.13
  1987          85      0.14742  0.13730  0.50   26448    3631   24632   126583   4.79
  1987          86      0.15609  0.14479  0.50   22816    3304   21165   101951   4.47
  1987          87      0.18451  0.16893  0.50   19513    3296   17865    80786   4.14
  1987          88      0.19621  0.17868  0.50   16217    2898   14768    62921   3.88
  1987          89      0.21802  0.19659  0.50   13319    2618   12010    48153   3.62
  1987          90      0.23008  0.20634  0.50   10701    2208    9597    36144   3.38
  1987          91      0.25957  0.22975  0.50    8493    1951    7517    26547   3.13
  1987          92      0.28253  0.24756  0.50    6541    1619    5732    19030   2.91
  1987          93      0.32197  0.27732  0.50    4922    1365    4240    13298   2.70
  1987          94      0.34531  0.29447  0.50    3557    1047    3033     9059   2.55
  1987          95      0.36693  0.31005  0.50    2510     778    2121     6025   2.40
  1987          96      0.39638  0.33081  0.50    1732     573    1445     3905   2.26
  1987          97      0.42667  0.35165  0.50    1159     407     955     2460   2.12
  1987          98      0.45760  0.37239  0.50     751     280     611     1505   2.00
  1987          99      0.48892  0.39288  0.50     471     185     379      893   1.89
  1987         100      0.52039  0.41294  0.50     286     118     227      514   1.80
  1987         101      0.55175  0.43245  0.50     168      73     132      287   1.71
  1987         102      0.58275  0.45126  0.50      95      43      74      155   1.63
  1987         103      0.61316  0.46929  0.50      52      25      40       82   1.56
  1987         104      0.64275  0.48642  0.50      28      14      21       42   1.50
  1987         105      0.67132  0.50261  0.50      14       7      11       21   1.44
  1987         106      0.69870  0.51781  0.50       7       4       5       10   1.39
  1987         107      0.72477  0.53199  0.50       3       2       3        5   1.35
  1987         108      0.74941  0.54514  0.50       2       1       1        2   1.31
  1987         109      0.77255  0.55729  0.50       1       0       1        1   1.28
  1987         110+     0.79417  1.00000  1.26       0       0       0        0   1.26
  1988           0      0.00819  0.00814  0.13  100000     814   99294  7537427  75.37
  1988           1      0.00061  0.00061  0.50   99186      61   99156  7438133  74.99
  1988           2      0.00040  0.00040  0.50   99126      40   99106  7338977  74.04
  1988           3      0.00022  0.00022  0.50   99086      22   99075  7239871  73.07
  1988           4      0.00014  0.00014  0.50   99064      14   99057  7140796  72.08
  1988           5      0.00022  0.00022  0.50   99050      21   99039  7041739  71.09
  1988           6      0.00019  0.00019  0.50   99028      19   99019  6942700  70.11
  1988           7      0.00019  0.00019  0.50   99009      19   99000  6843682  69.12
  1988           8      0.00018  0.00018  0.50   98990      18   98981  6744682  68.13
  1988           9      0.00022  0.00022  0.50   98972      22   98961  6645701  67.15
  1988          10      0.00021  0.00021  0.50   98950      21   98939  6546740  66.16
  1988          11      0.00017  0.00017  0.50   98928      16   98920  6447801  65.18
  1988          12      0.00016  0.00016  0.50   98912      16   98904  6348880  64.19
  1988          13      0.00020  0.00020  0.50   98896      20   98886  6249976  63.20
  1988          14      0.00021  0.00021  0.50   98876      21   98866  6151090  62.21
  1988          15      0.00039  0.00039  0.50   98855      39   98836  6052224  61.22
  1988          16      0.00062  0.00062  0.50   98817      62   98786  5953388  60.25
  1988          17      0.00072  0.00072  0.50   98755      71   98719  5854602  59.28
  1988          18      0.00102  0.00102  0.50   98684     100   98633  5755883  58.33
  1988          19      0.00104  0.00104  0.50   98583     102   98532  5657249  57.39
  1988          20      0.00089  0.00089  0.50   98481      88   98437  5558717  56.44
  1988          21      0.00085  0.00085  0.50   98393      83   98352  5460280  55.49
  1988          22      0.00092  0.00092  0.50   98310      90   98265  5361928  54.54
  1988          23      0.00087  0.00087  0.50   98220      85   98177  5263663  53.59
  1988          24      0.00087  0.00087  0.50   98134      85   98092  5165486  52.64
  1988          25      0.00074  0.00074  0.50   98049      73   98013  5067394  51.68
  1988          26      0.00075  0.00075  0.50   97977      73   97940  4969381  50.72
  1988          27      0.00092  0.00092  0.50   97904      90   97859  4871441  49.76
  1988          28      0.00080  0.00080  0.50   97814      78   97775  4773582  48.80
  1988          29      0.00093  0.00093  0.50   97736      91   97690  4675807  47.84
  1988          30      0.00111  0.00111  0.50   97644     108   97590  4578117  46.89
  1988          31      0.00101  0.00101  0.50   97536      98   97487  4480527  45.94
  1988          32      0.00104  0.00104  0.50   97438     102   97387  4383040  44.98
  1988          33      0.00108  0.00108  0.50   97336     105   97284  4285653  44.03
  1988          34      0.00116  0.00116  0.50   97231     112   97175  4188370  43.08
  1988          35      0.00117  0.00117  0.50   97119     113   97062  4091195  42.13
  1988          36      0.00140  0.00140  0.50   97005     136   96937  3994133  41.17
  1988          37      0.00154  0.00153  0.50   96869     149   96795  3897196  40.23
  1988          38      0.00140  0.00139  0.50   96721     135   96653  3800401  39.29
  1988          39      0.00177  0.00176  0.50   96586     170   96501  3703747  38.35
  1988          40      0.00181  0.00181  0.50   96415     175   96328  3607247  37.41
  1988          41      0.00238  0.00238  0.50   96241     229   96126  3510919  36.48
  1988          42      0.00234  0.00233  0.50   96012     224   95900  3414793  35.57
  1988          43      0.00269  0.00269  0.50   95788     258   95659  3318893  34.65
  1988          44      0.00284  0.00284  0.50   95530     271   95394  3223234  33.74
  1988          45      0.00322  0.00321  0.50   95259     306   95106  3127840  32.84
  1988          46      0.00321  0.00320  0.50   94953     304   94801  3032734  31.94
  1988          47      0.00373  0.00372  0.50   94648     352   94472  2937934  31.04
  1988          48      0.00361  0.00361  0.50   94296     340   94126  2843461  30.15
  1988          49      0.00411  0.00410  0.50   93956     386   93763  2749335  29.26
  1988          50      0.00433  0.00432  0.50   93571     404   93368  2655572  28.38
  1988          51      0.00492  0.00491  0.50   93166     457   92938  2562203  27.50
  1988          52      0.00518  0.00517  0.50   92709     479   92470  2469266  26.63
  1988          53      0.00612  0.00610  0.50   92230     563   91949  2376796  25.77
  1988          54      0.00659  0.00657  0.50   91667     602   91366  2284847  24.93
  1988          55      0.00705  0.00702  0.50   91065     640   90745  2193481  24.09
  1988          56      0.00819  0.00816  0.50   90425     738   90057  2102736  23.25
  1988          57      0.00902  0.00897  0.50   89688     805   89285  2012679  22.44
  1988          58      0.00968  0.00963  0.50   88883     856   88455  1923394  21.64
  1988          59      0.00980  0.00975  0.50   88027     858   87597  1834939  20.85
  1988          60      0.01223  0.01215  0.50   87168    1060   86638  1747341  20.05
  1988          61      0.01275  0.01267  0.50   86109    1091   85563  1660703  19.29
  1988          62      0.01289  0.01281  0.50   85017    1089   84473  1575140  18.53
  1988          63      0.01432  0.01421  0.50   83928    1193   83332  1490667  17.76
  1988          64      0.01569  0.01557  0.50   82735    1288   82092  1407335  17.01
  1988          65      0.01545  0.01533  0.50   81448    1249   80823  1325244  16.27
  1988          66      0.01855  0.01838  0.50   80199    1474   79462  1244421  15.52
  1988          67      0.01991  0.01972  0.50   78724    1552   77948  1164959  14.80
  1988          68      0.02265  0.02239  0.50   77172    1728   76308  1087011  14.09
  1988          69      0.02490  0.02459  0.50   75444    1856   74516  1010702  13.40
  1988          70      0.02714  0.02678  0.50   73589    1971   72603   936186  12.72
  1988          71      0.03050  0.03005  0.50   71618    2152   70542   863582  12.06
  1988          72      0.03362  0.03306  0.50   69466    2297   68318   793040  11.42
  1988          73      0.03635  0.03570  0.50   67170    2398   65970   724722  10.79
  1988          74      0.03955  0.03879  0.50   64771    2512   63515   658752  10.17
  1988          75      0.04498  0.04399  0.50   62259    2739   60890   595237   9.56
  1988          76      0.05099  0.04972  0.50   59520    2959   58040   534347   8.98
  1988          77      0.05505  0.05358  0.50   56561    3030   55046   476307   8.42
  1988          78      0.06271  0.06080  0.50   53531    3255   51903   421261   7.87
  1988          79      0.07329  0.07070  0.50   50276    3555   48498   369358   7.35
  1988          80      0.08323  0.07991  0.50   46721    3733   44855   320859   6.87
  1988          81      0.09354  0.08936  0.50   42988    3842   41067   276005   6.42
  1988          82      0.09992  0.09516  0.50   39146    3725   37284   234938   6.00
  1988          83      0.11756  0.11103  0.50   35421    3933   33455   197654   5.58
  1988          84      0.12898  0.12117  0.50   31488    3815   29580   164200   5.21
  1988          85      0.14566  0.13577  0.50   27673    3757   25794   134619   4.86
  1988          86      0.16274  0.15050  0.50   23916    3599   22116   108825   4.55
  1988          87      0.17351  0.15966  0.50   20316    3244   18695    86709   4.27
  1988          88      0.18833  0.17212  0.50   17073    2939   15603    68015   3.98
  1988          89      0.21374  0.19310  0.50   14134    2729   12769    52411   3.71
  1988          90      0.22519  0.20240  0.50   11405    2308   10251    39642   3.48
  1988          91      0.25278  0.22442  0.50    9096    2041    8076    29391   3.23
  1988          92      0.26976  0.23770  0.50    7055    1677    6217    21315   3.02
  1988          93      0.28577  0.25005  0.50    5378    1345    4706    15099   2.81
  1988          94      0.34537  0.29452  0.50    4033    1188    3439    10393   2.58
  1988          95      0.35912  0.30445  0.50    2845     866    2412     6954   2.44
  1988          96      0.38817  0.32508  0.50    1979     643    1657     4541   2.29
  1988          97      0.41813  0.34583  0.50    1336     462    1105     2884   2.16
  1988          98      0.44878  0.36654  0.50     874     320     714     1779   2.04
  1988          99      0.47991  0.38704  0.50     554     214     446     1065   1.92
  1988         100      0.51127  0.40718  0.50     339     138     270      619   1.82
  1988         101      0.54260  0.42681  0.50     201      86     158      349   1.73
  1988         102      0.57367  0.44580  0.50     115      51      90      191   1.65
  1988         103      0.60422  0.46403  0.50      64      30      49      101   1.58
  1988         104      0.63403  0.48141  0.50      34      16      26       52   1.51
  1988         105      0.66289  0.49787  0.50      18       9      13       26   1.46
  1988         106      0.69063  0.51336  0.50       9       5       7       13   1.41
  1988         107      0.71710  0.52784  0.50       4       2       3        6   1.36
  1988         108      0.74218  0.54130  0.50       2       1       1        3   1.32
  1988         109      0.76579  0.55376  0.50       1       1       1        1   1.29
  1988         110+     0.78788  1.00000  1.27       0       0       1        1   1.27
  1989           0      0.00834  0.00828  0.13  100000     828   99282  7546439  75.46
  1989           1      0.00065  0.00065  0.50   99172      64   99140  7447158  75.09
  1989           2      0.00045  0.00045  0.50   99108      44   99086  7348018  74.14
  1989           3      0.00041  0.00041  0.50   99064      40   99043  7248932  73.17
  1989           4      0.00028  0.00028  0.50   99023      28   99010  7149888  72.20
  1989           5      0.00028  0.00028  0.50   98996      27   98982  7050879  71.22
  1989           6      0.00025  0.00025  0.50   98968      24   98956  6951897  70.24
  1989           7      0.00020  0.00020  0.50   98944      20   98934  6852941  69.26
  1989           8      0.00021  0.00021  0.50   98924      21   98913  6754007  68.27
  1989           9      0.00019  0.00019  0.50   98903      19   98893  6655093  67.29
  1989          10      0.00019  0.00019  0.50   98883      19   98874  6556200  66.30
  1989          11      0.00007  0.00007  0.50   98865       7   98861  6457326  65.31
  1989          12      0.00020  0.00020  0.50   98858      20   98848  6358465  64.32
  1989          13      0.00020  0.00020  0.50   98838      20   98828  6259617  63.33
  1989          14      0.00020  0.00020  0.50   98818      20   98808  6160788  62.34
  1989          15      0.00022  0.00022  0.50   98798      22   98787  6061980  61.36
  1989          16      0.00053  0.00053  0.50   98776      52   98750  5963193  60.37
  1989          17      0.00066  0.00066  0.50   98724      65   98692  5864443  59.40
  1989          18      0.00100  0.00100  0.50   98659      99   98610  5765751  58.44
  1989          19      0.00121  0.00120  0.50   98560     119   98501  5667141  57.50
  1989          20      0.00084  0.00084  0.50   98442      83   98400  5568640  56.57
  1989          21      0.00094  0.00094  0.50   98359      92   98312  5470240  55.62
  1989          22      0.00090  0.00090  0.50   98266      88   98222  5371928  54.67
  1989          23      0.00080  0.00080  0.50   98178      79   98139  5273706  53.72
  1989          24      0.00079  0.00079  0.50   98099      77   98061  5175567  52.76
  1989          25      0.00081  0.00081  0.50   98022      79   97982  5077507  51.80
  1989          26      0.00079  0.00079  0.50   97943      77   97904  4979524  50.84
  1989          27      0.00098  0.00098  0.50   97866      96   97818  4881620  49.88
  1989          28      0.00100  0.00100  0.50   97770      98   97721  4783802  48.93
  1989          29      0.00082  0.00082  0.50   97672      80   97632  4686081  47.98
  1989          30      0.00090  0.00090  0.50   97592      87   97548  4588449  47.02
  1989          31      0.00093  0.00093  0.50   97504      91   97459  4490901  46.06
  1989          32      0.00099  0.00099  0.50   97413      96   97365  4393442  45.10
  1989          33      0.00112  0.00112  0.50   97317     109   97263  4296077  44.15
  1989          34      0.00108  0.00108  0.50   97208     105   97156  4198814  43.19
  1989          35      0.00128  0.00128  0.50   97103     124   97041  4101658  42.24
  1989          36      0.00115  0.00115  0.50   96979     112   96923  4004617  41.29
  1989          37      0.00149  0.00149  0.50   96867     144   96795  3907694  40.34
  1989          38      0.00168  0.00168  0.50   96723     163   96642  3810899  39.40
  1989          39      0.00165  0.00165  0.50   96560     159   96481  3714257  38.47
  1989          40      0.00176  0.00176  0.50   96401     170   96316  3617776  37.53
  1989          41      0.00218  0.00218  0.50   96231     210   96126  3521460  36.59
  1989          42      0.00243  0.00243  0.50   96021     233   95905  3425334  35.67
  1989          43      0.00256  0.00255  0.50   95789     244   95666  3329429  34.76
  1989          44      0.00265  0.00265  0.50   95544     253   95418  3233762  33.85
  1989          45      0.00299  0.00298  0.50   95291     284   95149  3138345  32.93
  1989          46      0.00346  0.00346  0.50   95007     329   94843  3043196  32.03
  1989          47      0.00318  0.00318  0.50   94678     301   94528  2948353  31.14
  1989          48      0.00355  0.00355  0.50   94378     335   94210  2853825  30.24
  1989          49      0.00418  0.00417  0.50   94043     393   93847  2759615  29.34
  1989          50      0.00421  0.00420  0.50   93650     393   93454  2665768  28.47
  1989          51      0.00547  0.00546  0.50   93257     509   93003  2572314  27.58
  1989          52      0.00517  0.00516  0.50   92748     478   92509  2479311  26.73
  1989          53      0.00601  0.00599  0.50   92270     553   91993  2386802  25.87
  1989          54      0.00702  0.00699  0.50   91717     641   91396  2294809  25.02
  1989          55      0.00720  0.00717  0.50   91075     653   90749  2203413  24.19
  1989          56      0.00752  0.00749  0.50   90422     677   90083  2112664  23.36
  1989          57      0.00899  0.00895  0.50   89745     803   89343  2022581  22.54
  1989          58      0.00957  0.00952  0.50   88941     847   88518  1933238  21.74
  1989          59      0.01037  0.01031  0.50   88094     909   87640  1844720  20.94
  1989          60      0.01188  0.01181  0.50   87186    1030   86671  1757080  20.15
  1989          61      0.01236  0.01228  0.50   86156    1058   85627  1670409  19.39
  1989          62      0.01273  0.01265  0.50   85098    1076   84560  1584782  18.62
  1989          63      0.01402  0.01392  0.50   84022    1170   83437  1500222  17.86
  1989          64      0.01542  0.01531  0.50   82852    1268   82218  1416786  17.10
  1989          65      0.01694  0.01680  0.50   81584    1371   80898  1334568  16.36
  1989          66      0.01723  0.01708  0.50   80213    1370   79528  1253669  15.63
  1989          67      0.02014  0.01994  0.50   78843    1572   78057  1174141  14.89
  1989          68      0.02199  0.02175  0.50   77271    1681   76430  1096085  14.19
  1989          69      0.02435  0.02406  0.50   75590    1819   74681  1019654  13.49
  1989          70      0.02644  0.02609  0.50   73771    1925   72809   944974  12.81
  1989          71      0.02967  0.02924  0.50   71847    2101   70796   872165  12.14
  1989          72      0.03423  0.03365  0.50   69746    2347   68573   801368  11.49
  1989          73      0.03597  0.03533  0.50   67399    2381   66208   732796  10.87
  1989          74      0.04014  0.03935  0.50   65018    2558   63739   666587  10.25
  1989          75      0.04456  0.04359  0.50   62459    2722   61098   602849   9.65
  1989          76      0.04816  0.04702  0.50   59737    2809   58332   541750   9.07
  1989          77      0.05760  0.05599  0.50   56928    3187   55334   483418   8.49
  1989          78      0.06098  0.05918  0.50   53741    3180   52150   428084   7.97
  1989          79      0.07059  0.06818  0.50   50560    3447   48837   375933   7.44
  1989          80      0.08125  0.07808  0.50   47113    3679   45274   327097   6.94
  1989          81      0.08762  0.08395  0.50   43434    3646   41611   281823   6.49
  1989          82      0.10165  0.09673  0.50   39788    3849   37864   240212   6.04
  1989          83      0.11268  0.10667  0.50   35939    3834   34023   202348   5.63
  1989          84      0.12633  0.11883  0.50   32106    3815   30198   168326   5.24
  1989          85      0.13555  0.12694  0.50   28291    3591   26495   138127   4.88
  1989          86      0.15658  0.14521  0.50   24700    3587   22906   111632   4.52
  1989          87      0.17415  0.16020  0.50   21113    3382   19422    88726   4.20
  1989          88      0.19659  0.17900  0.50   17731    3174   16144    69304   3.91
  1989          89      0.21696  0.19573  0.50   14557    2849   13132    53160   3.65
  1989          90      0.23894  0.21344  0.50   11708    2499   10458    40028   3.42
  1989          91      0.25108  0.22307  0.50    9209    2054    8182    29569   3.21
  1989          92      0.27118  0.23880  0.50    7155    1709    6300    21388   2.99
  1989          93      0.29971  0.26065  0.50    5446    1420    4736    15087   2.77
  1989          94      0.33593  0.28762  0.50    4027    1158    3448    10351   2.57
  1989          95      0.36465  0.30842  0.50    2868     885    2426     6903   2.41
  1989          96      0.39483  0.32974  0.50    1984     654    1657     4477   2.26
  1989          97      0.42592  0.35114  0.50    1330     467    1096     2821   2.12
  1989          98      0.45769  0.37246  0.50     863     321     702     1724   2.00
  1989          99      0.48989  0.39350  0.50     541     213     435     1022   1.89
  1989         100      0.52225  0.41411  0.50     328     136     260      587   1.79
  1989         101      0.55449  0.43413  0.50     192      84     151      327   1.70
  1989         102      0.58635  0.45342  0.50     109      49      84      176   1.62
  1989         103      0.61756  0.47186  0.50      60      28      45       92   1.55
  1989         104      0.64789  0.48936  0.50      31      15      24       47   1.48
  1989         105      0.67712  0.50586  0.50      16       8      12       23   1.43
  1989         106      0.70507  0.52130  0.50       8       4       6       11   1.38
  1989         107      0.73160  0.53566  0.50       4       2       3        5   1.33
  1989         108      0.75660  0.54894  0.50       2       1       1        2   1.30
  1989         109      0.78001  0.56115  0.50       1       0       1        1   1.27
  1989         110+     0.80177  1.00000  1.25       0       0       0        0   1.25
  1990           0      0.00793  0.00787  0.13  100000     787   99317  7573641  75.74
  1990           1      0.00063  0.00063  0.50   99213      62   99181  7474324  75.34
  1990           2      0.00040  0.00040  0.50   99150      40   99130  7375142  74.38
  1990           3      0.00040  0.00040  0.50   99110      39   99091  7276012  73.41
  1990           4      0.00031  0.00031  0.50   99071      31   99056  7176921  72.44
  1990           5      0.00025  0.00025  0.50   99040      25   99028  7077865  71.46
  1990           6      0.00018  0.00018  0.50   99015      17   99006  6978837  70.48
  1990           7      0.00020  0.00020  0.50   98998      20   98988  6879831  69.49
  1990           8      0.00013  0.00013  0.50   98977      13   98971  6780844  68.51
  1990           9      0.00010  0.00010  0.50   98965       9   98960  6681872  67.52
  1990          10      0.00015  0.00015  0.50   98955      15   98948  6582912  66.52
  1990          11      0.00013  0.00013  0.50   98941      13   98934  6483964  65.53
  1990          12      0.00016  0.00016  0.50   98928      16   98920  6385030  64.54
  1990          13      0.00022  0.00022  0.50   98912      22   98901  6286110  63.55
  1990          14      0.00014  0.00014  0.50   98890      14   98883  6187209  62.57
  1990          15      0.00022  0.00022  0.50   98876      22   98865  6088326  61.58
  1990          16      0.00040  0.00040  0.50   98854      40   98834  5989461  60.59
  1990          17      0.00067  0.00067  0.50   98814      67   98781  5890627  59.61
  1990          18      0.00101  0.00101  0.50   98747     100   98698  5791846  58.65
  1990          19      0.00094  0.00094  0.50   98648      93   98601  5693148  57.71
  1990          20      0.00097  0.00097  0.50   98555      96   98507  5594547  56.77
  1990          21      0.00078  0.00078  0.50   98459      76   98421  5496040  55.82
  1990          22      0.00089  0.00089  0.50   98383      88   98339  5397619  54.86
  1990          23      0.00079  0.00079  0.50   98295      77   98256  5299281  53.91
  1990          24      0.00085  0.00085  0.50   98218      83   98176  5201024  52.95
  1990          25      0.00075  0.00075  0.50   98134      73   98098  5102848  52.00
  1990          26      0.00077  0.00077  0.50   98061      75   98024  5004751  51.04
  1990          27      0.00076  0.00076  0.50   97986      75   97949  4906727  50.08
  1990          28      0.00075  0.00075  0.50   97911      74   97875  4808778  49.11
  1990          29      0.00085  0.00085  0.50   97838      84   97796  4710904  48.15
  1990          30      0.00092  0.00092  0.50   97754      90   97709  4613108  47.19
  1990          31      0.00090  0.00089  0.50   97664      87   97620  4515399  46.23
  1990          32      0.00104  0.00104  0.50   97577     102   97526  4417778  45.27
  1990          33      0.00110  0.00110  0.50   97475     107   97422  4320252  44.32
  1990          34      0.00120  0.00119  0.50   97368     116   97310  4222831  43.37
  1990          35      0.00109  0.00109  0.50   97252     106   97199  4125521  42.42
  1990          36      0.00137  0.00137  0.50   97146     133   97079  4028322  41.47
  1990          37      0.00132  0.00132  0.50   97012     128   96948  3931243  40.52
  1990          38      0.00143  0.00143  0.50   96884     138   96815  3834295  39.58
  1990          39      0.00158  0.00157  0.50   96746     152   96670  3737480  38.63
  1990          40      0.00194  0.00194  0.50   96594     187   96500  3640810  37.69
  1990          41      0.00206  0.00206  0.50   96406     198   96307  3544310  36.76
  1990          42      0.00253  0.00253  0.50   96208     243   96086  3448003  35.84
  1990          43      0.00269  0.00268  0.50   95965     258   95836  3351917  34.93
  1990          44      0.00276  0.00275  0.50   95707     264   95575  3256081  34.02
  1990          45      0.00297  0.00297  0.50   95444     283   95302  3160505  33.11
  1990          46      0.00363  0.00362  0.50   95160     344   94988  3065203  32.21
  1990          47      0.00354  0.00354  0.50   94816     335   94648  2970215  31.33
  1990          48      0.00409  0.00408  0.50   94481     385   94288  2875567  30.44
  1990          49      0.00380  0.00379  0.50   94095     357   93917  2781279  29.56
  1990          50      0.00444  0.00443  0.50   93739     416   93531  2687362  28.67
  1990          51      0.00449  0.00448  0.50   93323     418   93114  2593831  27.79
  1990          52      0.00494  0.00493  0.50   92905     458   92676  2500717  26.92
  1990          53      0.00592  0.00590  0.50   92448     545   92175  2408041  26.05
  1990          54      0.00638  0.00636  0.50   91902     584   91610  2315866  25.20
  1990          55      0.00700  0.00697  0.50   91318     637   91000  2224256  24.36
  1990          56      0.00799  0.00796  0.50   90681     721   90320  2133256  23.52
  1990          57      0.00848  0.00845  0.50   89960     760   89580  2042936  22.71
  1990          58      0.00988  0.00984  0.50   89200     877   88761  1953356  21.90
  1990          59      0.00976  0.00971  0.50   88323     857   87894  1864595  21.11
  1990          60      0.01075  0.01070  0.50   87465     936   86997  1776701  20.31
  1990          61      0.01263  0.01255  0.50   86530    1086   85987  1689704  19.53
  1990          62      0.01369  0.01360  0.50   85444    1162   84863  1603717  18.77
  1990          63      0.01369  0.01360  0.50   84282    1146   83709  1518854  18.02
  1990          64      0.01514  0.01502  0.50   83135    1249   82511  1435146  17.26
  1990          65      0.01683  0.01669  0.50   81887    1367   81203  1352635  16.52
  1990          66      0.01815  0.01798  0.50   80520    1448   79796  1271431  15.79
  1990          67      0.01943  0.01925  0.50   79072    1522   78311  1191636  15.07
  1990          68      0.02173  0.02150  0.50   77550    1667   76716  1113325  14.36
  1990          69      0.02414  0.02385  0.50   75883    1810   74978  1036609  13.66
  1990          70      0.02628  0.02594  0.50   74073    1921   73112   961631  12.98
  1990          71      0.02749  0.02712  0.50   72152    1957   71173   888519  12.31
  1990          72      0.02951  0.02908  0.50   70195    2041   69175   817345  11.64
  1990          73      0.03494  0.03434  0.50   68154    2341   66984   748171  10.98
  1990          74      0.03982  0.03904  0.50   65813    2569   64529   681187  10.35
  1990          75      0.04257  0.04169  0.50   63244    2636   61926   616658   9.75
  1990          76      0.04921  0.04803  0.50   60608    2911   59152   554733   9.15
  1990          77      0.05505  0.05357  0.50   57696    3091   56151   495581   8.59
  1990          78      0.06141  0.05958  0.50   54605    3254   52979   439430   8.05
  1990          79      0.06823  0.06598  0.50   51352    3388   49658   386451   7.53
  1990          80      0.08095  0.07780  0.50   47964    3732   46098   336793   7.02
  1990          81      0.08865  0.08489  0.50   44232    3755   42355   290695   6.57
  1990          82      0.09971  0.09498  0.50   40477    3844   38555   248341   6.14
  1990          83      0.11095  0.10512  0.50   36633    3851   34707   209786   5.73
  1990          84      0.12099  0.11409  0.50   32782    3740   30912   175079   5.34
  1990          85      0.14170  0.13232  0.50   29042    3843   27120   144167   4.96
  1990          86      0.15203  0.14129  0.50   25199    3560   23419   117047   4.64
  1990          87      0.16968  0.15641  0.50   21639    3385   19946    93628   4.33
  1990          88      0.19471  0.17743  0.50   18254    3239   16635    73682   4.04
  1990          89      0.20298  0.18428  0.50   15015    2767   13632    57047   3.80
  1990          90      0.22829  0.20490  0.50   12248    2510   10993    43416   3.54
  1990          91      0.23491  0.21022  0.50    9739    2047    8715    32422   3.33
  1990          92      0.26471  0.23377  0.50    7691    1798    6792    23707   3.08
  1990          93      0.29391  0.25626  0.50    5893    1510    5138    16915   2.87
  1990          94      0.31525  0.27233  0.50    4383    1194    3786    11777   2.69
  1990          95      0.34822  0.29658  0.50    3189     946    2717     7991   2.51
  1990          96      0.37682  0.31708  0.50    2244     711    1888     5274   2.35
  1990          97      0.40641  0.33777  0.50    1532     518    1273     3386   2.21
  1990          98      0.43679  0.35850  0.50    1015     364     833     2113   2.08
  1990          99      0.46775  0.37909  0.50     651     247     528     1280   1.97
  1990         100      0.49905  0.39939  0.50     404     161     323      753   1.86
  1990         101      0.53045  0.41925  0.50     243     102     192      429   1.77
  1990         102      0.56168  0.43853  0.50     141      62     110      237   1.68
  1990         103      0.59251  0.45709  0.50      79      36      61      127   1.61
  1990         104      0.62269  0.47485  0.50      43      20      33       66   1.54
  1990         105      0.65200  0.49171  0.50      23      11      17       33   1.48
  1990         106      0.68026  0.50761  0.50      11       6       9       16   1.42
  1990         107      0.70731  0.52252  0.50       6       3       4        8   1.38
  1990         108      0.73300  0.53641  0.50       3       1       2        4   1.34
  1990         109      0.75725  0.54928  0.50       1       1       1        2   1.30
  1990         110+     0.77998  1.00000  1.28       1       1       1        1   1.28
  1991           0      0.00765  0.00760  0.13  100000     760   99341  7579183  75.79
  1991           1      0.00058  0.00058  0.50   99240      58   99211  7479842  75.37
  1991           2      0.00051  0.00051  0.50   99182      50   99157  7380632  74.42
  1991           3      0.00031  0.00031  0.50   99131      31   99116  7281475  73.45
  1991           4      0.00014  0.00014  0.50   99101      14   99094  7182359  72.48
  1991           5      0.00031  0.00031  0.50   99087      31   99071  7083265  71.49
  1991           6      0.00020  0.00020  0.50   99056      19   99046  6984194  70.51
  1991           7      0.00014  0.00014  0.50   99036      14   99029  6885148  69.52
  1991           8      0.00015  0.00015  0.50   99022      15   99015  6786118  68.53
  1991           9      0.00013  0.00013  0.50   99008      12   99001  6687103  67.54
  1991          10      0.00013  0.00013  0.50   98995      13   98989  6588102  66.55
  1991          11      0.00011  0.00011  0.50   98983      11   98977  6489113  65.56
  1991          12      0.00021  0.00021  0.50   98971      21   98961  6390136  64.57
  1991          13      0.00014  0.00014  0.50   98951      14   98944  6291175  63.58
  1991          14      0.00013  0.00013  0.50   98937      12   98931  6192231  62.59
  1991          15      0.00031  0.00031  0.50   98925      30   98909  6093300  61.60
  1991          16      0.00044  0.00044  0.50   98894      43   98873  5994390  60.61
  1991          17      0.00059  0.00059  0.50   98851      59   98822  5895518  59.64
  1991          18      0.00097  0.00097  0.50   98793      96   98745  5796696  58.68
  1991          19      0.00103  0.00103  0.50   98696     102   98646  5697951  57.73
  1991          20      0.00099  0.00099  0.50   98595      97   98546  5599306  56.79
  1991          21      0.00094  0.00094  0.50   98497      92   98451  5500759  55.85
  1991          22      0.00079  0.00078  0.50   98405      77   98367  5402308  54.90
  1991          23      0.00085  0.00085  0.50   98328      83   98287  5303941  53.94
  1991          24      0.00095  0.00095  0.50   98245      93   98199  5205655  52.99
  1991          25      0.00081  0.00081  0.50   98152      79   98112  5107456  52.04
  1991          26      0.00090  0.00090  0.50   98073      89   98028  5009344  51.08
  1991          27      0.00080  0.00080  0.50   97984      79   97945  4911316  50.12
  1991          28      0.00091  0.00091  0.50   97905      89   97861  4813371  49.16
  1991          29      0.00084  0.00084  0.50   97817      83   97775  4715510  48.21
  1991          30      0.00087  0.00086  0.50   97734      85   97692  4617734  47.25
  1991          31      0.00088  0.00088  0.50   97650      86   97607  4520042  46.29
  1991          32      0.00104  0.00104  0.50   97564     101   97514  4422436  45.33
  1991          33      0.00115  0.00115  0.50   97463     112   97407  4324922  44.38
  1991          34      0.00115  0.00115  0.50   97351     112   97295  4227515  43.43
  1991          35      0.00116  0.00115  0.50   97239     112   97183  4130220  42.47
  1991          36      0.00134  0.00134  0.50   97127     130   97062  4033037  41.52
  1991          37      0.00146  0.00145  0.50   96997     141   96926  3935975  40.58
  1991          38      0.00135  0.00135  0.50   96856     131   96791  3839048  39.64
  1991          39      0.00164  0.00164  0.50   96725     158   96646  3742258  38.69
  1991          40      0.00180  0.00179  0.50   96567     173   96480  3645611  37.75
  1991          41      0.00199  0.00199  0.50   96394     192   96298  3549131  36.82
  1991          42      0.00252  0.00252  0.50   96202     243   96081  3452833  35.89
  1991          43      0.00262  0.00261  0.50   95959     251   95834  3356753  34.98
  1991          44      0.00299  0.00299  0.50   95709     286   95566  3260919  34.07
  1991          45      0.00320  0.00320  0.50   95423     305   95270  3165353  33.17
  1991          46      0.00299  0.00299  0.50   95118     284   94975  3070083  32.28
  1991          47      0.00340  0.00339  0.50   94833     322   94672  2975108  31.37
  1991          48      0.00411  0.00410  0.50   94511     388   94318  2880435  30.48
  1991          49      0.00427  0.00426  0.50   94124     401   93923  2786118  29.60
  1991          50      0.00469  0.00468  0.50   93723     439   93504  2692195  28.73
  1991          51      0.00457  0.00456  0.50   93284     425   93072  2598691  27.86
  1991          52      0.00494  0.00493  0.50   92859     458   92631  2505619  26.98
  1991          53      0.00630  0.00628  0.50   92402     580   92112  2412988  26.11
  1991          54      0.00601  0.00599  0.50   91821     550   91546  2320877  25.28
  1991          55      0.00684  0.00681  0.50   91271     622   90960  2229330  24.43
  1991          56      0.00731  0.00728  0.50   90649     660   90319  2138370  23.59
  1991          57      0.00900  0.00896  0.50   89989     806   89586  2048051  22.76
  1991          58      0.00934  0.00930  0.50   89183     829   88768  1958465  21.96
  1991          59      0.01037  0.01031  0.50   88354     911   87898  1869697  21.16
  1991          60      0.01074  0.01068  0.50   87443     934   86975  1781799  20.38
  1991          61      0.01192  0.01185  0.50   86508    1025   85996  1694823  19.59
  1991          62      0.01368  0.01358  0.50   85483    1161   84903  1608827  18.82
  1991          63      0.01326  0.01317  0.50   84322    1111   83767  1523924  18.07
  1991          64      0.01489  0.01478  0.50   83212    1230   82597  1440157  17.31
  1991          65      0.01677  0.01663  0.50   81982    1363   81301  1357560  16.56
  1991          66      0.01908  0.01890  0.50   80619    1523   79857  1276260  15.83
  1991          67      0.01968  0.01949  0.50   79096    1541   78325  1196403  15.13
  1991          68      0.02082  0.02060  0.50   77554    1598   76755  1118078  14.42
  1991          69      0.02437  0.02408  0.50   75957    1829   75042  1041322  13.71
  1991          70      0.02544  0.02512  0.50   74128    1862   73196   966280  13.04
  1991          71      0.02935  0.02893  0.50   72265    2090   71220   893084  12.36
  1991          72      0.03047  0.03001  0.50   70175    2106   69122   821864  11.71
  1991          73      0.03369  0.03313  0.50   68069    2255   66941   752742  11.06
  1991          74      0.03950  0.03874  0.50   65814    2550   64539   685801  10.42
  1991          75      0.04430  0.04334  0.50   63264    2742   61893   621262   9.82
  1991          76      0.04869  0.04754  0.50   60522    2877   59084   559369   9.24
  1991          77      0.05310  0.05172  0.50   57645    2982   56154   500285   8.68
  1991          78      0.06028  0.05852  0.50   54664    3199   53064   444131   8.12
  1991          79      0.06658  0.06443  0.50   51465    3316   49807   391066   7.60
  1991          80      0.07630  0.07350  0.50   48149    3539   46379   341259   7.09
  1991          81      0.08617  0.08261  0.50   44610    3685   42768   294880   6.61
  1991          82      0.09700  0.09252  0.50   40925    3786   39032   252113   6.16
  1991          83      0.10571  0.10041  0.50   37139    3729   35274   213081   5.74
  1991          84      0.12641  0.11890  0.50   33410    3972   31424   177806   5.32
  1991          85      0.13634  0.12764  0.50   29437    3757   27559   146383   4.97
  1991          86      0.15524  0.14406  0.50   25680    3699   23830   118824   4.63
  1991          87      0.16578  0.15309  0.50   21981    3365   20298    94994   4.32
  1991          88      0.18204  0.16685  0.50   18616    3106   17063    74696   4.01
  1991          89      0.20863  0.18892  0.50   15510    2930   14045    57633   3.72
  1991          90      0.23479  0.21012  0.50   12579    2643   11258    43589   3.47
  1991          91      0.24464  0.21798  0.50    9936    2166    8853    32331   3.25
  1991          92      0.27764  0.24379  0.50    7770    1894    6823    23477   3.02
  1991          93      0.29492  0.25702  0.50    5876    1510    5121    16654   2.83
  1991          94      0.31634  0.27313  0.50    4366    1192    3770    11533   2.64
  1991          95      0.35676  0.30275  0.50    3173     961    2693     7764   2.45
  1991          96      0.38696  0.32423  0.50    2213     717    1854     5071   2.29
  1991          97      0.41816  0.34585  0.50    1495     517    1237     3217   2.15
  1991          98      0.45014  0.36744  0.50     978     359     798     1980   2.02
  1991          99      0.48264  0.38881  0.50     619     241     498     1182   1.91
  1991         100      0.51537  0.40978  0.50     378     155     301      683   1.81
  1991         101      0.54806  0.43018  0.50     223      96     175      383   1.72
  1991         102      0.58043  0.44987  0.50     127      57      99      208   1.63
  1991         103      0.61219  0.46872  0.50      70      33      54      109   1.56
  1991         104      0.64309  0.48662  0.50      37      18      28       56   1.49
  1991         105      0.67291  0.50350  0.50      19      10      14       27   1.44
  1991         106      0.70144  0.51931  0.50       9       5       7       13   1.38
  1991         107      0.72854  0.53401  0.50       5       2       3        6   1.34
  1991         108      0.75408  0.54761  0.50       2       1       2        3   1.30
  1991         109      0.77798  0.56010  0.50       1       1       1        1   1.27
  1991         110+     0.80020  1.00000  1.25       0       0       1        1   1.25
  1992           0      0.00760  0.00755  0.13  100000     755   99346  7599285  75.99
  1992           1      0.00053  0.00053  0.50   99245      53   99219  7499939  75.57
  1992           2      0.00029  0.00029  0.50   99192      29   99178  7400720  74.61
  1992           3      0.00042  0.00042  0.50   99163      42   99142  7301543  73.63
  1992           4      0.00028  0.00028  0.50   99121      28   99107  7202400  72.66
  1992           5      0.00015  0.00015  0.50   99093      15   99086  7103293  71.68
  1992           6      0.00008  0.00008  0.50   99078       8   99074  7004207  70.69
  1992           7      0.00015  0.00015  0.50   99071      15   99063  6905133  69.70
  1992           8      0.00013  0.00013  0.50   99056      13   99049  6806069  68.71
  1992           9      0.00018  0.00018  0.50   99043      18   99034  6707020  67.72
  1992          10      0.00012  0.00012  0.50   99025      12   99019  6607986  66.73
  1992          11      0.00013  0.00013  0.50   99013      12   99007  6508967  65.74
  1992          12      0.00014  0.00014  0.50   99000      14   98993  6409961  64.75
  1992          13      0.00018  0.00018  0.50   98986      18   98977  6310967  63.76
  1992          14      0.00021  0.00021  0.50   98968      20   98958  6211990  62.77
  1992          15      0.00029  0.00029  0.50   98948      29   98933  6113032  61.78
  1992          16      0.00058  0.00058  0.50   98919      58   98890  6014099  60.80
  1992          17      0.00055  0.00055  0.50   98861      55   98834  5915209  59.83
  1992          18      0.00086  0.00086  0.50   98806      85   98764  5816376  58.87
  1992          19      0.00103  0.00103  0.50   98721     102   98670  5717612  57.92
  1992          20      0.00086  0.00086  0.50   98619      85   98577  5618942  56.98
  1992          21      0.00107  0.00107  0.50   98534     105   98481  5520365  56.02
  1992          22      0.00070  0.00070  0.50   98429      69   98394  5421884  55.08
  1992          23      0.00086  0.00086  0.50   98360      84   98318  5323489  54.12
  1992          24      0.00084  0.00083  0.50   98275      82   98234  5225172  53.17
  1992          25      0.00065  0.00065  0.50   98193      64   98161  5126937  52.21
  1992          26      0.00068  0.00068  0.50   98129      67   98096  5028776  51.25
  1992          27      0.00079  0.00079  0.50   98063      77   98024  4930680  50.28
  1992          28      0.00078  0.00078  0.50   97985      77   97947  4832656  49.32
  1992          29      0.00095  0.00095  0.50   97909      93   97862  4734709  48.36
  1992          30      0.00085  0.00085  0.50   97816      83   97774  4636847  47.40
  1992          31      0.00082  0.00082  0.50   97733      81   97692  4539073  46.44
  1992          32      0.00097  0.00096  0.50   97652      94   97605  4441380  45.48
  1992          33      0.00110  0.00110  0.50   97558     108   97504  4343775  44.53
  1992          34      0.00105  0.00105  0.50   97450     102   97399  4246271  43.57
  1992          35      0.00113  0.00113  0.50   97348     110   97293  4148872  42.62
  1992          36      0.00137  0.00137  0.50   97238     133   97172  4051579  41.67
  1992          37      0.00123  0.00123  0.50   97105     120   97045  3954407  40.72
  1992          38      0.00134  0.00134  0.50   96985     130   96921  3857362  39.77
  1992          39      0.00188  0.00188  0.50   96856     182   96765  3760441  38.83
  1992          40      0.00162  0.00162  0.50   96674     156   96596  3663676  37.90
  1992          41      0.00214  0.00214  0.50   96518     207   96414  3567080  36.96
  1992          42      0.00205  0.00205  0.50   96311     197   96212  3470666  36.04
  1992          43      0.00246  0.00245  0.50   96114     236   95996  3374454  35.11
  1992          44      0.00257  0.00256  0.50   95878     246   95755  3278458  34.19
  1992          45      0.00314  0.00313  0.50   95632     299   95482  3182703  33.28
  1992          46      0.00334  0.00333  0.50   95333     318   95174  3087220  32.38
  1992          47      0.00359  0.00358  0.50   95015     340   94845  2992046  31.49
  1992          48      0.00377  0.00376  0.50   94675     356   94497  2897201  30.60
  1992          49      0.00440  0.00439  0.50   94318     414   94112  2802705  29.72
  1992          50      0.00458  0.00457  0.50   93905     429   93690  2708593  28.84
  1992          51      0.00493  0.00491  0.50   93475     459   93246  2614903  27.97
  1992          52      0.00532  0.00531  0.50   93016     494   92769  2521658  27.11
  1992          53      0.00535  0.00534  0.50   92522     494   92275  2428889  26.25
  1992          54      0.00643  0.00641  0.50   92029     590   91734  2336613  25.39
  1992          55      0.00673  0.00671  0.50   91439     614   91132  2244880  24.55
  1992          56      0.00778  0.00775  0.50   90825     703   90473  2153748  23.71
  1992          57      0.00849  0.00845  0.50   90122     762   89741  2063274  22.89
  1992          58      0.00907  0.00903  0.50   89360     807   88956  1973534  22.09
  1992          59      0.00880  0.00876  0.50   88553     776   88165  1884577  21.28
  1992          60      0.01097  0.01091  0.50   87777     957   87298  1796412  20.47
  1992          61      0.01197  0.01190  0.50   86820    1033   86303  1709114  19.69
  1992          62      0.01290  0.01282  0.50   85786    1100   85236  1622811  18.92
  1992          63      0.01445  0.01435  0.50   84687    1215   84079  1537574  18.16
  1992          64      0.01547  0.01536  0.50   83472    1282   82831  1453495  17.41
  1992          65      0.01677  0.01663  0.50   82190    1367   81506  1370664  16.68
  1992          66      0.01815  0.01799  0.50   80823    1454   80096  1289158  15.95
  1992          67      0.01920  0.01902  0.50   79369    1509   78614  1209062  15.23
  1992          68      0.02071  0.02050  0.50   77860    1596   77062  1130448  14.52
  1992          69      0.02387  0.02359  0.50   76264    1799   75364  1053386  13.81
  1992          70      0.02605  0.02571  0.50   74464    1915   73507   978022  13.13
  1992          71      0.02826  0.02787  0.50   72550    2022   71539   904515  12.47
  1992          72      0.03204  0.03153  0.50   70528    2224   69416   832976  11.81
  1992          73      0.03416  0.03358  0.50   68304    2294   67157   763560  11.18
  1992          74      0.03659  0.03593  0.50   66011    2372   64825   696402  10.55
  1992          75      0.04357  0.04264  0.50   63639    2714   62282   631578   9.92
  1992          76      0.04704  0.04596  0.50   60925    2800   59525   569296   9.34
  1992          77      0.05207  0.05075  0.50   58125    2950   56650   509771   8.77
  1992          78      0.05704  0.05545  0.50   55175    3060   53645   453121   8.21
  1992          79      0.06551  0.06343  0.50   52115    3306   50462   399476   7.67
  1992          80      0.07475  0.07206  0.50   48810    3517   47051   349013   7.15
  1992          81      0.08742  0.08376  0.50   45292    3794   43396   301962   6.67
  1992          82      0.09348  0.08931  0.50   41499    3706   39646   258567   6.23
  1992          83      0.10533  0.10006  0.50   37793    3782   35902   218921   5.79
  1992          84      0.11914  0.11244  0.50   34011    3824   32099   183019   5.38
  1992          85      0.13362  0.12525  0.50   30187    3781   28296   150920   5.00
  1992          86      0.14935  0.13897  0.50   26406    3670   24571   122624   4.64
  1992          87      0.16983  0.15654  0.50   22736    3559   20957    98053   4.31
  1992          88      0.18828  0.17208  0.50   19177    3300   17527    77096   4.02
  1992          89      0.20536  0.18624  0.50   15877    2957   14399    59569   3.75
  1992          90      0.22704  0.20390  0.50   12920    2634   11603    45170   3.50
  1992          91      0.25483  0.22603  0.50   10286    2325    9123    33567   3.26
  1992          92      0.27942  0.24517  0.50    7961    1952    6985    24444   3.07
  1992          93      0.28645  0.25056  0.50    6009    1506    5256    17459   2.91
  1992          94      0.29253  0.25520  0.50    4503    1149    3929    12203   2.71
  1992          95      0.35326  0.30023  0.50    3354    1007    2851     8274   2.47
  1992          96      0.38325  0.32162  0.50    2347     755    1970     5423   2.31
  1992          97      0.41425  0.34317  0.50    1592     546    1319     3453   2.17
  1992          98      0.44603  0.36470  0.50    1046     381     855     2134   2.04
  1992          99      0.47834  0.38602  0.50     664     256     536     1279   1.93
  1992         100      0.51092  0.40696  0.50     408     166     325      743   1.82
  1992         101      0.54349  0.42736  0.50     242     103     190      418   1.73
  1992         102      0.57576  0.44706  0.50     139      62     108      228   1.64
  1992         103      0.60746  0.46594  0.50      77      36      59      120   1.57
  1992         104      0.63834  0.48390  0.50      41      20      31       62   1.50
  1992         105      0.66818  0.50085  0.50      21      11      16       31   1.44
  1992         106      0.69677  0.51675  0.50      11       5       8       15   1.39
  1992         107      0.72396  0.53155  0.50       5       3       4        7   1.35
  1992         108      0.74963  0.54526  0.50       2       1       2        3   1.31
  1992         109      0.77368  0.55787  0.50       1       1       1        1   1.28
  1992         110+     0.79608  1.00000  1.26       0       0       1        1   1.26
  1993           0      0.00649  0.00645  0.14  100000     645   99443  7622457  76.22
  1993           1      0.00065  0.00065  0.50   99355      64   99323  7523014  75.72
  1993           2      0.00016  0.00016  0.50   99290      16   99283  7423692  74.77
  1993           3      0.00024  0.00024  0.50   99275      23   99263  7324409  73.78
  1993           4      0.00021  0.00021  0.50   99251      21   99241  7225146  72.80
  1993           5      0.00022  0.00022  0.50   99230      21   99219  7125905  71.81
  1993           6      0.00022  0.00022  0.50   99209      22   99198  7026686  70.83
  1993           7      0.00015  0.00015  0.50   99187      15   99180  6927488  69.84
  1993           8      0.00018  0.00018  0.50   99172      18   99163  6828308  68.85
  1993           9      0.00019  0.00019  0.50   99154      19   99144  6729145  67.87
  1993          10      0.00016  0.00016  0.50   99135      16   99127  6630001  66.88
  1993          11      0.00019  0.00019  0.50   99119      19   99110  6530874  65.89
  1993          12      0.00024  0.00024  0.50   99100      24   99088  6431764  64.90
  1993          13      0.00029  0.00029  0.50   99076      28   99062  6332676  63.92
  1993          14      0.00020  0.00020  0.50   99048      20   99038  6233613  62.94
  1993          15      0.00029  0.00029  0.50   99028      29   99014  6134575  61.95
  1993          16      0.00058  0.00058  0.50   98999      57   98970  6035562  60.97
  1993          17      0.00074  0.00074  0.50   98942      73   98905  5936591  60.00
  1993          18      0.00096  0.00096  0.50   98869      95   98821  5837686  59.04
  1993          19      0.00110  0.00110  0.50   98774     108   98720  5738865  58.10
  1993          20      0.00106  0.00106  0.50   98665     105   98613  5640145  57.16
  1993          21      0.00092  0.00092  0.50   98561      91   98516  5541532  56.22
  1993          22      0.00089  0.00089  0.50   98470      87   98427  5443016  55.28
  1993          23      0.00087  0.00087  0.50   98383      86   98340  5344590  54.32
  1993          24      0.00090  0.00090  0.50   98297      89   98253  5246249  53.37
  1993          25      0.00080  0.00080  0.50   98208      79   98169  5147997  52.42
  1993          26      0.00073  0.00073  0.50   98130      72   98094  5049827  51.46
  1993          27      0.00079  0.00079  0.50   98058      78   98019  4951734  50.50
  1993          28      0.00095  0.00095  0.50   97980      93   97934  4853715  49.54
  1993          29      0.00082  0.00082  0.50   97887      81   97847  4755781  48.58
  1993          30      0.00084  0.00084  0.50   97807      82   97766  4657934  47.62
  1993          31      0.00094  0.00093  0.50   97724      91   97679  4560168  46.66
  1993          32      0.00097  0.00097  0.50   97633      94   97586  4462489  45.71
  1993          33      0.00106  0.00106  0.50   97539     103   97487  4364904  44.75
  1993          34      0.00101  0.00101  0.50   97436      98   97387  4267416  43.80
  1993          35      0.00114  0.00114  0.50   97338     111   97282  4170030  42.84
  1993          36      0.00110  0.00110  0.50   97227     107   97173  4072748  41.89
  1993          37      0.00124  0.00124  0.50   97120     120   97060  3975574  40.93
  1993          38      0.00160  0.00160  0.50   97000     155   96922  3878515  39.98
  1993          39      0.00166  0.00166  0.50   96844     161   96764  3781593  39.05
  1993          40      0.00162  0.00162  0.50   96684     156   96606  3684828  38.11
  1993          41      0.00185  0.00185  0.50   96528     178   96438  3588223  37.17
  1993          42      0.00233  0.00232  0.50   96349     224   96237  3491784  36.24
  1993          43      0.00217  0.00217  0.50   96125     208   96021  3395547  35.32
  1993          44      0.00266  0.00265  0.50   95917     255   95790  3299526  34.40
  1993          45      0.00311  0.00310  0.50   95663     297   95514  3203736  33.49
  1993          46      0.00308  0.00308  0.50   95366     294   95219  3108221  32.59
  1993          47      0.00357  0.00357  0.50   95072     339   94903  3013002  31.69
  1993          48      0.00373  0.00372  0.50   94733     353   94557  2918099  30.80
  1993          49      0.00388  0.00387  0.50   94381     366   94198  2823542  29.92
  1993          50      0.00447  0.00446  0.50   94015     419   93806  2729344  29.03
  1993          51      0.00449  0.00448  0.50   93596     420   93386  2635539  28.16
  1993          52      0.00516  0.00514  0.50   93176     479   92937  2542153  27.28
  1993          53      0.00584  0.00582  0.50   92697     540   92427  2449216  26.42
  1993          54      0.00601  0.00599  0.50   92157     552   91881  2356789  25.57
  1993          55      0.00661  0.00659  0.50   91605     604   91303  2264907  24.72
  1993          56      0.00743  0.00740  0.50   91002     674   90665  2173604  23.89
  1993          57      0.00801  0.00798  0.50   90328     721   89967  2082939  23.06
  1993          58      0.00943  0.00939  0.50   89607     841   89186  1992972  22.24
  1993          59      0.00905  0.00900  0.50   88766     799   88366  1903785  21.45
  1993          60      0.01072  0.01066  0.50   87966     938   87497  1815419  20.64
  1993          61      0.01213  0.01206  0.50   87028    1049   86504  1727922  19.85
  1993          62      0.01318  0.01309  0.50   85979    1125   85416  1641419  19.09
  1993          63      0.01339  0.01330  0.50   84854    1129   84289  1556002  18.34
  1993          64      0.01592  0.01580  0.50   83725    1322   83063  1471713  17.58
  1993          65      0.01744  0.01729  0.50   82402    1424   81690  1388650  16.85
  1993          66      0.01734  0.01719  0.50   80978    1392   80282  1306960  16.14
  1993          67      0.01759  0.01744  0.50   79586    1388   78892  1226678  15.41
  1993          68      0.02136  0.02114  0.50   78198    1653   77371  1147786  14.68
  1993          69      0.02342  0.02315  0.50   76545    1772   75659  1070415  13.98
  1993          70      0.02471  0.02441  0.50   74773    1825   73860   994756  13.30
  1993          71      0.02804  0.02765  0.50   72948    2017   71939   920896  12.62
  1993          72      0.02928  0.02885  0.50   70931    2047   69908   848957  11.97
  1993          73      0.03342  0.03287  0.50   68884    2264   67752   779049  11.31
  1993          74      0.03663  0.03597  0.50   66620    2396   65422   711297  10.68
  1993          75      0.04139  0.04055  0.50   64224    2604   62922   645875  10.06
  1993          76      0.04691  0.04583  0.50   61619    2824   60207   582953   9.46
  1993          77      0.04947  0.04828  0.50   58795    2839   57376   522746   8.89
  1993          78      0.05972  0.05799  0.50   55957    3245   54334   465370   8.32
  1993          79      0.06374  0.06177  0.50   52712    3256   51084   411036   7.80
  1993          80      0.07273  0.07017  0.50   49456    3470   47720   359952   7.28
  1993          81      0.07953  0.07649  0.50   45985    3517   44227   312232   6.79
  1993          82      0.09110  0.08713  0.50   42468    3700   40618   268005   6.31
  1993          83      0.10221  0.09724  0.50   38767    3770   36883   227388   5.87
  1993          84      0.11752  0.11100  0.50   34998    3885   33056   190505   5.44
  1993          85      0.13152  0.12340  0.50   31113    3840   29193   157449   5.06
  1993          86      0.14852  0.13825  0.50   27274    3771   25388   128256   4.70
  1993          87      0.16573  0.15305  0.50   23503    3597   21704   102868   4.38
  1993          88      0.17514  0.16103  0.50   19906    3206   18303    81163   4.08
  1993          89      0.20273  0.18407  0.50   16700    3074   15163    62860   3.76
  1993          90      0.22543  0.20260  0.50   13626    2761   12246    47697   3.50
  1993          91      0.23977  0.21410  0.50   10866    2326    9702    35451   3.26
  1993          92      0.27111  0.23875  0.50    8539    2039    7520    25749   3.02
  1993          93      0.29775  0.25917  0.50    6501    1685    5658    18229   2.80
  1993          94      0.32497  0.27955  0.50    4816    1346    4143    12570   2.61
  1993          95      0.35826  0.30383  0.50    3470    1054    2942     8428   2.43
  1993          96      0.38972  0.32616  0.50    2415     788    2021     5485   2.27
  1993          97      0.42223  0.34863  0.50    1628     567    1344     3464   2.13
  1993          98      0.45552  0.37102  0.50    1060     393     863     2120   2.00
  1993          99      0.48930  0.39313  0.50     667     262     536     1256   1.88
  1993         100      0.52328  0.41476  0.50     405     168     321      721   1.78
  1993         101      0.55712  0.43574  0.50     237     103     185      400   1.69
  1993         102      0.59052  0.45591  0.50     134      61     103      215   1.61
  1993         103      0.62317  0.47513  0.50      73      35      55      111   1.53
  1993         104      0.65480  0.49329  0.50      38      19      29       56   1.47
  1993         105      0.68517  0.51034  0.50      19      10      14       27   1.41
  1993         106      0.71409  0.52621  0.50       9       5       7       13   1.36
  1993         107      0.74140  0.54089  0.50       4       2       3        6   1.32
  1993         108      0.76698  0.55438  0.50       2       1       1        3   1.28
  1993         109      0.79078  0.56671  0.50       1       1       1        1   1.25
  1993         110+     0.81278  1.00000  1.23       0       0       0        0   1.23
  1994           0      0.00620  0.00617  0.14  100000     617   99467  7654156  76.54
  1994           1      0.00057  0.00057  0.50   99383      57   99355  7554689  76.02
  1994           2      0.00040  0.00040  0.50   99326      39   99306  7455334  75.06
  1994           3      0.00028  0.00028  0.50   99287      28   99273  7356028  74.09
  1994           4      0.00018  0.00018  0.50   99259      18   99250  7256755  73.11
  1994           5      0.00017  0.00017  0.50   99241      17   99232  7157506  72.12
  1994           6      0.00014  0.00014  0.50   99224      14   99217  7058274  71.13
  1994           7      0.00016  0.00016  0.50   99210      16   99202  6959057  70.14
  1994           8      0.00016  0.00016  0.50   99194      16   99186  6859855  69.16
  1994           9      0.00015  0.00015  0.50   99177      15   99170  6760670  68.17
  1994          10      0.00017  0.00017  0.50   99163      17   99154  6661499  67.18
  1994          11      0.00014  0.00014  0.50   99146      13   99139  6562345  66.19
  1994          12      0.00014  0.00014  0.50   99132      14   99125  6463206  65.20
  1994          13      0.00015  0.00015  0.50   99118      15   99111  6364081  64.21
  1994          14      0.00035  0.00035  0.50   99103      35   99086  6264970  63.22
  1994          15      0.00029  0.00029  0.50   99068      29   99054  6165885  62.24
  1994          16      0.00058  0.00058  0.50   99039      58   99011  6066831  61.26
  1994          17      0.00071  0.00071  0.50   98982      70   98947  5967820  60.29
  1994          18      0.00099  0.00099  0.50   98911      98   98863  5868874  59.33
  1994          19      0.00110  0.00110  0.50   98814     109   98759  5770011  58.39
  1994          20      0.00097  0.00097  0.50   98705      96   98657  5671252  57.46
  1994          21      0.00100  0.00100  0.50   98609      99   98559  5572596  56.51
  1994          22      0.00089  0.00089  0.50   98510      87   98466  5474036  55.57
  1994          23      0.00086  0.00086  0.50   98423      84   98381  5375570  54.62
  1994          24      0.00085  0.00085  0.50   98339      83   98297  5277189  53.66
  1994          25      0.00088  0.00088  0.50   98255      87   98212  5178892  52.71
  1994          26      0.00089  0.00089  0.50   98168      87   98125  5080681  51.75
  1994          27      0.00070  0.00070  0.50   98081      69   98047  4982556  50.80
  1994          28      0.00078  0.00078  0.50   98013      76   97975  4884509  49.84
  1994          29      0.00088  0.00088  0.50   97937      87   97893  4786534  48.87
  1994          30      0.00077  0.00077  0.50   97850      76   97812  4688641  47.92
  1994          31      0.00107  0.00107  0.50   97775     105   97722  4590828  46.95
  1994          32      0.00094  0.00093  0.50   97670      91   97624  4493106  46.00
  1994          33      0.00106  0.00106  0.50   97578     103   97527  4395482  45.05
  1994          34      0.00092  0.00092  0.50   97475      89   97431  4297955  44.09
  1994          35      0.00113  0.00113  0.50   97386     110   97331  4200524  43.13
  1994          36      0.00134  0.00133  0.50   97276     130   97211  4103193  42.18
  1994          37      0.00134  0.00134  0.50   97146     130   97081  4005982  41.24
  1994          38      0.00146  0.00146  0.50   97016     142   96945  3908901  40.29
  1994          39      0.00152  0.00152  0.50   96875     147   96801  3811955  39.35
  1994          40      0.00178  0.00178  0.50   96728     172   96642  3715154  38.41
  1994          41      0.00174  0.00174  0.50   96555     168   96471  3618513  37.48
  1994          42      0.00220  0.00219  0.50   96387     212   96282  3522041  36.54
  1994          43      0.00261  0.00261  0.50   96176     251   96050  3425760  35.62
  1994          44      0.00248  0.00248  0.50   95925     238   95806  3329709  34.71
  1994          45      0.00274  0.00274  0.50   95687     262   95556  3233903  33.80
  1994          46      0.00288  0.00288  0.50   95425     275   95288  3138347  32.89
  1994          47      0.00362  0.00361  0.50   95151     344   94979  3043059  31.98
  1994          48      0.00405  0.00404  0.50   94807     383   94615  2948080  31.10
  1994          49      0.00419  0.00419  0.50   94424     395   94226  2853465  30.22
  1994          50      0.00437  0.00436  0.50   94028     410   93823  2759239  29.34
  1994          51      0.00463  0.00462  0.50   93618     433   93402  2665415  28.47
  1994          52      0.00510  0.00509  0.50   93185     474   92948  2572014  27.60
  1994          53      0.00506  0.00505  0.50   92711     468   92477  2479065  26.74
  1994          54      0.00532  0.00531  0.50   92243     489   91999  2386588  25.87
  1994          55      0.00646  0.00643  0.50   91754     590   91459  2294589  25.01
  1994          56      0.00730  0.00727  0.50   91163     663   90832  2203131  24.17
  1994          57      0.00750  0.00748  0.50   90500     676   90162  2112299  23.34
  1994          58      0.00817  0.00814  0.50   89824     731   89458  2022136  22.51
  1994          59      0.00897  0.00893  0.50   89093     796   88695  1932678  21.69
  1994          60      0.00984  0.00979  0.50   88297     865   87865  1843983  20.88
  1994          61      0.01180  0.01173  0.50   87432    1025   86920  1756119  20.09
  1994          62      0.01230  0.01223  0.50   86407    1057   85878  1669199  19.32
  1994          63      0.01382  0.01373  0.50   85350    1172   84764  1583321  18.55
  1994          64      0.01522  0.01511  0.50   84178    1272   83542  1498556  17.80
  1994          65      0.01677  0.01663  0.50   82906    1378   82217  1415014  17.07
  1994          66      0.01735  0.01720  0.50   81528    1402   80827  1332797  16.35
  1994          67      0.01800  0.01784  0.50   80126    1429   79411  1251970  15.63
  1994          68      0.02011  0.01991  0.50   78697    1566   77913  1172559  14.90
  1994          69      0.02157  0.02134  0.50   77130    1646   76307  1094645  14.19
  1994          70      0.02473  0.02443  0.50   75484    1844   74562  1018338  13.49
  1994          71      0.02691  0.02655  0.50   73641    1955   72663   943775  12.82
  1994          72      0.02907  0.02865  0.50   71685    2054   70658   871112  12.15
  1994          73      0.03212  0.03161  0.50   69631    2201   68531   800454  11.50
  1994          74      0.03679  0.03613  0.50   67430    2436   66212   731923  10.85
  1994          75      0.04140  0.04056  0.50   64994    2636   63676   665711  10.24
  1994          76      0.04559  0.04457  0.50   62358    2779   60968   602035   9.65
  1994          77      0.05097  0.04971  0.50   59579    2961   58098   541067   9.08
  1994          78      0.05656  0.05501  0.50   56617    3114   55060   482969   8.53
  1994          79      0.06204  0.06018  0.50   53503    3220   51893   427909   8.00
  1994          80      0.06961  0.06727  0.50   50283    3383   48592   376016   7.48
  1994          81      0.07734  0.07446  0.50   46901    3492   45155   327424   6.98
  1994          82      0.08746  0.08379  0.50   43408    3637   41590   282270   6.50
  1994          83      0.09953  0.09482  0.50   39771    3771   37886   240680   6.05
  1994          84      0.11241  0.10643  0.50   36000    3831   34085   202794   5.63
  1994          85      0.12117  0.11425  0.50   32169    3675   30331   168709   5.24
  1994          86      0.13917  0.13012  0.50   28494    3708   26640   138378   4.86
  1994          87      0.15271  0.14187  0.50   24786    3517   23028   111738   4.51
  1994          88      0.17598  0.16174  0.50   21270    3440   19549    88711   4.17
  1994          89      0.19342  0.17636  0.50   17829    3144   16257    69161   3.88
  1994          90      0.22068  0.19875  0.50   14685    2919   13226    52904   3.60
  1994          91      0.24399  0.21746  0.50   11766    2559   10487    39679   3.37
  1994          92      0.25686  0.22762  0.50    9208    2096    8160    29192   3.17
  1994          93      0.28128  0.24660  0.50    7112    1754    6235    21032   2.96
  1994          94      0.29262  0.25527  0.50    5358    1368    4674    14797   2.76
  1994          95      0.34041  0.29090  0.50    3990    1161    3410    10123   2.54
  1994          96      0.37031  0.31246  0.50    2829     884    2387     6713   2.37
  1994          97      0.40131  0.33424  0.50    1945     650    1620     4326   2.22
  1994          98      0.43318  0.35606  0.50    1295     461    1065     2706   2.09
  1994          99      0.46567  0.37773  0.50     834     315     676     1641   1.97
  1994         100      0.49853  0.39906  0.50     519     207     415      965   1.86
  1994         101      0.53146  0.41988  0.50     312     131     246      549   1.76
  1994         102      0.56418  0.44005  0.50     181      80     141      303   1.67
  1994         103      0.59640  0.45941  0.50     101      47      78      162   1.59
  1994         104      0.62787  0.47785  0.50      55      26      42       84   1.53
  1994         105      0.65833  0.49530  0.50      29      14      22       42   1.46
  1994         106      0.68759  0.51168  0.50      14       7      11       20   1.41
  1994         107      0.71546  0.52695  0.50       7       4       5       10   1.36
  1994         108      0.74181  0.54111  0.50       3       2       2        4   1.32
  1994         109      0.76654  0.55415  0.50       2       1       1        2   1.29
  1994         110+     0.78961  1.00000  1.27       1       1       1        1   1.27
  1995           0      0.00535  0.00532  0.14  100000     532   99541  7677639  76.78
  1995           1      0.00046  0.00046  0.50   99468      46   99445  7578098  76.19
  1995           2      0.00035  0.00035  0.50   99422      35   99404  7478653  75.22
  1995           3      0.00023  0.00023  0.50   99387      23   99376  7379249  74.25
  1995           4      0.00023  0.00023  0.50   99364      23   99353  7279873  73.26
  1995           5      0.00015  0.00015  0.50   99341      15   99334  7180520  72.28
  1995           6      0.00014  0.00014  0.50   99327      14   99320  7081186  71.29
  1995           7      0.00014  0.00014  0.50   99313      14   99306  6981867  70.30
  1995           8      0.00010  0.00010  0.50   99299      10   99294  6882561  69.31
  1995           9      0.00012  0.00012  0.50   99289      12   99283  6783267  68.32
  1995          10      0.00012  0.00012  0.50   99277      12   99272  6683983  67.33
  1995          11      0.00010  0.00010  0.50   99266       9   99261  6584712  66.33
  1995          12      0.00016  0.00016  0.50   99256      15   99249  6485451  65.34
  1995          13      0.00020  0.00020  0.50   99241      20   99231  6386202  64.35
  1995          14      0.00023  0.00023  0.50   99221      22   99209  6286972  63.36
  1995          15      0.00031  0.00031  0.50   99198      30   99183  6187762  62.38
  1995          16      0.00052  0.00052  0.50   99168      52   99142  6088579  61.40
  1995          17      0.00069  0.00069  0.50   99116      69   99082  5989438  60.43
  1995          18      0.00098  0.00098  0.50   99047      97   98999  5890356  59.47
  1995          19      0.00091  0.00091  0.50   98950      90   98905  5791357  58.53
  1995          20      0.00093  0.00093  0.50   98860      92   98814  5692452  57.58
  1995          21      0.00076  0.00076  0.50   98768      75   98731  5593639  56.63
  1995          22      0.00090  0.00090  0.50   98693      89   98649  5494908  55.68
  1995          23      0.00081  0.00081  0.50   98604      80   98564  5396259  54.73
  1995          24      0.00063  0.00063  0.50   98524      62   98493  5297695  53.77
  1995          25      0.00069  0.00069  0.50   98462      68   98428  5199202  52.80
  1995          26      0.00074  0.00074  0.50   98394      72   98358  5100774  51.84
  1995          27      0.00084  0.00084  0.50   98322      83   98280  5002416  50.88
  1995          28      0.00071  0.00071  0.50   98239      70   98204  4904135  49.92
  1995          29      0.00089  0.00089  0.50   98169      87   98126  4805931  48.96
  1995          30      0.00091  0.00091  0.50   98082      89   98038  4707805  48.00
  1995          31      0.00090  0.00090  0.50   97994      88   97949  4609767  47.04
  1995          32      0.00098  0.00098  0.50   97905      96   97857  4511818  46.08
  1995          33      0.00101  0.00101  0.50   97809      99   97760  4413961  45.13
  1995          34      0.00099  0.00099  0.50   97710      96   97662  4316201  44.17
  1995          35      0.00108  0.00108  0.50   97614     105   97561  4218539  43.22
  1995          36      0.00117  0.00117  0.50   97508     114   97451  4120978  42.26
  1995          37      0.00133  0.00133  0.50   97394     130   97329  4023527  41.31
  1995          38      0.00145  0.00145  0.50   97264     141   97194  3926198  40.37
  1995          39      0.00147  0.00147  0.50   97123     142   97052  3829004  39.42
  1995          40      0.00178  0.00178  0.50   96981     172   96895  3731951  38.48
  1995          41      0.00188  0.00188  0.50   96809     182   96718  3635057  37.55
  1995          42      0.00206  0.00206  0.50   96626     199   96527  3538339  36.62
  1995          43      0.00223  0.00223  0.50   96428     215   96320  3441812  35.69
  1995          44      0.00268  0.00267  0.50   96213     257   96084  3345492  34.77
  1995          45      0.00299  0.00298  0.50   95956     286   95812  3249407  33.86
  1995          46      0.00283  0.00283  0.50   95669     270   95534  3153595  32.96
  1995          47      0.00353  0.00353  0.50   95399     336   95231  3058061  32.06
  1995          48      0.00370  0.00370  0.50   95063     351   94887  2962830  31.17
  1995          49      0.00395  0.00394  0.50   94711     373   94525  2867943  30.28
  1995          50      0.00442  0.00441  0.50   94338     416   94130  2773419  29.40
  1995          51      0.00484  0.00482  0.50   93922     453   93696  2679288  28.53
  1995          52      0.00531  0.00530  0.50   93469     495   93222  2585593  27.66
  1995          53      0.00588  0.00587  0.50   92974     545   92701  2492371  26.81
  1995          54      0.00580  0.00578  0.50   92429     535   92161  2399669  25.96
  1995          55      0.00663  0.00660  0.50   91894     607   91591  2307508  25.11
  1995          56      0.00641  0.00639  0.50   91287     584   90995  2215917  24.27
  1995          57      0.00685  0.00683  0.50   90704     619   90394  2124922  23.43
  1995          58      0.00793  0.00790  0.50   90084     712   89728  2034528  22.58
  1995          59      0.00901  0.00897  0.50   89372     802   88971  1944800  21.76
  1995          60      0.01046  0.01041  0.50   88570     922   88109  1855829  20.95
  1995          61      0.01118  0.01112  0.50   87649     974   87162  1767719  20.17
  1995          62      0.01238  0.01230  0.50   86674    1066   86141  1680558  19.39
  1995          63      0.01377  0.01367  0.50   85608    1171   85023  1594416  18.62
  1995          64      0.01455  0.01445  0.50   84438    1220   83827  1509394  17.88
  1995          65      0.01468  0.01457  0.50   83217    1213   82611  1425566  17.13
  1995          66      0.01783  0.01767  0.50   82005    1449   81280  1342955  16.38
  1995          67      0.01912  0.01894  0.50   80556    1526   79793  1261675  15.66
  1995          68      0.02104  0.02082  0.50   79030    1646   78207  1181882  14.95
  1995          69      0.02093  0.02071  0.50   77384    1603   76583  1103674  14.26
  1995          70      0.02408  0.02380  0.50   75782    1803   74880  1027091  13.55
  1995          71      0.02669  0.02634  0.50   73978    1949   73004   952211  12.87
  1995          72      0.02845  0.02805  0.50   72030    2020   71020   879207  12.21
  1995          73      0.03234  0.03182  0.50   70010    2228   68896   808187  11.54
  1995          74      0.03490  0.03430  0.50   67782    2325   66619   739292  10.91
  1995          75      0.04037  0.03957  0.50   65457    2590   64162   672672  10.28
  1995          76      0.04471  0.04374  0.50   62867    2750   61492   608511   9.68
  1995          77      0.04909  0.04792  0.50   60117    2881   58677   547019   9.10
  1995          78      0.05440  0.05296  0.50   57237    3031   55721   488342   8.53
  1995          79      0.06082  0.05902  0.50   54205    3199   52606   432621   7.98
  1995          80      0.07150  0.06903  0.50   51006    3521   49245   380015   7.45
  1995          81      0.07643  0.07362  0.50   47485    3496   45737   330770   6.97
  1995          82      0.08871  0.08494  0.50   43989    3736   42121   285033   6.48
  1995          83      0.09859  0.09396  0.50   40252    3782   38361   242913   6.03
  1995          84      0.10991  0.10418  0.50   36470    3800   34571   204551   5.61
  1995          85      0.12263  0.11555  0.50   32671    3775   30783   169980   5.20
  1995          86      0.13929  0.13022  0.50   28896    3763   27014   139197   4.82
  1995          87      0.15592  0.14464  0.50   25133    3635   23315   112182   4.46
  1995          88      0.18189  0.16673  0.50   21498    3584   19706    88867   4.13
  1995          89      0.19743  0.17969  0.50   17914    3219   16304    69161   3.86
  1995          90      0.21794  0.19652  0.50   14695    2888   13251    52857   3.60
  1995          91      0.23501  0.21030  0.50   11807    2483   10565    39607   3.35
  1995          92      0.26348  0.23281  0.50    9324    2171    8238    29041   3.11
  1995          93      0.28517  0.24958  0.50    7153    1785    6260    20803   2.91
  1995          94      0.30793  0.26684  0.50    5368    1432    4652    14542   2.71
  1995          95      0.34388  0.29343  0.50    3935    1155    3358     9891   2.51
  1995          96      0.37429  0.31529  0.50    2781     877    2342     6533   2.35
  1995          97      0.40582  0.33737  0.50    1904     642    1583     4190   2.20
  1995          98      0.43824  0.35947  0.50    1262     454    1035     2608   2.07
  1995          99      0.47128  0.38141  0.50     808     308     654     1573   1.95
  1995         100      0.50466  0.40298  0.50     500     201     399      919   1.84
  1995         101      0.53809  0.42401  0.50     298     127     235      519   1.74
  1995         102      0.57125  0.44434  0.50     172      76     134      284   1.65
  1995         103      0.60386  0.46382  0.50      96      44      73      151   1.58
  1995         104      0.63563  0.48234  0.50      51      25      39       77   1.51
  1995         105      0.66632  0.49981  0.50      27      13      20       38   1.45
  1995         106      0.69572  0.51616  0.50      13       7      10       18   1.39
  1995         107      0.72364  0.53138  0.50       6       3       5        9   1.35
  1995         108      0.74997  0.54544  0.50       3       2       2        4   1.31
  1995         109      0.77460  0.55835  0.50       1       1       1        2   1.27
  1995         110+     0.79749  1.00000  1.25       1       1       1        1   1.25
  1996           0      0.00511  0.00509  0.14  100000     509   99562  7702510  77.03
  1996           1      0.00043  0.00043  0.50   99491      43   99470  7602948  76.42
  1996           2      0.00030  0.00030  0.50   99448      30   99433  7503479  75.45
  1996           3      0.00024  0.00024  0.50   99419      24   99407  7404045  74.47
  1996           4      0.00020  0.00020  0.50   99395      20   99385  7304638  73.49
  1996           5      0.00019  0.00019  0.50   99375      19   99366  7205253  72.51
  1996           6      0.00017  0.00017  0.50   99357      17   99348  7105887  71.52
  1996           7      0.00015  0.00015  0.50   99340      15   99332  7006539  70.53
  1996           8      0.00018  0.00018  0.50   99325      18   99316  6907207  69.54
  1996           9      0.00010  0.00010  0.50   99307      10   99302  6807891  68.55
  1996          10      0.00009  0.00009  0.50   99297       9   99293  6708589  67.56
  1996          11      0.00014  0.00014  0.50   99289      14   99282  6609296  66.57
  1996          12      0.00008  0.00008  0.50   99275       8   99271  6510014  65.58
  1996          13      0.00020  0.00020  0.50   99266      20   99257  6410744  64.58
  1996          14      0.00024  0.00024  0.50   99247      24   99235  6311487  63.59
  1996          15      0.00023  0.00023  0.50   99223      22   99211  6212252  62.61
  1996          16      0.00047  0.00047  0.50   99200      46   99177  6113041  61.62
  1996          17      0.00051  0.00051  0.50   99154      51   99129  6013864  60.65
  1996          18      0.00074  0.00074  0.50   99103      73   99067  5914735  59.68
  1996          19      0.00093  0.00093  0.50   99030      92   98984  5815668  58.73
  1996          20      0.00088  0.00088  0.50   98939      87   98895  5716684  57.78
  1996          21      0.00086  0.00086  0.50   98852      85   98809  5617789  56.83
  1996          22      0.00062  0.00062  0.50   98766      61   98736  5518980  55.88
  1996          23      0.00071  0.00071  0.50   98705      70   98670  5420244  54.91
  1996          24      0.00071  0.00071  0.50   98635      70   98600  5321574  53.95
  1996          25      0.00067  0.00067  0.50   98565      66   98532  5222974  52.99
  1996          26      0.00066  0.00066  0.50   98499      65   98467  5124442  52.03
  1996          27      0.00069  0.00069  0.50   98434      68   98400  5025975  51.06
  1996          28      0.00075  0.00075  0.50   98366      74   98329  4927575  50.09
  1996          29      0.00060  0.00060  0.50   98292      59   98263  4829245  49.13
  1996          30      0.00077  0.00077  0.50   98233      76   98195  4730983  48.16
  1996          31      0.00073  0.00073  0.50   98157      71   98122  4632788  47.20
  1996          32      0.00092  0.00092  0.50   98086      91   98041  4534666  46.23
  1996          33      0.00090  0.00090  0.50   97995      88   97951  4436625  45.27
  1996          34      0.00095  0.00095  0.50   97907      93   97861  4338674  44.31
  1996          35      0.00110  0.00110  0.50   97815     108   97761  4240813  43.36
  1996          36      0.00124  0.00123  0.50   97707     121   97647  4143052  42.40
  1996          37      0.00143  0.00143  0.50   97586     139   97517  4045405  41.45
  1996          38      0.00144  0.00144  0.50   97447     140   97377  3947889  40.51
  1996          39      0.00140  0.00140  0.50   97306     136   97239  3850512  39.57
  1996          40      0.00156  0.00156  0.50   97171     151   97095  3753274  38.63
  1996          41      0.00166  0.00166  0.50   97019     161   96939  3656179  37.69
  1996          42      0.00212  0.00212  0.50   96858     206   96755  3559240  36.75
  1996          43      0.00217  0.00217  0.50   96652     209   96548  3462485  35.82
  1996          44      0.00221  0.00221  0.50   96443     213   96337  3365937  34.90
  1996          45      0.00312  0.00312  0.50   96230     300   96080  3269600  33.98
  1996          46      0.00286  0.00285  0.50   95930     274   95793  3173520  33.08
  1996          47      0.00333  0.00332  0.50   95656     318   95497  3077727  32.17
  1996          48      0.00355  0.00354  0.50   95339     338   95170  2982230  31.28
  1996          49      0.00401  0.00400  0.50   95001     380   94811  2887060  30.39
  1996          50      0.00471  0.00469  0.50   94621     444   94399  2792249  29.51
  1996          51      0.00453  0.00452  0.50   94177     426   93964  2697850  28.65
  1996          52      0.00557  0.00556  0.50   93751     521   93491  2603885  27.77
  1996          53      0.00570  0.00568  0.50   93230     530   92965  2510395  26.93
  1996          54      0.00606  0.00604  0.50   92700     560   92421  2417429  26.08
  1996          55      0.00634  0.00632  0.50   92141     582   91850  2325009  25.23
  1996          56      0.00661  0.00659  0.50   91559     604   91257  2233159  24.39
  1996          57      0.00751  0.00748  0.50   90955     681   90615  2141902  23.55
  1996          58      0.00776  0.00773  0.50   90274     698   89925  2051288  22.72
  1996          59      0.00815  0.00811  0.50   89577     727   89213  1961363  21.90
  1996          60      0.00972  0.00967  0.50   88850     859   88420  1872149  21.07
  1996          61      0.01077  0.01071  0.50   87991     942   87520  1783729  20.27
  1996          62      0.01297  0.01289  0.50   87048    1122   86488  1696210  19.49
  1996          63      0.01300  0.01292  0.50   85927    1110   85372  1609722  18.73
  1996          64      0.01354  0.01345  0.50   84817    1141   84246  1524350  17.97
  1996          65      0.01565  0.01553  0.50   83676    1300   83026  1440104  17.21
  1996          66      0.01694  0.01680  0.50   82376    1384   81684  1357078  16.47
  1996          67      0.01986  0.01966  0.50   80993    1593   80196  1275394  15.75
  1996          68      0.02019  0.01999  0.50   79400    1587   78607  1195197  15.05
  1996          69      0.02183  0.02159  0.50   77813    1680   76973  1116591  14.35
  1996          70      0.02357  0.02329  0.50   76133    1773   75246  1039618  13.66
  1996          71      0.02602  0.02569  0.50   74359    1910   73404   964372  12.97
  1996          72      0.02854  0.02814  0.50   72449    2038   71430   890968  12.30
  1996          73      0.03098  0.03051  0.50   70411    2148   69337   819538  11.64
  1996          74      0.03455  0.03397  0.50   68263    2319   67103   750201  10.99
  1996          75      0.03750  0.03681  0.50   65944    2427   64730   683097  10.36
  1996          76      0.04280  0.04190  0.50   63517    2661   62186   618367   9.74
  1996          77      0.04979  0.04858  0.50   60855    2957   59377   556181   9.14
  1996          78      0.05512  0.05365  0.50   57899    3106   56346   496804   8.58
  1996          79      0.06110  0.05929  0.50   54793    3248   53168   440458   8.04
  1996          80      0.06847  0.06621  0.50   51544    3413   49838   387290   7.51
  1996          81      0.07883  0.07584  0.50   48132    3650   46306   337452   7.01
  1996          82      0.08524  0.08176  0.50   44481    3637   42663   291145   6.55
  1996          83      0.09650  0.09206  0.50   40845    3760   38964   248483   6.08
  1996          84      0.10513  0.09988  0.50   37084    3704   35233   209518   5.65
  1996          85      0.12221  0.11517  0.50   33381    3844   31458   174286   5.22
  1996          86      0.13962  0.13051  0.50   29536    3855   27609   142827   4.84
  1996          87      0.15337  0.14245  0.50   25682    3658   23852   115218   4.49
  1996          88      0.18278  0.16747  0.50   22023    3688   20179    91366   4.15
  1996          89      0.19272  0.17578  0.50   18335    3223   16724    71187   3.88
  1996          90      0.21357  0.19297  0.50   15112    2916   13654    54463   3.60
  1996          91      0.23584  0.21096  0.50   12196    2573   10910    40809   3.35
  1996          92      0.25753  0.22815  0.50    9623    2196    8525    29900   3.11
  1996          93      0.29576  0.25766  0.50    7428    1914    6471    21374   2.88
  1996          94      0.30216  0.26250  0.50    5514    1447    4790    14904   2.70
  1996          95      0.34716  0.29581  0.50    4066    1203    3465    10113   2.49
  1996          96      0.37856  0.31831  0.50    2864     911    2408     6648   2.32
  1996          97      0.41112  0.34102  0.50    1952     666    1619     4241   2.17
  1996          98      0.44460  0.36374  0.50    1286     468    1052     2622   2.04
  1996          99      0.47870  0.38625  0.50     818     316     660     1569   1.92
  1996         100      0.51311  0.40835  0.50     502     205     400      909   1.81
  1996         101      0.54749  0.42983  0.50     297     128     233      509   1.71
  1996         102      0.58152  0.45053  0.50     169      76     131      276   1.63
  1996         103      0.61487  0.47029  0.50      93      44      71      144   1.55
  1996         104      0.64726  0.48900  0.50      49      24      37       73   1.48
  1996         105      0.67841  0.50658  0.50      25      13      19       36   1.42
  1996         106      0.70811  0.52296  0.50      12       7       9       17   1.37
  1996         107      0.73619  0.53811  0.50       6       3       4        8   1.33
  1996         108      0.76251  0.55204  0.50       3       2       2        4   1.29
  1996         109      0.78700  0.56477  0.50       1       1       1        2   1.26
  1996         110+     0.80963  1.00000  1.24       1       1       1        1   1.24
  1997           0      0.00455  0.00453  0.14  100000     453   99610  7742789  77.43
  1997           1      0.00048  0.00048  0.50   99547      47   99523  7643179  76.78
  1997           2      0.00034  0.00034  0.50   99499      34   99482  7543656  75.82
  1997           3      0.00019  0.00019  0.50   99465      19   99456  7444174  74.84
  1997           4      0.00018  0.00018  0.50   99446      18   99437  7344718  73.86
  1997           5      0.00012  0.00012  0.50   99429      12   99422  7245281  72.87
  1997           6      0.00015  0.00015  0.50   99416      14   99409  7145858  71.88
  1997           7      0.00014  0.00014  0.50   99402      14   99395  7046449  70.89
  1997           8      0.00012  0.00012  0.50   99388      12   99382  6947054  69.90
  1997           9      0.00012  0.00012  0.50   99376      12   99371  6847672  68.91
  1997          10      0.00014  0.00014  0.50   99365      14   99358  6748302  67.91
  1997          11      0.00013  0.00013  0.50   99351      13   99344  6648944  66.92
  1997          12      0.00013  0.00013  0.50   99338      13   99331  6549600  65.93
  1997          13      0.00014  0.00014  0.50   99325      14   99318  6450268  64.94
  1997          14      0.00020  0.00020  0.50   99312      20   99302  6350950  63.95
  1997          15      0.00024  0.00024  0.50   99292      24   99280  6251648  62.96
  1997          16      0.00054  0.00054  0.50   99268      54   99241  6152368  61.98
  1997          17      0.00049  0.00049  0.50   99214      49   99190  6053127  61.01
  1997          18      0.00092  0.00092  0.50   99165      91   99120  5953938  60.04
  1997          19      0.00090  0.00090  0.50   99074      89   99030  5854818  59.10
  1997          20      0.00082  0.00082  0.50   98985      82   98944  5755788  58.15
  1997          21      0.00094  0.00094  0.50   98903      93   98857  5656844  57.20
  1997          22      0.00071  0.00071  0.50   98811      70   98776  5557987  56.25
  1997          23      0.00076  0.00076  0.50   98740      75   98703  5459212  55.29
  1997          24      0.00078  0.00078  0.50   98665      77   98626  5360509  54.33
  1997          25      0.00066  0.00066  0.50   98588      66   98555  5261883  53.37
  1997          26      0.00063  0.00063  0.50   98522      62   98491  5163328  52.41
  1997          27      0.00054  0.00054  0.50   98460      53   98434  5064837  51.44
  1997          28      0.00070  0.00070  0.50   98407      69   98373  4966403  50.47
  1997          29      0.00061  0.00061  0.50   98338      60   98308  4868030  49.50
  1997          30      0.00057  0.00057  0.50   98278      56   98250  4769722  48.53
  1997          31      0.00081  0.00081  0.50   98222      80   98183  4671472  47.56
  1997          32      0.00064  0.00064  0.50   98143      63   98111  4573289  46.60
  1997          33      0.00076  0.00076  0.50   98080      74   98042  4475178  45.63
  1997          34      0.00081  0.00081  0.50   98005      80   97965  4377136  44.66
  1997          35      0.00091  0.00091  0.50   97926      90   97881  4279170  43.70
  1997          36      0.00113  0.00112  0.50   97836     110   97781  4181290  42.74
  1997          37      0.00109  0.00109  0.50   97726     107   97673  4083508  41.79
  1997          38      0.00115  0.00115  0.50   97619     112   97564  3985836  40.83
  1997          39      0.00143  0.00143  0.50   97508     139   97438  3888272  39.88
  1997          40      0.00149  0.00149  0.50   97368     145   97296  3790834  38.93
  1997          41      0.00171  0.00171  0.50   97223     166   97140  3693539  37.99
  1997          42      0.00197  0.00197  0.50   97057     191   96962  3596398  37.05
  1997          43      0.00202  0.00202  0.50   96866     195   96768  3499437  36.13
  1997          44      0.00211  0.00211  0.50   96671     203   96569  3402669  35.20
  1997          45      0.00266  0.00265  0.50   96467     256   96339  3306100  34.27
  1997          46      0.00294  0.00294  0.50   96211     283   96070  3209761  33.36
  1997          47      0.00303  0.00303  0.50   95928     291   95783  3113691  32.46
  1997          48      0.00377  0.00377  0.50   95638     360   95458  3017908  31.56
  1997          49      0.00368  0.00368  0.50   95278     350   95102  2922450  30.67
  1997          50      0.00404  0.00404  0.50   94927     383   94736  2827348  29.78
  1997          51      0.00446  0.00445  0.50   94544     420   94334  2732612  28.90
  1997          52      0.00475  0.00474  0.50   94124     446   93901  2638278  28.03
  1997          53      0.00515  0.00513  0.50   93678     481   93437  2544377  27.16
  1997          54      0.00593  0.00591  0.50   93197     551   92921  2450940  26.30
  1997          55      0.00632  0.00630  0.50   92646     583   92354  2358018  25.45
  1997          56      0.00611  0.00609  0.50   92062     561   91782  2265664  24.61
  1997          57      0.00689  0.00687  0.50   91501     628   91187  2173883  23.76
  1997          58      0.00736  0.00734  0.50   90873     667   90540  2082695  22.92
  1997          59      0.00834  0.00831  0.50   90206     749   89832  1992156  22.08
  1997          60      0.00972  0.00967  0.50   89457     865   89024  1902324  21.27
  1997          61      0.01042  0.01036  0.50   88592     918   88133  1813300  20.47
  1997          62      0.01112  0.01106  0.50   87674     969   87189  1725167  19.68
  1997          63      0.01266  0.01258  0.50   86704    1091   86159  1637978  18.89
  1997          64      0.01397  0.01387  0.50   85613    1188   85020  1551819  18.13
  1997          65      0.01550  0.01538  0.50   84426    1299   83776  1466800  17.37
  1997          66      0.01708  0.01693  0.50   83127    1408   82423  1383023  16.64
  1997          67      0.01817  0.01800  0.50   81719    1471   80984  1300600  15.92
  1997          68      0.02096  0.02075  0.50   80248    1665   79416  1219617  15.20
  1997          69      0.02140  0.02117  0.50   78583    1664   77751  1140201  14.51
  1997          70      0.02260  0.02235  0.50   76919    1719   76060  1062450  13.81
  1997          71      0.02599  0.02566  0.50   75201    1929   74236   986390  13.12
  1997          72      0.02756  0.02718  0.50   73271    1992   72275   912154  12.45
  1997          73      0.02977  0.02933  0.50   71280    2091   70234   839878  11.78
  1997          74      0.03310  0.03256  0.50   69189    2253   68062   769644  11.12
  1997          75      0.03932  0.03856  0.50   66936    2581   65645   701582  10.48
  1997          76      0.04114  0.04031  0.50   64355    2594   63058   635937   9.88
  1997          77      0.04651  0.04545  0.50   61760    2807   60357   572879   9.28
  1997          78      0.05320  0.05183  0.50   58953    3055   57425   512522   8.69
  1997          79      0.06066  0.05888  0.50   55898    3291   54252   455097   8.14
  1997          80      0.06714  0.06496  0.50   52607    3418   50898   400845   7.62
  1997          81      0.07334  0.07074  0.50   49189    3480   47449   349947   7.11
  1997          82      0.08695  0.08332  0.50   45709    3809   43805   302498   6.62
  1997          83      0.09676  0.09230  0.50   41901    3867   39967   258693   6.17
  1997          84      0.10586  0.10054  0.50   38033    3824   36121   218726   5.75
  1997          85      0.11952  0.11278  0.50   34210    3858   32281   182604   5.34
  1997          86      0.13426  0.12581  0.50   30351    3819   28442   150324   4.95
  1997          87      0.14913  0.13879  0.50   26533    3682   24692   121882   4.59
  1997          88      0.17048  0.15709  0.50   22850    3590   21056    97190   4.25
  1997          89      0.18715  0.17114  0.50   19261    3296   17613    76134   3.95
  1997          90      0.20923  0.18941  0.50   15965    3024   14453    58522   3.67
  1997          91      0.22895  0.20543  0.50   12941    2658   11611    44069   3.41
  1997          92      0.26256  0.23209  0.50   10282    2386    9089    32457   3.16
  1997          93      0.28146  0.24673  0.50    7896    1948    6922    23368   2.96
  1997          94      0.29716  0.25872  0.50    5948    1539    5178    16447   2.77
  1997          95      0.33659  0.28810  0.50    4409    1270    3774    11268   2.56
  1997          96      0.36674  0.30991  0.50    3139     973    2652     7495   2.39
  1997          97      0.39804  0.33197  0.50    2166     719    1806     4842   2.24
  1997          98      0.43028  0.35410  0.50    1447     512    1191     3036   2.10
  1997          99      0.46321  0.37610  0.50     935     351     759     1845   1.97
  1997         100      0.49654  0.39778  0.50     583     232     467     1086   1.86
  1997         101      0.52999  0.41896  0.50     351     147     278      619   1.76
  1997         102      0.56324  0.43948  0.50     204      90     159      342   1.67
  1997         103      0.59601  0.45918  0.50     114      53      88      182   1.59
  1997         104      0.62802  0.47794  0.50      62      30      47       94   1.52
  1997         105      0.65900  0.49567  0.50      32      16      24       47   1.46
  1997         106      0.68874  0.51231  0.50      16       8      12       23   1.41
  1997         107      0.71704  0.52781  0.50       8       4       6       11   1.36
  1997         108      0.74378  0.54215  0.50       4       2       3        5   1.32
  1997         109      0.76883  0.55535  0.50       2       1       1        2   1.28
  1997         110+     0.79216  1.00000  1.26       1       1       1        1   1.26
  1998           0      0.00485  0.00483  0.14  100000     483   99585  7778195  77.78
  1998           1      0.00038  0.00038  0.50   99517      37   99499  7678610  77.16
  1998           2      0.00034  0.00034  0.50   99480      34   99463  7579112  76.19
  1998           3      0.00019  0.00019  0.50   99446      19   99437  7479649  75.21
  1998           4      0.00019  0.00019  0.50   99427      19   99418  7380212  74.23
  1998           5      0.00015  0.00015  0.50   99408      14   99401  7280794  73.24
  1998           6      0.00019  0.00019  0.50   99394      19   99385  7181393  72.25
  1998           7      0.00008  0.00008  0.50   99375       8   99371  7082009  71.27
  1998           8      0.00012  0.00012  0.50   99367      12   99361  6982637  70.27
  1998           9      0.00014  0.00014  0.50   99355      14   99349  6883276  69.28
  1998          10      0.00010  0.00010  0.50   99342      10   99337  6783927  68.29
  1998          11      0.00010  0.00010  0.50   99332      10   99327  6684590  67.30
  1998          12      0.00017  0.00017  0.50   99323      17   99314  6585263  66.30
  1998          13      0.00013  0.00013  0.50   99305      13   99299  6485949  65.31
  1998          14      0.00015  0.00015  0.50   99293      15   99285  6386650  64.32
  1998          15      0.00021  0.00021  0.50   99278      20   99268  6287365  63.33
  1998          16      0.00048  0.00048  0.50   99258      47   99234  6188097  62.34
  1998          17      0.00045  0.00045  0.50   99210      45   99188  6088863  61.37
  1998          18      0.00069  0.00069  0.50   99166      69   99131  5989675  60.40
  1998          19      0.00079  0.00079  0.50   99097      79   99058  5890543  59.44
  1998          20      0.00067  0.00067  0.50   99018      66   98985  5791486  58.49
  1998          21      0.00066  0.00066  0.50   98952      65   98920  5692500  57.53
  1998          22      0.00069  0.00069  0.50   98888      68   98853  5593580  56.57
  1998          23      0.00065  0.00065  0.50   98819      64   98787  5494727  55.60
  1998          24      0.00077  0.00077  0.50   98755      76   98717  5395940  54.64
  1998          25      0.00058  0.00058  0.50   98679      57   98650  5297223  53.68
  1998          26      0.00064  0.00064  0.50   98622      63   98590  5198573  52.71
  1998          27      0.00059  0.00059  0.50   98559      58   98530  5099982  51.75
  1998          28      0.00071  0.00071  0.50   98501      70   98466  5001452  50.78
  1998          29      0.00057  0.00057  0.50   98431      56   98403  4902986  49.81
  1998          30      0.00066  0.00066  0.50   98375      65   98343  4804583  48.84
  1998          31      0.00057  0.00057  0.50   98310      56   98282  4706240  47.87
  1998          32      0.00072  0.00072  0.50   98254      71   98218  4607958  46.90
  1998          33      0.00074  0.00074  0.50   98182      73   98146  4509740  45.93
  1998          34      0.00093  0.00093  0.50   98109      92   98064  4411594  44.97
  1998          35      0.00096  0.00095  0.50   98018      94   97971  4313531  44.01
  1998          36      0.00103  0.00103  0.50   97924     101   97874  4215560  43.05
  1998          37      0.00107  0.00107  0.50   97823     105   97771  4117686  42.09
  1998          38      0.00133  0.00133  0.50   97718     130   97653  4019915  41.14
  1998          39      0.00134  0.00134  0.50   97588     131   97523  3922262  40.19
  1998          40      0.00154  0.00154  0.50   97457     150   97382  3824739  39.25
  1998          41      0.00157  0.00157  0.50   97307     153   97231  3727357  38.31
  1998          42      0.00187  0.00187  0.50   97155     182   97064  3630126  37.36
  1998          43      0.00181  0.00181  0.50   96973     176   96885  3533062  36.43
  1998          44      0.00206  0.00206  0.50   96797     199   96698  3436177  35.50
  1998          45      0.00228  0.00228  0.50   96598     220   96488  3339480  34.57
  1998          46      0.00281  0.00281  0.50   96378     271   96243  3242992  33.65
  1998          47      0.00300  0.00300  0.50   96107     288   95963  3146749  32.74
  1998          48      0.00337  0.00337  0.50   95819     323   95658  3050786  31.84
  1998          49      0.00361  0.00360  0.50   95496     344   95324  2955128  30.94
  1998          50      0.00437  0.00436  0.50   95152     414   94945  2859804  30.06
  1998          51      0.00468  0.00467  0.50   94738     442   94517  2764859  29.18
  1998          52      0.00495  0.00494  0.50   94296     466   94063  2670343  28.32
  1998          53      0.00504  0.00503  0.50   93830     472   93594  2576280  27.46
  1998          54      0.00569  0.00567  0.50   93358     530   93093  2482686  26.59
  1998          55      0.00658  0.00656  0.50   92829     609   92524  2389593  25.74
  1998          56      0.00622  0.00620  0.50   92219     572   91933  2297069  24.91
  1998          57      0.00682  0.00679  0.50   91647     623   91336  2205136  24.06
  1998          58      0.00747  0.00745  0.50   91025     678   90686  2113800  23.22
  1998          59      0.00819  0.00815  0.50   90347     737   89978  2023114  22.39
  1998          60      0.00901  0.00897  0.50   89610     804   89208  1933136  21.57
  1998          61      0.00868  0.00864  0.50   88806     767   88423  1843928  20.76
  1998          62      0.01037  0.01032  0.50   88039     908   87585  1755505  19.94
  1998          63      0.01125  0.01119  0.50   87131     975   86643  1667920  19.14
  1998          64      0.01297  0.01289  0.50   86156    1110   85601  1581277  18.35
  1998          65      0.01392  0.01382  0.50   85045    1176   84458  1495676  17.59
  1998          66      0.01695  0.01680  0.50   83870    1409   83165  1411219  16.83
  1998          67      0.01737  0.01722  0.50   82460    1420   81750  1328053  16.11
  1998          68      0.01928  0.01910  0.50   81040    1548   80266  1246303  15.38
  1998          69      0.02204  0.02180  0.50   79493    1733   78626  1166037  14.67
  1998          70      0.02323  0.02296  0.50   77760    1785   76867  1087410  13.98
  1998          71      0.02491  0.02461  0.50   75974    1869   75040  1010543  13.30
  1998          72      0.02663  0.02628  0.50   74105    1948   73131   935503  12.62
  1998          73      0.02940  0.02898  0.50   72157    2091   71112   862372  11.95
  1998          74      0.03256  0.03204  0.50   70066    2245   68944   791261  11.29
  1998          75      0.03588  0.03525  0.50   67821    2391   66626   722317  10.65
  1998          76      0.04051  0.03971  0.50   65431    2598   64132   655690  10.02
  1998          77      0.04540  0.04439  0.50   62833    2789   61438   591559   9.41
  1998          78      0.05163  0.05033  0.50   60043    3022   58532   530121   8.83
  1998          79      0.05438  0.05294  0.50   57021    3019   55512   471588   8.27
  1998          80      0.06581  0.06371  0.50   54003    3441   52282   416076   7.70
  1998          81      0.07221  0.06969  0.50   50562    3524   48800   363794   7.20
  1998          82      0.08196  0.07874  0.50   47038    3704   45186   314994   6.70
  1998          83      0.09491  0.09061  0.50   43334    3927   41371   269808   6.23
  1998          84      0.10557  0.10027  0.50   39408    3952   37432   228437   5.80
  1998          85      0.11838  0.11176  0.50   35456    3963   33475   191005   5.39
  1998          86      0.13153  0.12342  0.50   31494    3887   29550   157530   5.00
  1998          87      0.15166  0.14097  0.50   27607    3892   25661   127980   4.64
  1998          88      0.16283  0.15057  0.50   23715    3571   21930   102319   4.31
  1998          89      0.18143  0.16634  0.50   20144    3351   18469    80389   3.99
  1998          90      0.21077  0.19068  0.50   16793    3202   15192    61921   3.69
  1998          91      0.23202  0.20790  0.50   13591    2826   12178    46728   3.44
  1998          92      0.24506  0.21831  0.50   10766    2350    9591    34550   3.21
  1998          93      0.27385  0.24087  0.50    8415    2027    7402    24959   2.97
  1998          94      0.30647  0.26575  0.50    6388    1698    5540    17557   2.75
  1998          95      0.33503  0.28696  0.50    4691    1346    4018    12018   2.56
  1998          96      0.36545  0.30899  0.50    3345    1033    2828     8000   2.39
  1998          97      0.39706  0.33129  0.50    2311     766    1928     5172   2.24
  1998          98      0.42962  0.35366  0.50    1546     547    1272     3244   2.10
  1998          99      0.46289  0.37589  0.50     999     375     811     1972   1.97
  1998         100      0.49657  0.39780  0.50     623     248     499     1161   1.86
  1998         101      0.53035  0.41919  0.50     375     157     297      661   1.76
  1998         102      0.56393  0.43989  0.50     218      96     170      364   1.67
  1998         103      0.59700  0.45976  0.50     122      56      94      194   1.59
  1998         104      0.62927  0.47867  0.50      66      32      50      100   1.52
  1998         105      0.66049  0.49652  0.50      34      17      26       50   1.46
  1998         106      0.69042  0.51324  0.50      17       9      13       24   1.40
  1998         107      0.71889  0.52881  0.50       8       4       6       11   1.35
  1998         108      0.74574  0.54320  0.50       4       2       3        5   1.31
  1998         109      0.77087  0.55641  0.50       2       1       1        2   1.28
  1998         110+     0.79424  1.00000  1.26       1       1       1        1   1.26
  1999           0      0.00426  0.00424  0.14  100000     424   99635  7795745  77.96
  1999           1      0.00050  0.00050  0.50   99576      49   99551  7696110  77.29
  1999           2      0.00017  0.00017  0.50   99526      17   99518  7596559  76.33
  1999           3      0.00026  0.00026  0.50   99509      26   99496  7497041  75.34
  1999           4      0.00021  0.00021  0.50   99484      21   99473  7397544  74.36
  1999           5      0.00012  0.00012  0.50   99463      12   99457  7298071  73.37
  1999           6      0.00010  0.00010  0.50   99451      10   99446  7198614  72.38
  1999           7      0.00007  0.00007  0.50   99441       7   99437  7099168  71.39
  1999           8      0.00011  0.00011  0.50   99434      11   99428  6999731  70.40
  1999           9      0.00013  0.00013  0.50   99422      13   99416  6900303  69.40
  1999          10      0.00010  0.00010  0.50   99410       9   99405  6800887  68.41
  1999          11      0.00010  0.00010  0.50   99400      10   99395  6701482  67.42
  1999          12      0.00018  0.00018  0.50   99391      18   99382  6602086  66.43
  1999          13      0.00019  0.00019  0.50   99372      19   99363  6502705  65.44
  1999          14      0.00020  0.00020  0.50   99353      20   99343  6403342  64.45
  1999          15      0.00031  0.00031  0.50   99333      30   99318  6303998  63.46
  1999          16      0.00040  0.00040  0.50   99303      40   99283  6204680  62.48
  1999          17      0.00059  0.00059  0.50   99263      58   99234  6105397  61.51
  1999          18      0.00066  0.00066  0.50   99205      66   99172  6006163  60.54
  1999          19      0.00092  0.00092  0.50   99139      91   99094  5906991  59.58
  1999          20      0.00073  0.00073  0.50   99049      73   99012  5807897  58.64
  1999          21      0.00070  0.00070  0.50   98976      70   98941  5708885  57.68
  1999          22      0.00074  0.00074  0.50   98906      73   98870  5609944  56.72
  1999          23      0.00060  0.00060  0.50   98833      60   98803  5511074  55.76
  1999          24      0.00071  0.00071  0.50   98774      71   98738  5412271  54.79
  1999          25      0.00057  0.00057  0.50   98703      57   98675  5313532  53.83
  1999          26      0.00069  0.00069  0.50   98647      68   98612  5214857  52.86
  1999          27      0.00054  0.00054  0.50   98578      53   98552  5116245  51.90
  1999          28      0.00061  0.00061  0.50   98525      60   98495  5017693  50.93
  1999          29      0.00059  0.00058  0.50   98465      58   98436  4919198  49.96
  1999          30      0.00068  0.00068  0.50   98407      67   98374  4820762  48.99
  1999          31      0.00073  0.00073  0.50   98341      72   98305  4722388  48.02
  1999          32      0.00081  0.00081  0.50   98269      80   98229  4624083  47.06
  1999          33      0.00074  0.00074  0.50   98189      73   98153  4525854  46.09
  1999          34      0.00072  0.00072  0.50   98117      71   98081  4427701  45.13
  1999          35      0.00101  0.00100  0.50   98046      99   97997  4329619  44.16
  1999          36      0.00098  0.00098  0.50   97948      96   97899  4231622  43.20
  1999          37      0.00118  0.00118  0.50   97851     116   97793  4133723  42.24
  1999          38      0.00129  0.00129  0.50   97735     126   97672  4035930  41.29
  1999          39      0.00144  0.00143  0.50   97609     140   97539  3938257  40.35
  1999          40      0.00149  0.00149  0.50   97469     146   97396  3840718  39.40
  1999          41      0.00159  0.00159  0.50   97324     155   97246  3743322  38.46
  1999          42      0.00181  0.00181  0.50   97169     176   97081  3646076  37.52
  1999          43      0.00199  0.00199  0.50   96992     193   96896  3548995  36.59
  1999          44      0.00232  0.00232  0.50   96800     224   96688  3452099  35.66
  1999          45      0.00263  0.00263  0.50   96576     254   96449  3355411  34.74
  1999          46      0.00236  0.00236  0.50   96322     227   96208  3258962  33.83
  1999          47      0.00294  0.00294  0.50   96094     282   95953  3162754  32.91
  1999          48      0.00290  0.00290  0.50   95812     278   95673  3066801  32.01
  1999          49      0.00334  0.00333  0.50   95535     318   95375  2971128  31.10
  1999          50      0.00403  0.00402  0.50   95216     383   95025  2875752  30.20
  1999          51      0.00448  0.00447  0.50   94833     424   94621  2780727  29.32
  1999          52      0.00448  0.00447  0.50   94410     422   94199  2686106  28.45
  1999          53      0.00510  0.00508  0.50   93988     478   93749  2591907  27.58
  1999          54      0.00570  0.00568  0.50   93510     531   93245  2498158  26.72
  1999          55      0.00604  0.00602  0.50   92979     560   92699  2404914  25.87
  1999          56      0.00580  0.00578  0.50   92419     535   92152  2312215  25.02
  1999          57      0.00702  0.00700  0.50   91884     643   91563  2220063  24.16
  1999          58      0.00741  0.00739  0.50   91241     674   90904  2128500  23.33
  1999          59      0.00755  0.00752  0.50   90567     681   90227  2037596  22.50
  1999          60      0.00944  0.00939  0.50   89886     844   89464  1947369  21.66
  1999          61      0.00912  0.00908  0.50   89042     808   88638  1857905  20.87
  1999          62      0.01036  0.01031  0.50   88234     909   87779  1769267  20.05
  1999          63      0.01149  0.01143  0.50   87324     998   86825  1681488  19.26
  1999          64      0.01334  0.01326  0.50   86326    1144   85754  1594663  18.47
  1999          65      0.01423  0.01413  0.50   85182    1203   84580  1508909  17.71
  1999          66      0.01597  0.01584  0.50   83979    1330   83314  1424328  16.96
  1999          67      0.01703  0.01688  0.50   82648    1395   81951  1341015  16.23
  1999          68      0.01865  0.01848  0.50   81253    1501   80502  1259064  15.50
  1999          69      0.02007  0.01987  0.50   79752    1585   78959  1178561  14.78
  1999          70      0.02184  0.02160  0.50   78167    1689   77323  1099602  14.07
  1999          71      0.02465  0.02435  0.50   76478    1862   75547  1022280  13.37
  1999          72      0.02687  0.02652  0.50   74616    1979   73627   946732  12.69
  1999          73      0.02977  0.02933  0.50   72638    2130   71572   873105  12.02
  1999          74      0.03279  0.03226  0.50   70507    2275   69370   801533  11.37
  1999          75      0.03568  0.03506  0.50   68232    2392   67036   732163  10.73
  1999          76      0.03865  0.03792  0.50   65840    2496   64592   665127  10.10
  1999          77      0.04420  0.04324  0.50   63344    2739   61974   600535   9.48
  1999          78      0.04842  0.04727  0.50   60605    2865   59172   538560   8.89
  1999          79      0.05478  0.05332  0.50   57740    3078   56200   479388   8.30
  1999          80      0.06427  0.06227  0.50   54661    3404   52959   423188   7.74
  1999          81      0.07185  0.06936  0.50   51258    3555   49480   370228   7.22
  1999          82      0.08373  0.08036  0.50   47702    3834   45786   320748   6.72
  1999          83      0.09000  0.08612  0.50   43869    3778   41980   274963   6.27
  1999          84      0.10489  0.09966  0.50   40091    3995   38093   232983   5.81
  1999          85      0.11309  0.10704  0.50   36095    3864   34163   194890   5.40
  1999          86      0.12986  0.12194  0.50   32232    3930   30267   160727   4.99
  1999          87      0.14727  0.13717  0.50   28301    3882   26360   130460   4.61
  1999          88      0.16528  0.15266  0.50   24419    3728   22555   104100   4.26
  1999          89      0.18995  0.17347  0.50   20691    3589   18897    81544   3.94
  1999          90      0.20706  0.18764  0.50   17102    3209   15498    62648   3.66
  1999          91      0.22489  0.20216  0.50   13893    2809   12489    47150   3.39
  1999          92      0.25867  0.22905  0.50   11084    2539    9815    34661   3.13
  1999          93      0.27982  0.24547  0.50    8546    2098    7497    24846   2.91
  1999          94      0.31600  0.27288  0.50    6448    1760    5568    17350   2.69
  1999          95      0.34121  0.29148  0.50    4688    1367    4005    11782   2.51
  1999          96      0.37329  0.31458  0.50    3322    1045    2799     7776   2.34
  1999          97      0.40667  0.33795  0.50    2277     769    1892     4977   2.19
  1999          98      0.44106  0.36137  0.50    1507     545    1235     3085   2.05
  1999          99      0.47614  0.38458  0.50     963     370     778     1850   1.92
  1999         100      0.51158  0.40738  0.50     592     241     472     1073   1.81
  1999         101      0.54702  0.42954  0.50     351     151     276      601   1.71
  1999         102      0.58208  0.45086  0.50     200      90     155      325   1.62
  1999         103      0.61642  0.47120  0.50     110      52      84      170   1.55
  1999         104      0.64973  0.49041  0.50      58      29      44       86   1.48
  1999         105      0.68170  0.50841  0.50      30      15      22       42   1.42
  1999         106      0.71211  0.52513  0.50      15       8      11       20   1.36
  1999         107      0.74077  0.54056  0.50       7       4       5        9   1.32
  1999         108      0.76756  0.55468  0.50       3       2       2        4   1.28
  1999         109      0.79239  0.56754  0.50       1       1       1        2   1.25
  1999         110+     0.81524  1.00000  1.23       1       1       1        1   1.23
  2000           0      0.00479  0.00477  0.14  100000     477   99589  7823649  78.24
  2000           1      0.00037  0.00037  0.50   99523      37   99504  7724060  77.61
  2000           2      0.00025  0.00025  0.50   99485      25   99473  7624556  76.64
  2000           3      0.00016  0.00016  0.50   99460      16   99452  7525083  75.66
  2000           4      0.00013  0.00013  0.50   99444      13   99438  7425630  74.67
  2000           5      0.00008  0.00008  0.50   99431       8   99427  7326193  73.68
  2000           6      0.00014  0.00014  0.50   99423      14   99417  7226765  72.69
  2000           7      0.00018  0.00018  0.50   99410      17   99401  7127349  71.70
  2000           8      0.00011  0.00011  0.50   99392      11   99387  7027948  70.71
  2000           9      0.00013  0.00013  0.50   99381      13   99374  6928561  69.72
  2000          10      0.00019  0.00019  0.50   99368      19   99358  6829187  68.73
  2000          11      0.00016  0.00016  0.50   99349      16   99341  6729829  67.74
  2000          12      0.00013  0.00013  0.50   99333      13   99327  6630488  66.75
  2000          13      0.00011  0.00011  0.50   99320      11   99315  6531161  65.76
  2000          14      0.00016  0.00016  0.50   99310      16   99302  6431846  64.77
  2000          15      0.00027  0.00027  0.50   99294      27   99280  6332544  63.78
  2000          16      0.00042  0.00042  0.50   99267      42   99246  6233264  62.79
  2000          17      0.00044  0.00044  0.50   99225      44   99203  6134018  61.82
  2000          18      0.00096  0.00096  0.50   99181      96   99133  6034815  60.85
  2000          19      0.00077  0.00077  0.50   99086      76   99047  5935682  59.90
  2000          20      0.00063  0.00063  0.50   99009      62   98978  5836634  58.95
  2000          21      0.00073  0.00073  0.50   98947      72   98911  5737656  57.99
  2000          22      0.00083  0.00083  0.50   98875      82   98834  5638745  57.03
  2000          23      0.00074  0.00074  0.50   98793      73   98756  5539911  56.08
  2000          24      0.00061  0.00061  0.50   98720      60   98690  5441155  55.12
  2000          25      0.00070  0.00070  0.50   98660      69   98625  5342465  54.15
  2000          26      0.00083  0.00083  0.50   98591      81   98550  5243840  53.19
  2000          27      0.00064  0.00064  0.50   98510      63   98478  5145289  52.23
  2000          28      0.00066  0.00066  0.50   98446      65   98414  5046811  51.26
  2000          29      0.00067  0.00067  0.50   98381      66   98348  4948398  50.30
  2000          30      0.00056  0.00056  0.50   98315      55   98288  4850049  49.33
  2000          31      0.00059  0.00059  0.50   98260      58   98231  4751761  48.36
  2000          32      0.00078  0.00078  0.50   98202      76   98164  4653530  47.39
  2000          33      0.00072  0.00072  0.50   98125      70   98090  4555367  46.42
  2000          34      0.00083  0.00083  0.50   98055      81   98014  4457277  45.46
  2000          35      0.00075  0.00075  0.50   97974      73   97937  4359262  44.49
  2000          36      0.00094  0.00094  0.50   97900      92   97854  4261326  43.53
  2000          37      0.00107  0.00107  0.50   97808     105   97756  4163472  42.57
  2000          38      0.00111  0.00111  0.50   97703     109   97649  4065716  41.61
  2000          39      0.00127  0.00127  0.50   97595     124   97533  3968067  40.66
  2000          40      0.00146  0.00146  0.50   97471     142   97400  3870534  39.71
  2000          41      0.00178  0.00178  0.50   97329     173   97242  3773134  38.77
  2000          42      0.00205  0.00205  0.50   97155     199   97056  3675892  37.84
  2000          43      0.00189  0.00189  0.50   96956     183   96865  3578837  36.91
  2000          44      0.00203  0.00202  0.50   96773     196   96675  3481972  35.98
  2000          45      0.00219  0.00219  0.50   96577     211   96471  3385297  35.05
  2000          46      0.00270  0.00269  0.50   96366     259   96236  3288826  34.13
  2000          47      0.00264  0.00264  0.50   96106     254   95979  3192590  33.22
  2000          48      0.00300  0.00299  0.50   95853     287   95709  3096610  32.31
  2000          49      0.00353  0.00352  0.50   95566     336   95397  3000901  31.40
  2000          50      0.00398  0.00398  0.50   95229     379   95040  2905504  30.51
  2000          51      0.00436  0.00435  0.50   94851     413   94644  2810464  29.63
  2000          52      0.00502  0.00500  0.50   94438     473   94202  2715820  28.76
  2000          53      0.00517  0.00516  0.50   93965     485   93723  2621618  27.90
  2000          54      0.00581  0.00579  0.50   93480     542   93210  2527895  27.04
  2000          55      0.00556  0.00555  0.50   92939     516   92681  2434686  26.20
  2000          56      0.00635  0.00633  0.50   92423     585   92131  2342005  25.34
  2000          57      0.00697  0.00694  0.50   91839     638   91520  2249874  24.50
  2000          58      0.00736  0.00733  0.50   91201     668   90867  2158354  23.67
  2000          59      0.00769  0.00766  0.50   90533     693   90186  2067487  22.84
  2000          60      0.00844  0.00840  0.50   89839     755   89462  1977301  22.01
  2000          61      0.00902  0.00898  0.50   89084     800   88684  1887840  21.19
  2000          62      0.00942  0.00938  0.50   88284     828   87870  1799156  20.38
  2000          63      0.01080  0.01074  0.50   87456     940   86987  1711285  19.57
  2000          64      0.01221  0.01214  0.50   86517    1050   85992  1624298  18.77
  2000          65      0.01317  0.01308  0.50   85467    1118   84908  1538307  18.00
  2000          66      0.01398  0.01389  0.50   84349    1171   83763  1453399  17.23
  2000          67      0.01568  0.01556  0.50   83177    1294   82530  1369636  16.47
  2000          68      0.01731  0.01716  0.50   81883    1405   81181  1287106  15.72
  2000          69      0.01987  0.01968  0.50   80478    1584   79686  1205925  14.98
  2000          70      0.02098  0.02077  0.50   78895    1638   78075  1126238  14.28
  2000          71      0.02469  0.02439  0.50   77256    1884   76314  1048163  13.57
  2000          72      0.02586  0.02553  0.50   75372    1924   74410   971849  12.89
  2000          73      0.02720  0.02683  0.50   73448    1971   72462   897439  12.22
  2000          74      0.03105  0.03058  0.50   71477    2186   70384   824977  11.54
  2000          75      0.03637  0.03572  0.50   69291    2475   68054   754593  10.89
  2000          76      0.03764  0.03694  0.50   66816    2468   65582   686539  10.28
  2000          77      0.04417  0.04321  0.50   64348    2781   62957   620958   9.65
  2000          78      0.04784  0.04672  0.50   61567    2877   60129   558000   9.06
  2000          79      0.05189  0.05058  0.50   58690    2969   57206   497871   8.48
  2000          80      0.06275  0.06084  0.50   55722    3390   54027   440665   7.91
  2000          81      0.06665  0.06450  0.50   52332    3375   50644   386639   7.39
  2000          82      0.07822  0.07527  0.50   48956    3685   47114   335995   6.86
  2000          83      0.08830  0.08457  0.50   45271    3828   43357   288881   6.38
  2000          84      0.09969  0.09496  0.50   41443    3935   39475   245524   5.92
  2000          85      0.11587  0.10953  0.50   37507    4108   35453   206049   5.49
  2000          86      0.12324  0.11609  0.50   33399    3877   31461   170596   5.11
  2000          87      0.14440  0.13468  0.50   29522    3976   27534   139135   4.71
  2000          88      0.15666  0.14528  0.50   25546    3711   23690   111601   4.37
  2000          89      0.18072  0.16574  0.50   21835    3619   20025    87911   4.03
  2000          90      0.20133  0.18291  0.50   18216    3332   16550    67886   3.73
  2000          91      0.22477  0.20206  0.50   14884    3007   13380    51336   3.45
  2000          92      0.25263  0.22430  0.50   11876    2664   10544    37956   3.20
  2000          93      0.27871  0.24462  0.50    9213    2254    8086    27411   2.98
  2000          94      0.30070  0.26140  0.50    6959    1819    6049    19325   2.78
  2000          95      0.33013  0.28336  0.50    5140    1456    4412    13276   2.58
  2000          96      0.36125  0.30598  0.50    3683    1127    3120     8864   2.41
  2000          97      0.39369  0.32894  0.50    2556     841    2136     5744   2.25
  2000          98      0.42719  0.35201  0.50    1716     604    1414     3608   2.10
  2000          99      0.46149  0.37497  0.50    1112     417     903     2195   1.97
  2000         100      0.49625  0.39760  0.50     695     276     557     1292   1.86
  2000         101      0.53115  0.41969  0.50     419     176     331      735   1.76
  2000         102      0.56583  0.44105  0.50     243     107     189      404   1.66
  2000         103      0.59997  0.46152  0.50     136      63     104      215   1.58
  2000         104      0.63323  0.48095  0.50      73      35      56      110   1.51
  2000         105      0.66534  0.49925  0.50      38      19      28       55   1.45
  2000         106      0.69604  0.51634  0.50      19      10      14       26   1.39
  2000         107      0.72514  0.53219  0.50       9       5       7       12   1.34
  2000         108      0.75249  0.54677  0.50       4       2       3        6   1.30
  2000         109      0.77798  0.56011  0.50       2       1       1        2   1.27
  2000         110+     0.80157  1.00000  1.25       1       1       1        1   1.25
  2001           0      0.00478  0.00476  0.14  100000     476   99590  7871759  78.72
  2001           1      0.00033  0.00033  0.50   99524      33   99508  7772168  78.09
  2001           2      0.00027  0.00027  0.50   99492      27   99478  7672660  77.12
  2001           3      0.00020  0.00020  0.50   99464      20   99454  7573182  76.14
  2001           4      0.00012  0.00012  0.50   99444      12   99438  7473728  75.15
  2001           5      0.00009  0.00009  0.50   99432       9   99427  7374290  74.16
  2001           6      0.00010  0.00010  0.50   99423      10   99418  7274863  73.17
  2001           7      0.00012  0.00012  0.50   99413      12   99407  7175445  72.18
  2001           8      0.00008  0.00008  0.50   99402       8   99397  7076037  71.19
  2001           9      0.00009  0.00009  0.50   99393       9   99389  6976640  70.19
  2001          10      0.00008  0.00008  0.50   99384       8   99380  6877251  69.20
  2001          11      0.00015  0.00015  0.50   99376      15   99369  6777871  68.20
  2001          12      0.00007  0.00007  0.50   99361       7   99358  6678502  67.21
  2001          13      0.00017  0.00017  0.50   99354      17   99346  6579145  66.22
  2001          14      0.00014  0.00014  0.50   99337      14   99330  6479799  65.23
  2001          15      0.00036  0.00036  0.50   99323      36   99305  6380469  64.24
  2001          16      0.00030  0.00030  0.50   99287      30   99272  6281163  63.26
  2001          17      0.00059  0.00059  0.50   99257      59   99228  6181891  62.28
  2001          18      0.00079  0.00079  0.50   99198      79   99159  6082663  61.32
  2001          19      0.00066  0.00066  0.50   99119      65   99087  5983505  60.37
  2001          20      0.00062  0.00062  0.50   99054      62   99023  5884418  59.41
  2001          21      0.00068  0.00068  0.50   98993      67   98959  5785394  58.44
  2001          22      0.00066  0.00066  0.50   98926      66   98893  5686435  57.48
  2001          23      0.00062  0.00062  0.50   98860      62   98829  5587542  56.52
  2001          24      0.00053  0.00053  0.50   98798      52   98772  5488713  55.55
  2001          25      0.00059  0.00059  0.50   98746      58   98717  5389941  54.58
  2001          26      0.00059  0.00059  0.50   98688      58   98659  5291225  53.62
  2001          27      0.00064  0.00064  0.50   98630      63   98598  5192566  52.65
  2001          28      0.00055  0.00055  0.50   98567      54   98540  5093968  51.68
  2001          29      0.00065  0.00065  0.50   98512      64   98480  4995428  50.71
  2001          30      0.00062  0.00062  0.50   98448      61   98418  4896948  49.74
  2001          31      0.00066  0.00066  0.50   98387      65   98355  4798531  48.77
  2001          32      0.00067  0.00067  0.50   98322      66   98289  4700176  47.80
  2001          33      0.00073  0.00073  0.50   98256      71   98221  4601887  46.84
  2001          34      0.00086  0.00086  0.50   98185      84   98143  4503666  45.87
  2001          35      0.00093  0.00093  0.50   98101      91   98055  4405523  44.91
  2001          36      0.00085  0.00085  0.50   98010      83   97968  4307468  43.95
  2001          37      0.00099  0.00099  0.50   97927      97   97878  4209500  42.99
  2001          38      0.00104  0.00104  0.50   97830     102   97779  4111622  42.03
  2001          39      0.00121  0.00121  0.50   97728     118   97669  4013843  41.07
  2001          40      0.00133  0.00133  0.50   97610     130   97546  3916174  40.12
  2001          41      0.00150  0.00150  0.50   97481     147   97407  3818628  39.17
  2001          42      0.00162  0.00162  0.50   97334     158   97255  3721221  38.23
  2001          43      0.00198  0.00198  0.50   97176     193   97080  3623966  37.29
  2001          44      0.00212  0.00212  0.50   96984     205   96881  3526886  36.37
  2001          45      0.00219  0.00219  0.50   96778     212   96672  3430005  35.44
  2001          46      0.00275  0.00275  0.50   96566     265   96434  3333332  34.52
  2001          47      0.00278  0.00278  0.50   96301     268   96167  3236899  33.61
  2001          48      0.00332  0.00332  0.50   96033     318   95874  3140731  32.70
  2001          49      0.00309  0.00309  0.50   95715     296   95567  3044857  31.81
  2001          50      0.00359  0.00359  0.50   95419     342   95248  2949290  30.91
  2001          51      0.00410  0.00409  0.50   95077     389   94883  2854042  30.02
  2001          52      0.00443  0.00442  0.50   94688     419   94479  2759159  29.14
  2001          53      0.00482  0.00481  0.50   94269     454   94043  2664680  28.27
  2001          54      0.00562  0.00560  0.50   93816     526   93553  2570638  27.40
  2001          55      0.00603  0.00601  0.50   93290     561   93009  2477085  26.55
  2001          56      0.00598  0.00596  0.50   92729     553   92453  2384076  25.71
  2001          57      0.00707  0.00705  0.50   92176     650   91851  2291623  24.86
  2001          58      0.00746  0.00743  0.50   91527     680   91187  2199772  24.03
  2001          59      0.00714  0.00712  0.50   90846     646   90523  2108585  23.21
  2001          60      0.00830  0.00827  0.50   90200     746   89827  2018062  22.37
  2001          61      0.00843  0.00839  0.50   89455     751   89079  1928234  21.56
  2001          62      0.00905  0.00901  0.50   88704     799   88304  1839155  20.73
  2001          63      0.00967  0.00962  0.50   87905     846   87482  1750851  19.92
  2001          64      0.01169  0.01163  0.50   87059    1012   86552  1663370  19.11
  2001          65      0.01216  0.01209  0.50   86046    1040   85526  1576817  18.33
  2001          66      0.01395  0.01386  0.50   85006    1178   84417  1491291  17.54
  2001          67      0.01511  0.01500  0.50   83828    1257   83200  1406874  16.78
  2001          68      0.01660  0.01647  0.50   82571    1360   81891  1323674  16.03
  2001          69      0.01938  0.01919  0.50   81212    1558   80432  1241783  15.29
  2001          70      0.01995  0.01975  0.50   79653    1573   78867  1161350  14.58
  2001          71      0.02257  0.02232  0.50   78080    1743   77209  1082484  13.86
  2001          72      0.02521  0.02490  0.50   76337    1901   75387  1005275  13.17
  2001          73      0.02815  0.02776  0.50   74437    2067   73403   929888  12.49
  2001          74      0.02881  0.02840  0.50   72370    2055   71343   856485  11.83
  2001          75      0.03126  0.03078  0.50   70315    2164   69233   785142  11.17
  2001          76      0.03617  0.03553  0.50   68151    2421   66940   715909  10.50
  2001          77      0.04130  0.04046  0.50   65730    2659   64400   648969   9.87
  2001          78      0.04593  0.04490  0.50   63070    2832   61654   584569   9.27
  2001          79      0.05115  0.04988  0.50   60238    3004   58736   522914   8.68
  2001          80      0.05697  0.05539  0.50   57234    3170   55649   464178   8.11
  2001          81      0.06651  0.06437  0.50   54064    3480   52323   408530   7.56
  2001          82      0.07358  0.07097  0.50   50583    3590   48788   356206   7.04
  2001          83      0.08328  0.07995  0.50   46993    3757   45115   307418   6.54
  2001          84      0.09701  0.09252  0.50   43236    4000   41236   262303   6.07
  2001          85      0.11153  0.10564  0.50   39236    4145   37163   221068   5.63
  2001          86      0.12439  0.11711  0.50   35091    4109   33036   183904   5.24
  2001          87      0.13419  0.12575  0.50   30981    3896   29033   150868   4.87
  2001          88      0.15156  0.14088  0.50   27085    3816   25178   121835   4.50
  2001          89      0.16752  0.15458  0.50   23270    3597   21471    96657   4.15
  2001          90      0.19524  0.17787  0.50   19673    3499   17923    75186   3.82
  2001          91      0.21394  0.19327  0.50   16173    3126   14611    57263   3.54
  2001          92      0.23918  0.21363  0.50   13048    2787   11654    42652   3.27
  2001          93      0.27287  0.24011  0.50   10260    2464    9028    30998   3.02
  2001          94      0.29588  0.25775  0.50    7797    2010    6792    21970   2.82
  2001          95      0.32280  0.27794  0.50    5787    1608    4983    15178   2.62
  2001          96      0.35414  0.30087  0.50    4179    1257    3550    10195   2.44
  2001          97      0.38690  0.32419  0.50    2921     947    2448     6645   2.27
  2001          98      0.42085  0.34768  0.50    1974     686    1631     4197   2.13
  2001          99      0.45567  0.37112  0.50    1288     478    1049     2566   1.99
  2001         100      0.49105  0.39425  0.50     810     319     650     1517   1.87
  2001         101      0.52663  0.41686  0.50     491     205     388      867   1.77
  2001         102      0.56204  0.43875  0.50     286     126     223      478   1.67
  2001         103      0.59693  0.45972  0.50     161      74     124      255   1.59
  2001         104      0.63095  0.47963  0.50      87      42      66      131   1.51
  2001         105      0.66378  0.49838  0.50      45      22      34       65   1.45
  2001         106      0.69518  0.51587  0.50      23      12      17       32   1.39
  2001         107      0.72491  0.53206  0.50      11       6       8       15   1.34
  2001         108      0.75282  0.54695  0.50       5       3       4        7   1.30
  2001         109      0.77881  0.56054  0.50       2       1       2        3   1.27
  2001         110+     0.80281  1.00000  1.25       1       1       1        1   1.25
  2002           0      0.00420  0.00419  0.14  100000     419   99640  7884798  78.85
  2002           1      0.00041  0.00041  0.50   99581      41   99561  7785158  78.18
  2002           2      0.00013  0.00013  0.50   99540      12   99534  7685597  77.21
  2002           3      0.00012  0.00012  0.50   99528      12   99522  7586063  76.22
  2002           4      0.00013  0.00013  0.50   99515      13   99509  7486542  75.23
  2002           5      0.00012  0.00012  0.50   99502      12   99496  7387033  74.24
  2002           6      0.00009  0.00009  0.50   99490       9   99486  7287536  73.25
  2002           7      0.00007  0.00007  0.50   99481       7   99478  7188051  72.26
  2002           8      0.00012  0.00012  0.50   99475      12   99469  7088573  71.26
  2002           9      0.00011  0.00011  0.50   99463      11   99458  6989104  70.27
  2002          10      0.00013  0.00013  0.50   99452      13   99445  6889646  69.28
  2002          11      0.00007  0.00007  0.50   99439       7   99435  6790201  68.29
  2002          12      0.00014  0.00014  0.50   99432      14   99425  6690765  67.29
  2002          13      0.00011  0.00011  0.50   99418      11   99412  6591340  66.30
  2002          14      0.00016  0.00016  0.50   99407      16   99399  6491928  65.31
  2002          15      0.00028  0.00028  0.50   99391      28   99377  6392529  64.32
  2002          16      0.00041  0.00041  0.50   99363      41   99343  6293152  63.33
  2002          17      0.00055  0.00055  0.50   99322      55   99295  6193809  62.36
  2002          18      0.00065  0.00065  0.50   99268      65   99235  6094514  61.39
  2002          19      0.00067  0.00067  0.50   99203      67   99170  5995278  60.43
  2002          20      0.00060  0.00060  0.50   99136      59   99107  5896109  59.47
  2002          21      0.00063  0.00063  0.50   99077      63   99046  5797002  58.51
  2002          22      0.00068  0.00068  0.50   99014      67   98981  5697956  57.55
  2002          23      0.00063  0.00063  0.50   98947      62   98916  5598976  56.59
  2002          24      0.00058  0.00058  0.50   98885      57   98856  5500059  55.62
  2002          25      0.00070  0.00070  0.50   98828      69   98793  5401203  54.65
  2002          26      0.00055  0.00055  0.50   98759      54   98732  5302410  53.69
  2002          27      0.00067  0.00067  0.50   98704      66   98671  5203678  52.72
  2002          28      0.00065  0.00065  0.50   98638      64   98606  5105007  51.75
  2002          29      0.00057  0.00057  0.50   98574      56   98546  5006401  50.79
  2002          30      0.00059  0.00059  0.50   98518      58   98489  4907855  49.82
  2002          31      0.00051  0.00051  0.50   98460      50   98434  4809367  48.85
  2002          32      0.00060  0.00060  0.50   98409      59   98380  4710932  47.87
  2002          33      0.00075  0.00075  0.50   98350      74   98313  4612553  46.90
  2002          34      0.00079  0.00079  0.50   98277      78   98238  4514239  45.93
  2002          35      0.00087  0.00087  0.50   98199      85   98156  4416002  44.97
  2002          36      0.00071  0.00071  0.50   98113      70   98078  4317846  44.01
  2002          37      0.00089  0.00088  0.50   98043      87   98000  4219767  43.04
  2002          38      0.00122  0.00122  0.50   97957     119   97897  4121767  42.08
  2002          39      0.00124  0.00124  0.50   97837     121   97777  4023870  41.13
  2002          40      0.00151  0.00151  0.50   97716     147   97642  3926094  40.18
  2002          41      0.00150  0.00150  0.50   97569     146   97496  3828451  39.24
  2002          42      0.00153  0.00153  0.50   97422     149   97348  3730956  38.30
  2002          43      0.00173  0.00173  0.50   97273     168   97189  3633608  37.35
  2002          44      0.00210  0.00210  0.50   97105     204   97003  3536419  36.42
  2002          45      0.00206  0.00206  0.50   96902     200   96802  3439416  35.49
  2002          46      0.00233  0.00232  0.50   96702     225   96590  3342614  34.57
  2002          47      0.00285  0.00285  0.50   96477     275   96340  3246024  33.65
  2002          48      0.00293  0.00293  0.50   96202     282   96061  3149685  32.74
  2002          49      0.00303  0.00303  0.50   95920     290   95775  3053623  31.83
  2002          50      0.00346  0.00346  0.50   95630     331   95465  2957848  30.93
  2002          51      0.00407  0.00406  0.50   95299     387   95106  2862383  30.04
  2002          52      0.00446  0.00445  0.50   94912     422   94701  2767277  29.16
  2002          53      0.00490  0.00488  0.50   94490     462   94260  2672576  28.28
  2002          54      0.00530  0.00529  0.50   94029     497   93780  2578316  27.42
  2002          55      0.00553  0.00551  0.50   93532     516   93274  2484536  26.56
  2002          56      0.00621  0.00619  0.50   93016     576   92728  2391263  25.71
  2002          57      0.00640  0.00638  0.50   92440     590   92145  2298535  24.87
  2002          58      0.00745  0.00743  0.50   91850     682   91509  2206389  24.02
  2002          59      0.00768  0.00765  0.50   91168     698   90819  2114880  23.20
  2002          60      0.00715  0.00712  0.50   90470     644   90148  2024061  22.37
  2002          61      0.00866  0.00862  0.50   89826     775   89439  1933913  21.53
  2002          62      0.00901  0.00897  0.50   89052     799   88652  1844474  20.71
  2002          63      0.00970  0.00965  0.50   88253     852   87827  1755822  19.90
  2002          64      0.01131  0.01124  0.50   87401     983   86910  1667995  19.08
  2002          65      0.01243  0.01235  0.50   86418    1068   85885  1581085  18.30
  2002          66      0.01354  0.01345  0.50   85351    1148   84777  1495201  17.52
  2002          67      0.01488  0.01477  0.50   84203    1244   83581  1410424  16.75
  2002          68      0.01732  0.01717  0.50   82959    1425   82246  1326844  15.99
  2002          69      0.01675  0.01661  0.50   81534    1355   80857  1244597  15.26
  2002          70      0.02153  0.02131  0.50   80179    1708   79325  1163740  14.51
  2002          71      0.02200  0.02176  0.50   78471    1707   77617  1084415  13.82
  2002          72      0.02459  0.02429  0.50   76764    1865   75831  1006798  13.12
  2002          73      0.02772  0.02734  0.50   74899    2048   73875   930966  12.43
  2002          74      0.02991  0.02947  0.50   72851    2147   71778   857091  11.76
  2002          75      0.03271  0.03218  0.50   70705    2275   69567   785313  11.11
  2002          76      0.03767  0.03698  0.50   68429    2530   67164   715746  10.46
  2002          77      0.04170  0.04085  0.50   65899    2692   64553   648581   9.84
  2002          78      0.04541  0.04440  0.50   63207    2807   61804   584028   9.24
  2002          79      0.05236  0.05102  0.50   60401    3082   58860   522224   8.65
  2002          80      0.05893  0.05724  0.50   57319    3281   55678   463364   8.08
  2002          81      0.06483  0.06279  0.50   54038    3393   52341   407686   7.54
  2002          82      0.07434  0.07168  0.50   50645    3630   48830   355345   7.02
  2002          83      0.08479  0.08134  0.50   47015    3824   45103   306515   6.52
  2002          84      0.09426  0.09001  0.50   43191    3888   41247   261412   6.05
  2002          85      0.10684  0.10142  0.50   39303    3986   37310   220166   5.60
  2002          86      0.12282  0.11572  0.50   35317    4087   33273   182856   5.18
  2002          87      0.13759  0.12874  0.50   31230    4020   29220   149583   4.79
  2002          88      0.15145  0.14078  0.50   27210    3831   25294   120363   4.42
  2002          89      0.18119  0.16614  0.50   23379    3884   21437    95069   4.07
  2002          90      0.19129  0.17459  0.50   19495    3404   17793    73632   3.78
  2002          91      0.22161  0.19950  0.50   16091    3210   14486    55839   3.47
  2002          92      0.24409  0.21754  0.50   12881    2802   11480    41353   3.21
  2002          93      0.27892  0.24478  0.50   10079    2467    8845    29873   2.96
  2002          94      0.30246  0.26272  0.50    7612    2000    6612    21028   2.76
  2002          95      0.33079  0.28384  0.50    5612    1593    4815    14416   2.57
  2002          96      0.36305  0.30727  0.50    4019    1235    3402     9600   2.39
  2002          97      0.39669  0.33103  0.50    2784     922    2323     6199   2.23
  2002          98      0.43145  0.35489  0.50    1862     661    1532     3876   2.08
  2002          99      0.46700  0.37860  0.50    1201     455     974     2344   1.95
  2002         100      0.50299  0.40191  0.50     747     300     597     1370   1.83
  2002         101      0.53904  0.42460  0.50     447     190     352      773   1.73
  2002         102      0.57478  0.44647  0.50     257     115     200      421   1.64
  2002         103      0.60984  0.46734  0.50     142      66     109      222   1.56
  2002         104      0.64388  0.48707  0.50      76      37      57      113   1.49
  2002         105      0.67658  0.50556  0.50      39      20      29       55   1.42
  2002         106      0.70771  0.52274  0.50      19      10      14       26   1.37
  2002         107      0.73705  0.53857  0.50       9       5       7       12   1.32
  2002         108      0.76448  0.55307  0.50       4       2       3        5   1.28
  2002         109      0.78990  0.56626  0.50       2       1       1        2   1.25
  2002         110+     0.81327  1.00000  1.23       1       1       1        1   1.23
  2003           0      0.00444  0.00443  0.14  100000     443   99619  7884770  78.85
  2003           1      0.00047  0.00047  0.50   99557      47   99534  7785151  78.20
  2003           2      0.00024  0.00024  0.50   99510      24   99498  7685617  77.23
  2003           3      0.00030  0.00030  0.50   99486      30   99471  7586119  76.25
  2003           4      0.00012  0.00012  0.50   99456      12   99450  7486648  75.28
  2003           5      0.00011  0.00011  0.50   99444      11   99439  7387197  74.28
  2003           6      0.00015  0.00015  0.50   99434      14   99427  7287758  73.29
  2003           7      0.00008  0.00008  0.50   99419       8   99415  7188332  72.30
  2003           8      0.00005  0.00005  0.50   99412       5   99409  7088916  71.31
  2003           9      0.00006  0.00006  0.50   99406       6   99403  6989507  70.31
  2003          10      0.00007  0.00007  0.50   99400       7   99396  6890104  69.32
  2003          11      0.00007  0.00007  0.50   99393       7   99389  6790708  68.32
  2003          12      0.00009  0.00009  0.50   99386       9   99381  6691318  67.33
  2003          13      0.00022  0.00022  0.50   99377      22   99366  6591937  66.33
  2003          14      0.00021  0.00021  0.50   99355      21   99345  6492571  65.35
  2003          15      0.00023  0.00023  0.50   99334      23   99323  6393227  64.36
  2003          16      0.00049  0.00049  0.50   99312      48   99287  6293904  63.38
  2003          17      0.00065  0.00065  0.50   99263      64   99231  6194616  62.41
  2003          18      0.00066  0.00066  0.50   99199      65   99166  6095385  61.45
  2003          19      0.00060  0.00060  0.50   99134      59   99104  5996219  60.49
  2003          20      0.00059  0.00059  0.50   99074      59   99045  5897115  59.52
  2003          21      0.00087  0.00087  0.50   99016      86   98973  5798070  58.56
  2003          22      0.00067  0.00067  0.50   98930      66   98897  5699098  57.61
  2003          23      0.00062  0.00062  0.50   98864      61   98833  5600201  56.65
  2003          24      0.00057  0.00057  0.50   98802      56   98775  5501368  55.68
  2003          25      0.00058  0.00058  0.50   98747      57   98718  5402593  54.71
  2003          26      0.00065  0.00065  0.50   98689      65   98657  5303875  53.74
  2003          27      0.00047  0.00047  0.50   98625      47   98602  5205218  52.78
  2003          28      0.00053  0.00053  0.50   98578      53   98552  5106616  51.80
  2003          29      0.00047  0.00047  0.50   98526      46   98503  5008064  50.83
  2003          30      0.00051  0.00051  0.50   98480      50   98454  4909562  49.85
  2003          31      0.00071  0.00071  0.50   98429      70   98394  4811107  48.88
  2003          32      0.00064  0.00064  0.50   98359      62   98328  4712713  47.91
  2003          33      0.00081  0.00081  0.50   98297      80   98257  4614385  46.94
  2003          34      0.00070  0.00070  0.50   98217      68   98183  4516128  45.98
  2003          35      0.00076  0.00076  0.50   98149      74   98112  4417945  45.01
  2003          36      0.00097  0.00097  0.50   98075      95   98027  4319833  44.05
  2003          37      0.00080  0.00080  0.50   97979      79   97940  4221806  43.09
  2003          38      0.00106  0.00106  0.50   97901     104   97849  4123866  42.12
  2003          39      0.00113  0.00113  0.50   97796     110   97741  4026018  41.17
  2003          40      0.00118  0.00118  0.50   97686     116   97629  3928276  40.21
  2003          41      0.00123  0.00123  0.50   97571     120   97511  3830648  39.26
  2003          42      0.00154  0.00154  0.50   97450     150   97376  3733137  38.31
  2003          43      0.00177  0.00176  0.50   97301     172   97215  3635762  37.37
  2003          44      0.00191  0.00191  0.50   97129     186   97036  3538547  36.43
  2003          45      0.00211  0.00211  0.50   96944     204   96841  3441510  35.50
  2003          46      0.00245  0.00245  0.50   96739     237   96621  3344669  34.57
  2003          47      0.00261  0.00261  0.50   96502     251   96377  3248048  33.66
  2003          48      0.00295  0.00295  0.50   96251     284   96109  3151672  32.74
  2003          49      0.00315  0.00315  0.50   95967     302   95816  3055563  31.84
  2003          50      0.00352  0.00352  0.50   95665     336   95497  2959747  30.94
  2003          51      0.00369  0.00368  0.50   95328     351   95153  2864250  30.05
  2003          52      0.00415  0.00414  0.50   94977     393   94781  2769097  29.16
  2003          53      0.00454  0.00453  0.50   94584     428   94370  2674316  28.27
  2003          54      0.00522  0.00521  0.50   94156     490   93911  2579946  27.40
  2003          55      0.00529  0.00528  0.50   93666     495   93419  2486035  26.54
  2003          56      0.00595  0.00593  0.50   93171     553   92895  2392617  25.68
  2003          57      0.00687  0.00685  0.50   92619     635   92301  2299722  24.83
  2003          58      0.00783  0.00780  0.50   91984     718   91625  2207420  24.00
  2003          59      0.00732  0.00729  0.50   91266     665   90934  2115795  23.18
  2003          60      0.00887  0.00883  0.50   90601     800   90201  2024861  22.35
  2003          61      0.00945  0.00940  0.50   89801     845   89379  1934660  21.54
  2003          62      0.00918  0.00914  0.50   88956     813   88550  1845281  20.74
  2003          63      0.01038  0.01033  0.50   88143     911   87688  1756732  19.93
  2003          64      0.01069  0.01063  0.50   87233     928   86769  1669044  19.13
  2003          65      0.01196  0.01188  0.50   86305    1026   85792  1582275  18.33
  2003          66      0.01289  0.01281  0.50   85279    1092   84733  1496483  17.55
  2003          67      0.01464  0.01453  0.50   84187    1223   83576  1411749  16.77
  2003          68      0.01594  0.01582  0.50   82964    1312   82308  1328174  16.01
  2003          69      0.01760  0.01745  0.50   81651    1425   80939  1245866  15.26
  2003          70      0.01944  0.01926  0.50   80227    1545   79454  1164927  14.52
  2003          71      0.02202  0.02178  0.50   78682    1713   77825  1085473  13.80
  2003          72      0.02471  0.02441  0.50   76969    1879   76029  1007647  13.09
  2003          73      0.02815  0.02776  0.50   75090    2085   74048   931618  12.41
  2003          74      0.03013  0.02968  0.50   73005    2167   71922   857570  11.75
  2003          75      0.03312  0.03258  0.50   70838    2308   69684   785648  11.09
  2003          76      0.03759  0.03689  0.50   68531    2528   67266   715964  10.45
  2003          77      0.04088  0.04006  0.50   66002    2644   64680   648698   9.83
  2003          78      0.04597  0.04494  0.50   63358    2847   61934   584018   9.22
  2003          79      0.04895  0.04778  0.50   60511    2891   59065   522083   8.63
  2003          80      0.05847  0.05681  0.50   57619    3273   55983   463018   8.04
  2003          81      0.06656  0.06442  0.50   54346    3501   52596   407036   7.49
  2003          82      0.07541  0.07267  0.50   50845    3695   48998   354440   6.97
  2003          83      0.08415  0.08075  0.50   47150    3808   45247   305442   6.48
  2003          84      0.09235  0.08828  0.50   43343    3826   41430   260195   6.00
  2003          85      0.11457  0.10837  0.50   39517    4282   37376   218765   5.54
  2003          86      0.12575  0.11832  0.50   35234    4169   33150   181390   5.15
  2003          87      0.14108  0.13179  0.50   31066    4094   29019   148240   4.77
  2003          88      0.15661  0.14524  0.50   26972    3917   25013   119221   4.42
  2003          89      0.17670  0.16235  0.50   23054    3743   21183    94208   4.09
  2003          90      0.19906  0.18104  0.50   19311    3496   17563    73026   3.78
  2003          91      0.22000  0.19820  0.50   15815    3134   14248    55462   3.51
  2003          92      0.24065  0.21480  0.50   12681    2724   11319    41214   3.25
  2003          93      0.25930  0.22954  0.50    9957    2285    8814    29896   3.00
  2003          94      0.30727  0.26635  0.50    7671    2043    6650    21082   2.75
  2003          95      0.33155  0.28441  0.50    5628    1601    4828    14432   2.56
  2003          96      0.36383  0.30783  0.50    4027    1240    3408     9604   2.38
  2003          97      0.39750  0.33160  0.50    2788     924    2325     6197   2.22
  2003          98      0.43229  0.35546  0.50    1863     662    1532     3871   2.08
  2003          99      0.46786  0.37916  0.50    1201     455     973     2339   1.95
  2003         100      0.50387  0.40247  0.50     746     300     596     1366   1.83
  2003         101      0.53994  0.42516  0.50     446     189     351      770   1.73
  2003         102      0.57569  0.44702  0.50     256     114     199      419   1.64
  2003         103      0.61075  0.46787  0.50     142      66     108      220   1.56
  2003         104      0.64478  0.48759  0.50      75      37      57      112   1.49
  2003         105      0.67747  0.50605  0.50      39      20      29       55   1.42
  2003         106      0.70858  0.52321  0.50      19      10      14       26   1.37
  2003         107      0.73790  0.53902  0.50       9       5       7       12   1.32
  2003         108      0.76529  0.55350  0.50       4       2       3        5   1.28
  2003         109      0.79067  0.56665  0.50       2       1       1        2   1.25
  2003         110+     0.81401  1.00000  1.23       1       1       1        1   1.23
  2004           0      0.00457  0.00455  0.14  100000     455   99609  7936072  79.36
  2004           1      0.00021  0.00021  0.50   99545      21   99535  7836463  78.72
  2004           2      0.00015  0.00015  0.50   99524      15   99516  7736928  77.74
  2004           3      0.00011  0.00011  0.50   99509      11   99503  7637412  76.75
  2004           4      0.00015  0.00015  0.50   99497      15   99490  7537909  75.76
  2004           5      0.00017  0.00017  0.50   99483      17   99474  7438419  74.77
  2004           6      0.00012  0.00012  0.50   99466      12   99460  7338945  73.78
  2004           7      0.00009  0.00009  0.50   99454       9   99450  7239485  72.79
  2004           8      0.00012  0.00012  0.50   99445      12   99439  7140035  71.80
  2004           9      0.00014  0.00014  0.50   99433      14   99426  7040596  70.81
  2004          10      0.00011  0.00011  0.50   99419      11   99414  6941169  69.82
  2004          11      0.00009  0.00009  0.50   99408       9   99403  6841756  68.83
  2004          12      0.00011  0.00011  0.50   99399      11   99393  6742352  67.83
  2004          13      0.00013  0.00013  0.50   99388      13   99381  6642959  66.84
  2004          14      0.00018  0.00018  0.50   99375      17   99366  6543578  65.85
  2004          15      0.00028  0.00028  0.50   99357      28   99343  6444212  64.86
  2004          16      0.00037  0.00037  0.50   99330      37   99311  6344868  63.88
  2004          17      0.00058  0.00058  0.50   99293      58   99264  6245557  62.90
  2004          18      0.00088  0.00088  0.50   99235      87   99191  6146293  61.94
  2004          19      0.00075  0.00075  0.50   99147      74   99110  6047103  60.99
  2004          20      0.00058  0.00058  0.50   99073      57   99045  5947992  60.04
  2004          21      0.00063  0.00063  0.50   99016      62   98985  5848948  59.07
  2004          22      0.00060  0.00060  0.50   98954      60   98924  5749962  58.11
  2004          23      0.00056  0.00056  0.50   98894      55   98867  5651038  57.14
  2004          24      0.00084  0.00084  0.50   98839      83   98797  5552172  56.17
  2004          25      0.00057  0.00057  0.50   98756      57   98727  5453374  55.22
  2004          26      0.00059  0.00059  0.50   98699      58   98670  5354647  54.25
  2004          27      0.00062  0.00062  0.50   98641      61   98610  5255976  53.28
  2004          28      0.00059  0.00059  0.50   98580      58   98551  5157366  52.32
  2004          29      0.00052  0.00052  0.50   98521      51   98496  5058815  51.35
  2004          30      0.00049  0.00049  0.50   98471      48   98446  4960319  50.37
  2004          31      0.00064  0.00064  0.50   98422      63   98391  4861873  49.40
  2004          32      0.00065  0.00065  0.50   98360      64   98327  4763482  48.43
  2004          33      0.00052  0.00052  0.50   98295      51   98270  4665154  47.46
  2004          34      0.00069  0.00068  0.50   98244      67   98211  4566885  46.49
  2004          35      0.00086  0.00086  0.50   98177      84   98135  4468674  45.52
  2004          36      0.00082  0.00082  0.50   98093      81   98052  4370539  44.56
  2004          37      0.00084  0.00084  0.50   98012      83   97971  4272487  43.59
  2004          38      0.00101  0.00101  0.50   97929      98   97880  4174516  42.63
  2004          39      0.00099  0.00099  0.50   97831      96   97783  4076636  41.67
  2004          40      0.00115  0.00115  0.50   97735     113   97678  3978853  40.71
  2004          41      0.00119  0.00119  0.50   97622     116   97564  3881175  39.76
  2004          42      0.00133  0.00132  0.50   97506     129   97441  3783611  38.80
  2004          43      0.00144  0.00144  0.50   97377     140   97307  3686170  37.85
  2004          44      0.00174  0.00174  0.50   97237     169   97152  3588863  36.91
  2004          45      0.00193  0.00193  0.50   97068     187   96974  3491711  35.97
  2004          46      0.00238  0.00238  0.50   96881     231   96765  3394737  35.04
  2004          47      0.00240  0.00240  0.50   96650     232   96534  3297971  34.12
  2004          48      0.00279  0.00278  0.50   96418     268   96284  3201437  33.20
  2004          49      0.00295  0.00295  0.50   96150     283   96008  3105153  32.29
  2004          50      0.00323  0.00322  0.50   95867     309   95712  3009145  31.39
  2004          51      0.00354  0.00353  0.50   95558     338   95389  2913433  30.49
  2004          52      0.00391  0.00390  0.50   95220     372   95034  2818043  29.60
  2004          53      0.00440  0.00439  0.50   94849     416   94641  2723009  28.71
  2004          54      0.00539  0.00537  0.50   94433     507   94179  2628369  27.83
  2004          55      0.00557  0.00556  0.50   93925     522   93664  2534190  26.98
  2004          56      0.00646  0.00644  0.50   93403     601   93103  2440525  26.13
  2004          57      0.00628  0.00626  0.50   92802     581   92511  2347423  25.29
  2004          58      0.00715  0.00713  0.50   92221     657   91892  2254911  24.45
  2004          59      0.00730  0.00728  0.50   91564     666   91230  2163019  23.62
  2004          60      0.00844  0.00840  0.50   90897     764   90515  2071789  22.79
  2004          61      0.00862  0.00858  0.50   90134     773   89747  1981273  21.98
  2004          62      0.00940  0.00936  0.50   89360     836   88942  1891526  21.17
  2004          63      0.01020  0.01014  0.50   88524     898   88075  1802584  20.36
  2004          64      0.01049  0.01044  0.50   87626     914   87169  1714509  19.57
  2004          65      0.01154  0.01147  0.50   86712     995   86214  1627341  18.77
  2004          66      0.01349  0.01340  0.50   85717    1149   85142  1541127  17.98
  2004          67      0.01407  0.01397  0.50   84568    1182   83977  1455984  17.22
  2004          68      0.01466  0.01455  0.50   83386    1214   82779  1372008  16.45
  2004          69      0.01647  0.01633  0.50   82172    1342   81501  1289228  15.69
  2004          70      0.01790  0.01774  0.50   80830    1434   80113  1207727  14.94
  2004          71      0.01988  0.01969  0.50   79396    1563   78615  1127614  14.20
  2004          72      0.02365  0.02338  0.50   77833    1819   76924  1048999  13.48
  2004          73      0.02596  0.02563  0.50   76014    1948   75040   972075  12.79
  2004          74      0.02787  0.02749  0.50   74066    2036   73048   897035  12.11
  2004          75      0.03133  0.03085  0.50   72030    2222   70919   823988  11.44
  2004          76      0.03570  0.03507  0.50   69808    2448   68583   753069  10.79
  2004          77      0.03835  0.03763  0.50   67359    2535   66092   684486  10.16
  2004          78      0.04287  0.04197  0.50   64825    2721   63464   618394   9.54
  2004          79      0.04539  0.04438  0.50   62104    2756   60726   554929   8.94
  2004          80      0.05622  0.05469  0.50   59348    3245   57725   494204   8.33
  2004          81      0.06055  0.05877  0.50   56102    3297   54454   436479   7.78
  2004          82      0.07188  0.06939  0.50   52805    3664   50973   382025   7.23
  2004          83      0.07812  0.07519  0.50   49141    3695   47293   331052   6.74
  2004          84      0.09198  0.08794  0.50   45446    3996   43448   283759   6.24
  2004          85      0.10113  0.09627  0.50   41450    3990   39455   240311   5.80
  2004          86      0.12079  0.11391  0.50   37460    4267   35326   200856   5.36
  2004          87      0.12890  0.12110  0.50   33193    4019   31183   165530   4.99
  2004          88      0.14971  0.13928  0.50   29173    4063   27141   134348   4.61
  2004          89      0.16181  0.14970  0.50   25110    3759   23230   107206   4.27
  2004          90      0.18755  0.17147  0.50   21351    3661   19520    83976   3.93
  2004          91      0.20782  0.18825  0.50   17690    3330   16025    64456   3.64
  2004          92      0.22629  0.20329  0.50   14360    2919   12900    48431   3.37
  2004          93      0.27513  0.24186  0.50   11440    2767   10057    35531   3.11
  2004          94      0.27136  0.23894  0.50    8673    2072    7637    25474   2.94
  2004          95      0.31078  0.26899  0.50    6601    1776    5713    17837   2.70
  2004          96      0.34138  0.29161  0.50    4825    1407    4122    12124   2.51
  2004          97      0.37345  0.31469  0.50    3418    1076    2880     8002   2.34
  2004          98      0.40677  0.33802  0.50    2343     792    1947     5122   2.19
  2004          99      0.44107  0.36137  0.50    1551     560    1271     3175   2.05
  2004         100      0.47603  0.38451  0.50     990     381     800     1904   1.92
  2004         101      0.51132  0.40721  0.50     610     248     485     1104   1.81
  2004         102      0.54658  0.42926  0.50     361     155     284      619   1.71
  2004         103      0.58145  0.45049  0.50     206      93     160      335   1.63
  2004         104      0.61561  0.47072  0.50     113      53      87      175   1.55
  2004         105      0.64872  0.48984  0.50      60      29      45       89   1.48
  2004         106      0.68052  0.50775  0.50      31      16      23       43   1.42
  2004         107      0.71078  0.52441  0.50      15       8      11       21   1.37
  2004         108      0.73931  0.53978  0.50       7       4       5        9   1.32
  2004         109      0.76600  0.55387  0.50       3       2       2        4   1.29
  2004         110+     0.79076  1.00000  1.26       1       1       2        2   1.26
  2005           0      0.00416  0.00415  0.14  100000     415   99643  7952219  79.52
  2005           1      0.00035  0.00035  0.50   99585      35   99568  7852576  78.85
  2005           2      0.00025  0.00025  0.50   99550      25   99538  7753008  77.88
  2005           3      0.00018  0.00018  0.50   99525      18   99516  7653471  76.90
  2005           4      0.00007  0.00007  0.50   99508       7   99504  7553954  75.91
  2005           5      0.00015  0.00015  0.50   99500      15   99493  7454450  74.92
  2005           6      0.00012  0.00012  0.50   99486      12   99480  7354957  73.93
  2005           7      0.00017  0.00017  0.50   99474      17   99465  7255478  72.94
  2005           8      0.00011  0.00011  0.50   99456      11   99451  7156013  71.95
  2005           9      0.00010  0.00010  0.50   99445      10   99440  7056562  70.96
  2005          10      0.00013  0.00013  0.50   99435      13   99429  6957122  69.97
  2005          11      0.00008  0.00008  0.50   99423       8   99419  6857693  68.98
  2005          12      0.00007  0.00007  0.50   99414       7   99411  6758274  67.98
  2005          13      0.00012  0.00012  0.50   99407      12   99401  6658863  66.99
  2005          14      0.00017  0.00017  0.50   99395      17   99387  6559462  65.99
  2005          15      0.00027  0.00027  0.50   99378      26   99365  6460075  65.00
  2005          16      0.00042  0.00042  0.50   99352      42   99331  6360710  64.02
  2005          17      0.00053  0.00053  0.50   99310      53   99284  6261379  63.05
  2005          18      0.00063  0.00063  0.50   99257      62   99226  6162095  62.08
  2005          19      0.00060  0.00060  0.50   99195      59   99165  6062869  61.12
  2005          20      0.00079  0.00079  0.50   99135      78   99096  5963704  60.16
  2005          21      0.00056  0.00055  0.50   99057      55   99030  5864607  59.20
  2005          22      0.00063  0.00063  0.50   99002      63   98971  5765578  58.24
  2005          23      0.00053  0.00053  0.50   98940      53   98913  5666607  57.27
  2005          24      0.00049  0.00049  0.50   98887      49   98862  5567694  56.30
  2005          25      0.00051  0.00051  0.50   98838      51   98813  5468831  55.33
  2005          26      0.00055  0.00055  0.50   98787      55   98760  5370019  54.36
  2005          27      0.00063  0.00063  0.50   98733      62   98702  5271259  53.39
  2005          28      0.00055  0.00055  0.50   98671      55   98644  5172557  52.42
  2005          29      0.00053  0.00053  0.50   98616      52   98590  5073914  51.45
  2005          30      0.00065  0.00065  0.50   98564      64   98533  4975323  50.48
  2005          31      0.00055  0.00055  0.50   98501      54   98474  4876791  49.51
  2005          32      0.00053  0.00053  0.50   98447      52   98421  4778317  48.54
  2005          33      0.00062  0.00062  0.50   98395      61   98364  4679896  47.56
  2005          34      0.00074  0.00074  0.50   98333      73   98297  4581532  46.59
  2005          35      0.00071  0.00071  0.50   98261      70   98226  4483235  45.63
  2005          36      0.00084  0.00084  0.50   98191      82   98150  4385009  44.66
  2005          37      0.00101  0.00101  0.50   98109      99   98059  4286859  43.70
  2005          38      0.00083  0.00083  0.50   98009      82   97969  4188800  42.74
  2005          39      0.00118  0.00118  0.50   97928     115   97870  4090831  41.77
  2005          40      0.00099  0.00099  0.50   97812      97   97764  3992961  40.82
  2005          41      0.00117  0.00117  0.50   97716     114   97658  3895197  39.86
  2005          42      0.00141  0.00141  0.50   97601     138   97532  3797539  38.91
  2005          43      0.00148  0.00148  0.50   97464     144   97392  3700007  37.96
  2005          44      0.00173  0.00173  0.50   97319     168   97235  3602615  37.02
  2005          45      0.00195  0.00195  0.50   97151     190   97057  3505380  36.08
  2005          46      0.00222  0.00222  0.50   96962     215   96854  3408323  35.15
  2005          47      0.00236  0.00235  0.50   96747     228   96633  3311469  34.23
  2005          48      0.00254  0.00253  0.50   96519     245   96397  3214836  33.31
  2005          49      0.00279  0.00278  0.50   96274     268   96140  3118440  32.39
  2005          50      0.00328  0.00327  0.50   96006     314   95849  3022299  31.48
  2005          51      0.00374  0.00373  0.50   95692     357   95514  2926450  30.58
  2005          52      0.00395  0.00394  0.50   95335     376   95147  2830937  29.69
  2005          53      0.00410  0.00410  0.50   94959     389   94765  2735789  28.81
  2005          54      0.00497  0.00496  0.50   94571     469   94336  2641024  27.93
  2005          55      0.00559  0.00557  0.50   94101     525   93839  2546688  27.06
  2005          56      0.00604  0.00602  0.50   93577     563   93295  2452849  26.21
  2005          57      0.00686  0.00684  0.50   93014     636   92696  2359554  25.37
  2005          58      0.00699  0.00696  0.50   92377     643   92056  2266859  24.54
  2005          59      0.00745  0.00742  0.50   91734     681   91394  2174803  23.71
  2005          60      0.00882  0.00878  0.50   91054     800   90654  2083409  22.88
  2005          61      0.00839  0.00835  0.50   90254     754   89877  1992755  22.08
  2005          62      0.00916  0.00912  0.50   89500     816   89092  1902878  21.26
  2005          63      0.00993  0.00988  0.50   88684     876   88246  1813785  20.45
  2005          64      0.01001  0.00996  0.50   87808     874   87371  1725539  19.65
  2005          65      0.01146  0.01140  0.50   86934     991   86439  1638168  18.84
  2005          66      0.01245  0.01237  0.50   85944    1063   85412  1551729  18.06
  2005          67      0.01341  0.01332  0.50   84880    1130   84315  1466317  17.28
  2005          68      0.01455  0.01445  0.50   83750    1210   83145  1382002  16.50
  2005          69      0.01631  0.01618  0.50   82540    1336   81872  1298857  15.74
  2005          70      0.01849  0.01832  0.50   81204    1488   80460  1216985  14.99
  2005          71      0.02013  0.01993  0.50   79716    1589   78922  1136525  14.26
  2005          72      0.02186  0.02162  0.50   78128    1689   77283  1057603  13.54
  2005          73      0.02395  0.02366  0.50   76438    1809   75534   980320  12.82
  2005          74      0.02895  0.02854  0.50   74630    2130   73565   904786  12.12
  2005          75      0.03082  0.03035  0.50   72500    2200   71399   831221  11.47
  2005          76      0.03470  0.03411  0.50   70299    2398   69100   759822  10.81
  2005          77      0.03915  0.03840  0.50   67901    2607   66598   690721  10.17
  2005          78      0.04196  0.04110  0.50   65294    2683   63952   624124   9.56
  2005          79      0.04726  0.04617  0.50   62611    2890   61165   560172   8.95
  2005          80      0.05419  0.05276  0.50   59720    3151   58145   499006   8.36
  2005          81      0.06308  0.06115  0.50   56569    3459   54840   440862   7.79
  2005          82      0.07027  0.06789  0.50   53110    3606   51307   386022   7.27
  2005          83      0.08065  0.07752  0.50   49505    3838   47586   334715   6.76
  2005          84      0.08782  0.08413  0.50   45667    3842   43746   287129   6.29
  2005          85      0.09987  0.09512  0.50   41825    3979   39836   243383   5.82
  2005          86      0.11543  0.10913  0.50   37846    4130   35781   203548   5.38
  2005          87      0.13185  0.12370  0.50   33716    4171   31631   167766   4.98
  2005          88      0.14844  0.13819  0.50   29546    4083   27504   136135   4.61
  2005          89      0.16354  0.15118  0.50   25463    3849   23538   108631   4.27
  2005          90      0.18747  0.17140  0.50   21613    3705   19761    85093   3.94
  2005          91      0.21138  0.19118  0.50   17909    3424   16197    65332   3.65
  2005          92      0.23135  0.20736  0.50   14485    3004   12983    49135   3.39
  2005          93      0.25825  0.22871  0.50   11481    2626   10168    36152   3.15
  2005          94      0.27007  0.23794  0.50    8855    2107    7802    25983   2.93
  2005          95      0.31144  0.26948  0.50    6748    1819    5839    18181   2.69
  2005          96      0.34241  0.29236  0.50    4930    1441    4209    12342   2.50
  2005          97      0.37489  0.31571  0.50    3489    1101    2938     8133   2.33
  2005          98      0.40863  0.33930  0.50    2387     810    1982     5195   2.18
  2005          99      0.44334  0.36290  0.50    1577     572    1291     3213   2.04
  2005         100      0.47871  0.38626  0.50    1005     388     811     1922   1.91
  2005         101      0.51437  0.40914  0.50     617     252     491     1111   1.80
  2005         102      0.54995  0.43134  0.50     364     157     286      621   1.70
  2005         103      0.58511  0.45268  0.50     207      94     160      335   1.62
  2005         104      0.61948  0.47298  0.50     113      54      87      174   1.54
  2005         105      0.65274  0.49213  0.50      60      29      45       88   1.47
  2005         106      0.68463  0.51004  0.50      30      15      23       43   1.41
  2005         107      0.71492  0.52666  0.50      15       8      11       20   1.36
  2005         108      0.74342  0.54197  0.50       7       4       5        9   1.32
  2005         109      0.77003  0.55597  0.50       3       2       2        4   1.28
  2005         110+     0.79466  1.00000  1.26       1       1       2        2   1.26
  2006           0      0.00362  0.00361  0.14  100000     361   99691  7996402  79.96
  2006           1      0.00045  0.00045  0.50   99639      45   99617  7896711  79.25
  2006           2      0.00019  0.00019  0.50   99595      19   99585  7797094  78.29
  2006           3      0.00011  0.00011  0.50   99576      11   99571  7697509  77.30
  2006           4      0.00012  0.00012  0.50   99565      12   99559  7597938  76.31
  2006           5      0.00010  0.00010  0.50   99553      10   99548  7498380  75.32
  2006           6      0.00011  0.00011  0.50   99543      11   99537  7398832  74.33
  2006           7      0.00010  0.00010  0.50   99532      10   99527  7299295  73.34
  2006           8      0.00007  0.00007  0.50   99522       7   99519  7199768  72.34
  2006           9      0.00011  0.00011  0.50   99515      11   99510  7100249  71.35
  2006          10      0.00009  0.00009  0.50   99504       9   99500  7000739  70.36
  2006          11      0.00010  0.00010  0.50   99496      10   99491  6901239  69.36
  2006          12      0.00009  0.00009  0.50   99486       9   99482  6801748  68.37
  2006          13      0.00019  0.00019  0.50   99477      19   99467  6702266  67.38
  2006          14      0.00010  0.00010  0.50   99458      10   99453  6602799  66.39
  2006          15      0.00019  0.00019  0.50   99448      19   99438  6503346  65.39
  2006          16      0.00043  0.00043  0.50   99429      43   99408  6403908  64.41
  2006          17      0.00050  0.00050  0.50   99386      49   99362  6304500  63.43
  2006          18      0.00071  0.00071  0.50   99337      71   99302  6205138  62.47
  2006          19      0.00064  0.00064  0.50   99266      64   99235  6105836  61.51
  2006          20      0.00067  0.00067  0.50   99203      66   99170  6006602  60.55
  2006          21      0.00051  0.00051  0.50   99136      50   99111  5907432  59.59
  2006          22      0.00060  0.00060  0.50   99086      60   99056  5808321  58.62
  2006          23      0.00051  0.00051  0.50   99027      51   99001  5709264  57.65
  2006          24      0.00055  0.00055  0.50   98976      54   98949  5610263  56.68
  2006          25      0.00048  0.00048  0.50   98922      48   98898  5511314  55.71
  2006          26      0.00046  0.00046  0.50   98874      45   98851  5412416  54.74
  2006          27      0.00052  0.00052  0.50   98829      51   98803  5313565  53.77
  2006          28      0.00051  0.00051  0.50   98778      51   98752  5214762  52.79
  2006          29      0.00051  0.00051  0.50   98727      50   98702  5116009  51.82
  2006          30      0.00054  0.00054  0.50   98677      53   98650  5017307  50.85
  2006          31      0.00051  0.00051  0.50   98624      50   98599  4918657  49.87
  2006          32      0.00057  0.00057  0.50   98574      56   98546  4820058  48.90
  2006          33      0.00067  0.00067  0.50   98518      66   98485  4721513  47.93
  2006          34      0.00070  0.00070  0.50   98451      69   98417  4623028  46.96
  2006          35      0.00058  0.00058  0.50   98382      58   98353  4524611  45.99
  2006          36      0.00080  0.00080  0.50   98325      79   98285  4426258  45.02
  2006          37      0.00083  0.00083  0.50   98246      82   98205  4327972  44.05
  2006          38      0.00081  0.00081  0.50   98164      79   98125  4229767  43.09
  2006          39      0.00118  0.00118  0.50   98085     115   98028  4131642  42.12
  2006          40      0.00092  0.00092  0.50   97970      90   97925  4033614  41.17
  2006          41      0.00116  0.00116  0.50   97880     114   97823  3935690  40.21
  2006          42      0.00120  0.00120  0.50   97766     118   97707  3837867  39.26
  2006          43      0.00147  0.00147  0.50   97648     144   97577  3740160  38.30
  2006          44      0.00182  0.00182  0.50   97505     177   97416  3642583  37.36
  2006          45      0.00179  0.00179  0.50   97328     174   97240  3545167  36.43
  2006          46      0.00208  0.00208  0.50   97153     202   97052  3447926  35.49
  2006          47      0.00196  0.00196  0.50   96952     190   96857  3350874  34.56
  2006          48      0.00231  0.00231  0.50   96762     223   96650  3254017  33.63
  2006          49      0.00277  0.00277  0.50   96539     267   96405  3157367  32.71
  2006          50      0.00274  0.00273  0.50   96271     263   96140  3060961  31.80
  2006          51      0.00370  0.00370  0.50   96008     355   95831  2964822  30.88
  2006          52      0.00380  0.00380  0.50   95653     363   95472  2868991  29.99
  2006          53      0.00376  0.00376  0.50   95290     358   95111  2773519  29.11
  2006          54      0.00459  0.00458  0.50   94932     434   94715  2678408  28.21
  2006          55      0.00478  0.00476  0.50   94498     450   94273  2583693  27.34
  2006          56      0.00564  0.00562  0.50   94048     529   93783  2489420  26.47
  2006          57      0.00602  0.00600  0.50   93519     561   93238  2395637  25.62
  2006          58      0.00684  0.00681  0.50   92958     633   92641  2302398  24.77
  2006          59      0.00759  0.00756  0.50   92324     698   91975  2209757  23.93
  2006          60      0.00782  0.00779  0.50   91627     714   91270  2117782  23.11
  2006          61      0.00862  0.00858  0.50   90913     780   90523  2026512  22.29
  2006          62      0.00941  0.00937  0.50   90133     844   89711  1935990  21.48
  2006          63      0.00953  0.00949  0.50   89288     847   88865  1846279  20.68
  2006          64      0.00995  0.00990  0.50   88441     875   88003  1757414  19.87
  2006          65      0.01103  0.01097  0.50   87566     961   87085  1669411  19.06
  2006          66      0.01218  0.01211  0.50   86605    1049   86081  1582325  18.27
  2006          67      0.01285  0.01277  0.50   85556    1092   85010  1496245  17.49
  2006          68      0.01501  0.01490  0.50   84464    1258   83835  1411235  16.71
  2006          69      0.01611  0.01598  0.50   83205    1330   82541  1327400  15.95
  2006          70      0.01723  0.01708  0.50   81876    1398   81177  1244860  15.20
  2006          71      0.01870  0.01853  0.50   80477    1491   79732  1163683  14.46
  2006          72      0.02099  0.02077  0.50   78986    1640   78166  1083952  13.72
  2006          73      0.02349  0.02322  0.50   77346    1796   76448  1005786  13.00
  2006          74      0.02758  0.02721  0.50   75550    2056   74522   929338  12.30
  2006          75      0.02910  0.02869  0.50   73494    2108   72440   854816  11.63
  2006          76      0.03383  0.03326  0.50   71386    2375   70199   782376  10.96
  2006          77      0.03872  0.03799  0.50   69011    2622   67701   712177  10.32
  2006          78      0.04172  0.04086  0.50   66390    2713   65033   644477   9.71
  2006          79      0.04412  0.04316  0.50   63677    2749   62303   579443   9.10
  2006          80      0.05160  0.05031  0.50   60928    3065   59396   517141   8.49
  2006          81      0.05870  0.05703  0.50   57863    3300   56213   457745   7.91
  2006          82      0.06898  0.06668  0.50   54563    3638   52744   401531   7.36
  2006          83      0.07545  0.07271  0.50   50925    3703   49074   348787   6.85
  2006          84      0.08600  0.08245  0.50   47222    3893   45276   299713   6.35
  2006          85      0.09914  0.09445  0.50   43329    4093   41283   254438   5.87
  2006          86      0.11595  0.10960  0.50   39236    4300   37086   213155   5.43
  2006          87      0.13043  0.12245  0.50   34936    4278   32797   176069   5.04
  2006          88      0.14043  0.13121  0.50   30658    4023   28647   143272   4.67
  2006          89      0.16064  0.14870  0.50   26635    3961   24655   114625   4.30
  2006          90      0.18455  0.16896  0.50   22675    3831   20759    89970   3.97
  2006          91      0.20628  0.18699  0.50   18844    3524   17082    69210   3.67
  2006          92      0.22364  0.20115  0.50   15320    3082   13779    52129   3.40
  2006          93      0.25527  0.22638  0.50   12238    2771   10853    38349   3.13
  2006          94      0.28350  0.24830  0.50    9468    2351    8292    27496   2.90
  2006          95      0.30994  0.26835  0.50    7117    1910    6162    19204   2.70
  2006          96      0.34141  0.29163  0.50    5207    1519    4448    13042   2.50
  2006          97      0.37443  0.31539  0.50    3689    1163    3107     8594   2.33
  2006          98      0.40874  0.33938  0.50    2525     857    2097     5487   2.17
  2006          99      0.44403  0.36336  0.50    1668     606    1365     3390   2.03
  2006         100      0.47996  0.38707  0.50    1062     411     857     2025   1.91
  2006         101      0.51615  0.41027  0.50     651     267     517     1169   1.80
  2006         102      0.55223  0.43274  0.50     384     166     301      651   1.70
  2006         103      0.58781  0.45429  0.50     218      99     168      350   1.61
  2006         104      0.62253  0.47476  0.50     119      56      91      182   1.53
  2006         105      0.65608  0.49402  0.50      62      31      47       91   1.46
  2006         106      0.68816  0.51199  0.50      32      16      23       44   1.40
  2006         107      0.71855  0.52863  0.50      15       8      11       21   1.35
  2006         108      0.74709  0.54391  0.50       7       4       5       10   1.31
  2006         109      0.77366  0.55786  0.50       3       2       2        4   1.27
  2006         110+     0.79820  1.00000  1.25       1       1       2        2   1.25
  2007           0      0.00365  0.00364  0.14  100000     364   99687  8016309  80.16
  2007           1      0.00033  0.00033  0.50   99636      33   99619  7916622  79.46
  2007           2      0.00009  0.00009  0.50   99603       9   99599  7817002  78.48
  2007           3      0.00015  0.00015  0.50   99594      15   99587  7717404  77.49
  2007           4      0.00012  0.00012  0.50   99580      12   99573  7617817  76.50
  2007           5      0.00007  0.00007  0.50   99567       7   99563  7518243  75.51
  2007           6      0.00010  0.00010  0.50   99560      10   99555  7418680  74.51
  2007           7      0.00006  0.00006  0.50   99550       6   99547  7319125  73.52
  2007           8      0.00010  0.00010  0.50   99544      10   99539  7219578  72.53
  2007           9      0.00008  0.00008  0.50   99534       8   99530  7120039  71.53
  2007          10      0.00008  0.00008  0.50   99526       8   99523  7020509  70.54
  2007          11      0.00009  0.00009  0.50   99519       9   99514  6920986  69.54
  2007          12      0.00010  0.00010  0.50   99510      10   99505  6821472  68.55
  2007          13      0.00009  0.00009  0.50   99501       9   99496  6721966  67.56
  2007          14      0.00016  0.00016  0.50   99491      16   99483  6622470  66.56
  2007          15      0.00025  0.00025  0.50   99475      25   99463  6522987  65.57
  2007          16      0.00030  0.00030  0.50   99451      30   99436  6423524  64.59
  2007          17      0.00043  0.00043  0.50   99421      42   99400  6324088  63.61
  2007          18      0.00048  0.00048  0.50   99378      48   99354  6224689  62.64
  2007          19      0.00079  0.00079  0.50   99330      79   99291  6125334  61.67
  2007          20      0.00059  0.00059  0.50   99252      59   99222  6026043  60.71
  2007          21      0.00065  0.00065  0.50   99193      64   99161  5926821  59.75
  2007          22      0.00053  0.00053  0.50   99129      52   99102  5827660  58.79
  2007          23      0.00057  0.00057  0.50   99076      56   99048  5728558  57.82
  2007          24      0.00055  0.00055  0.50   99020      55   98993  5629509  56.85
  2007          25      0.00053  0.00053  0.50   98966      52   98939  5530517  55.88
  2007          26      0.00043  0.00043  0.50   98913      43   98892  5431577  54.91
  2007          27      0.00047  0.00047  0.50   98870      46   98847  5332686  53.94
  2007          28      0.00041  0.00041  0.50   98824      40   98804  5233838  52.96
  2007          29      0.00049  0.00049  0.50   98784      48   98760  5135034  51.98
  2007          30      0.00059  0.00059  0.50   98736      58   98707  5036274  51.01
  2007          31      0.00044  0.00044  0.50   98677      44   98656  4937567  50.04
  2007          32      0.00058  0.00058  0.50   98634      58   98605  4838912  49.06
  2007          33      0.00061  0.00061  0.50   98576      60   98546  4740307  48.09
  2007          34      0.00069  0.00069  0.50   98516      68   98482  4641761  47.12
  2007          35      0.00071  0.00071  0.50   98448      70   98413  4543279  46.15
  2007          36      0.00072  0.00072  0.50   98378      71   98343  4444866  45.18
  2007          37      0.00079  0.00079  0.50   98308      78   98269  4346523  44.21
  2007          38      0.00074  0.00074  0.50   98230      73   98193  4248254  43.25
  2007          39      0.00100  0.00100  0.50   98157      98   98108  4150061  42.28
  2007          40      0.00106  0.00106  0.50   98059     104   98007  4051953  41.32
  2007          41      0.00111  0.00111  0.50   97955     109   97900  3953946  40.37
  2007          42      0.00126  0.00126  0.50   97846     123   97784  3856046  39.41
  2007          43      0.00146  0.00145  0.50   97722     142   97651  3758262  38.46
  2007          44      0.00155  0.00155  0.50   97580     151   97505  3660611  37.51
  2007          45      0.00184  0.00183  0.50   97429     179   97340  3563106  36.57
  2007          46      0.00198  0.00197  0.50   97251     192   97155  3465766  35.64
  2007          47      0.00224  0.00223  0.50   97059     217   96950  3368611  34.71
  2007          48      0.00247  0.00247  0.50   96842     239   96722  3271661  33.78
  2007          49      0.00289  0.00288  0.50   96603     278   96463  3174939  32.87
  2007          50      0.00293  0.00293  0.50   96324     282   96183  3078475  31.96
  2007          51      0.00329  0.00329  0.50   96042     316   95884  2982292  31.05
  2007          52      0.00391  0.00390  0.50   95727     373   95540  2886408  30.15
  2007          53      0.00431  0.00431  0.50   95353     411   95148  2790868  29.27
  2007          54      0.00443  0.00442  0.50   94943     419   94733  2695720  28.39
  2007          55      0.00500  0.00499  0.50   94523     471   94288  2600987  27.52
  2007          56      0.00543  0.00541  0.50   94052     509   93797  2506699  26.65
  2007          57      0.00602  0.00600  0.50   93543     562   93262  2412902  25.79
  2007          58      0.00658  0.00655  0.50   92981     609   92677  2319639  24.95
  2007          59      0.00744  0.00741  0.50   92372     684   92030  2226963  24.11
  2007          60      0.00766  0.00763  0.50   91688     700   91338  2134933  23.28
  2007          61      0.00881  0.00877  0.50   90988     798   90589  2043596  22.46
  2007          62      0.00914  0.00910  0.50   90190     820   89780  1953007  21.65
  2007          63      0.00971  0.00966  0.50   89369     863   88938  1863227  20.85
  2007          64      0.00969  0.00964  0.50   88506     853   88079  1774290  20.05
  2007          65      0.01128  0.01121  0.50   87653     983   87161  1686210  19.24
  2007          66      0.01256  0.01248  0.50   86670    1081   86129  1599049  18.45
  2007          67      0.01337  0.01328  0.50   85588    1137   85020  1512920  17.68
  2007          68      0.01368  0.01359  0.50   84452    1148   83878  1427900  16.91
  2007          69      0.01439  0.01429  0.50   83304    1190   82709  1344023  16.13
  2007          70      0.01764  0.01748  0.50   82114    1435   81396  1261314  15.36
  2007          71      0.01778  0.01762  0.50   80678    1422   79967  1179918  14.62
  2007          72      0.02070  0.02048  0.50   79257    1623   78445  1099950  13.88
  2007          73      0.02276  0.02251  0.50   77633    1747   76760  1021505  13.16
  2007          74      0.02470  0.02440  0.50   75886    1851   74960   944746  12.45
  2007          75      0.02966  0.02923  0.50   74034    2164   72953   869785  11.75
  2007          76      0.03202  0.03151  0.50   71871    2265   70738   796833  11.09
  2007          77      0.03735  0.03666  0.50   69606    2552   68330   726094  10.43
  2007          78      0.04125  0.04042  0.50   67054    2710   65699   657764   9.81
  2007          79      0.04555  0.04453  0.50   64344    2866   62911   592065   9.20
  2007          80      0.05292  0.05156  0.50   61478    3170   59894   529154   8.61
  2007          81      0.05711  0.05552  0.50   58309    3237   56690   469260   8.05
  2007          82      0.06377  0.06180  0.50   55071    3403   53370   412570   7.49
  2007          83      0.07351  0.07091  0.50   51668    3664   49836   359201   6.95
  2007          84      0.08593  0.08239  0.50   48004    3955   46027   309364   6.44
  2007          85      0.10296  0.09792  0.50   44049    4313   41893   263337   5.98
  2007          86      0.11108  0.10523  0.50   39736    4182   37645   221445   5.57
  2007          87      0.12756  0.11991  0.50   35554    4263   33423   183800   5.17
  2007          88      0.13096  0.12291  0.50   31291    3846   29368   150377   4.81
  2007          89      0.15631  0.14498  0.50   27445    3979   25456   121009   4.41
  2007          90      0.17523  0.16111  0.50   23466    3781   21576    95554   4.07
  2007          91      0.19379  0.17667  0.50   19685    3478   17946    73978   3.76
  2007          92      0.23320  0.20885  0.50   16208    3385   14515    56031   3.46
  2007          93      0.23335  0.20897  0.50   12823    2680   11483    41516   3.24
  2007          94      0.27331  0.24045  0.50   10143    2439    8924    30033   2.96
  2007          95      0.30381  0.26375  0.50    7704    2032    6688    21110   2.74
  2007          96      0.33494  0.28689  0.50    5672    1627    4859    14422   2.54
  2007          97      0.36764  0.31055  0.50    4045    1256    3417     9563   2.36
  2007          98      0.40167  0.33449  0.50    2789     933    2322     6146   2.20
  2007          99      0.43673  0.35845  0.50    1856     665    1523     3824   2.06
  2007         100      0.47247  0.38219  0.50    1191     455     963     2300   1.93
  2007         101      0.50854  0.40545  0.50     736     298     586     1337   1.82
  2007         102      0.54455  0.42801  0.50     437     187     344      751   1.72
  2007         103      0.58011  0.44968  0.50     250     112     194      407   1.63
  2007         104      0.61486  0.47028  0.50     138      65     105      213   1.55
  2007         105      0.64849  0.48970  0.50      73      36      55      108   1.48
  2007         106      0.68069  0.50785  0.50      37      19      28       53   1.42
  2007         107      0.71124  0.52466  0.50      18      10      14       25   1.37
  2007         108      0.73997  0.54013  0.50       9       5       6       12   1.32
  2007         109      0.76676  0.55426  0.50       4       2       3        5   1.29
  2007         110+     0.79153  1.00000  1.26       2       2       2        2   1.26
  2008           0      0.00375  0.00374  0.14  100000     374   99679  8036742  80.37
  2008           1      0.00037  0.00037  0.50   99626      37   99608  7937063  79.67
  2008           2      0.00016  0.00016  0.50   99589      16   99581  7837455  78.70
  2008           3      0.00012  0.00012  0.50   99573      12   99567  7737874  77.71
  2008           4      0.00011  0.00011  0.50   99561      11   99555  7638307  76.72
  2008           5      0.00010  0.00010  0.50   99549      10   99545  7538752  75.73
  2008           6      0.00007  0.00007  0.50   99540       7   99536  7439208  74.74
  2008           7      0.00007  0.00007  0.50   99532       7   99529  7339672  73.74
  2008           8      0.00006  0.00006  0.50   99525       6   99522  7240143  72.75
  2008           9      0.00007  0.00007  0.50   99519       7   99515  7140621  71.75
  2008          10      0.00007  0.00007  0.50   99512       7   99508  7041106  70.76
  2008          11      0.00008  0.00008  0.50   99505       8   99501  6941598  69.76
  2008          12      0.00006  0.00006  0.50   99497       6   99494  6842097  68.77
  2008          13      0.00011  0.00011  0.50   99491      11   99486  6742603  67.77
  2008          14      0.00013  0.00013  0.50   99480      13   99474  6643117  66.78
  2008          15      0.00031  0.00031  0.50   99467      31   99452  6543643  65.79
  2008          16      0.00038  0.00038  0.50   99436      38   99417  6444192  64.81
  2008          17      0.00029  0.00029  0.50   99399      29   99384  6344774  63.83
  2008          18      0.00063  0.00063  0.50   99370      63   99339  6245390  62.85
  2008          19      0.00055  0.00055  0.50   99307      54   99280  6146052  61.89
  2008          20      0.00050  0.00050  0.50   99253      50   99228  6046772  60.92
  2008          21      0.00071  0.00071  0.50   99203      70   99168  5947544  59.95
  2008          22      0.00048  0.00048  0.50   99132      48   99109  5848376  59.00
  2008          23      0.00050  0.00050  0.50   99085      50   99060  5749268  58.02
  2008          24      0.00059  0.00059  0.50   99035      58   99006  5650208  57.05
  2008          25      0.00051  0.00051  0.50   98977      50   98952  5551202  56.09
  2008          26      0.00059  0.00059  0.50   98927      58   98898  5452250  55.11
  2008          27      0.00047  0.00047  0.50   98869      47   98845  5353353  54.15
  2008          28      0.00041  0.00041  0.50   98822      40   98802  5254508  53.17
  2008          29      0.00036  0.00036  0.50   98782      36   98764  5155706  52.19
  2008          30      0.00049  0.00049  0.50   98746      48   98722  5056942  51.21
  2008          31      0.00054  0.00054  0.50   98698      53   98671  4958221  50.24
  2008          32      0.00045  0.00045  0.50   98644      44   98622  4859550  49.26
  2008          33      0.00055  0.00055  0.50   98600      54   98573  4760927  48.29
  2008          34      0.00063  0.00063  0.50   98546      62   98515  4662354  47.31
  2008          35      0.00050  0.00050  0.50   98484      49   98460  4563839  46.34
  2008          36      0.00064  0.00064  0.50   98435      63   98404  4465380  45.36
  2008          37      0.00083  0.00083  0.50   98372      81   98332  4366976  44.39
  2008          38      0.00080  0.00080  0.50   98291      79   98252  4268644  43.43
  2008          39      0.00097  0.00097  0.50   98212      95   98165  4170393  42.46
  2008          40      0.00105  0.00104  0.50   98118     103   98066  4072228  41.50
  2008          41      0.00110  0.00110  0.50   98015     108   97961  3974161  40.55
  2008          42      0.00109  0.00109  0.50   97907     107   97854  3876200  39.59
  2008          43      0.00141  0.00140  0.50   97800     137   97731  3778346  38.63
  2008          44      0.00130  0.00130  0.50   97663     127   97599  3680615  37.69
  2008          45      0.00157  0.00157  0.50   97536     153   97460  3583016  36.74
  2008          46      0.00210  0.00210  0.50   97383     204   97281  3485556  35.79
  2008          47      0.00209  0.00209  0.50   97179     203   97077  3388275  34.87
  2008          48      0.00238  0.00238  0.50   96976     231   96861  3291198  33.94
  2008          49      0.00266  0.00266  0.50   96745     257   96617  3194337  33.02
  2008          50      0.00298  0.00297  0.50   96488     287   96345  3097720  32.10
  2008          51      0.00344  0.00344  0.50   96202     330   96037  3001375  31.20
  2008          52      0.00345  0.00345  0.50   95871     331   95706  2905339  30.30
  2008          53      0.00389  0.00388  0.50   95541     371   95355  2809633  29.41
  2008          54      0.00479  0.00477  0.50   95170     454   94942  2714277  28.52
  2008          55      0.00424  0.00423  0.50   94715     401   94515  2619335  27.65
  2008          56      0.00507  0.00506  0.50   94314     477   94076  2524820  26.77
  2008          57      0.00604  0.00602  0.50   93837     565   93555  2430745  25.90
  2008          58      0.00654  0.00652  0.50   93272     608   92968  2337190  25.06
  2008          59      0.00724  0.00721  0.50   92664     668   92330  2244221  24.22
  2008          60      0.00770  0.00767  0.50   91996     706   91643  2151891  23.39
  2008          61      0.00807  0.00803  0.50   91290     733   90924  2060248  22.57
  2008          62      0.00954  0.00949  0.50   90557     860   90127  1969325  21.75
  2008          63      0.00973  0.00968  0.50   89697     868   89263  1879198  20.95
  2008          64      0.01020  0.01015  0.50   88829     902   88378  1789935  20.15
  2008          65      0.01120  0.01114  0.50   87927     980   87437  1701557  19.35
  2008          66      0.01207  0.01200  0.50   86947    1043   86426  1614120  18.56
  2008          67      0.01267  0.01259  0.50   85904    1081   85363  1527694  17.78
  2008          68      0.01371  0.01361  0.50   84823    1155   84245  1442331  17.00
  2008          69      0.01455  0.01444  0.50   83668    1208   83064  1358086  16.23
  2008          70      0.01588  0.01575  0.50   82460    1299   81810  1275022  15.46
  2008          71      0.01721  0.01706  0.50   81161    1385   80468  1193212  14.70
  2008          72      0.01950  0.01931  0.50   79776    1541   79006  1112743  13.95
  2008          73      0.02086  0.02065  0.50   78235    1615   77428  1033738  13.21
  2008          74      0.02592  0.02559  0.50   76620    1961   75639   956310  12.48
  2008          75      0.02711  0.02675  0.50   74659    1997   73660   880671  11.80
  2008          76      0.03216  0.03165  0.50   72662    2300   71512   807011  11.11
  2008          77      0.03592  0.03528  0.50   70362    2483   69121   735499  10.45
  2008          78      0.04064  0.03983  0.50   67880    2704   66528   666378   9.82
  2008          79      0.04497  0.04398  0.50   65176    2867   63743   599850   9.20
  2008          80      0.05266  0.05130  0.50   62309    3197   60711   536107   8.60
  2008          81      0.05724  0.05565  0.50   59112    3289   57468   475397   8.04
  2008          82      0.06592  0.06381  0.50   55823    3562   54042   417929   7.49
  2008          83      0.07203  0.06953  0.50   52261    3634   50444   363887   6.96
  2008          84      0.08224  0.07900  0.50   48627    3841   46707   313443   6.45
  2008          85      0.09432  0.09007  0.50   44786    4034   42769   266736   5.96
  2008          86      0.11140  0.10552  0.50   40752    4300   38602   223967   5.50
  2008          87      0.12223  0.11519  0.50   36452    4199   34352   185365   5.09
  2008          88      0.14105  0.13175  0.50   32253    4249   30128   151013   4.68
  2008          89      0.15498  0.14384  0.50   28003    4028   25989   120884   4.32
  2008          90      0.18728  0.17125  0.50   23975    4106   21923    94895   3.96
  2008          91      0.21447  0.19370  0.50   19870    3849   17945    72972   3.67
  2008          92      0.22382  0.20129  0.50   16021    3225   14408    55027   3.43
  2008          93      0.24639  0.21937  0.50   12796    2807   11393    40619   3.17
  2008          94      0.27960  0.24530  0.50    9989    2450    8764    29226   2.93
  2008          95      0.30670  0.26592  0.50    7539    2005    6536    20462   2.71
  2008          96      0.33855  0.28953  0.50    5534    1602    4733    13926   2.52
  2008          97      0.37199  0.31366  0.50    3932    1233    3315     9193   2.34
  2008          98      0.40678  0.33803  0.50    2698     912    2242     5878   2.18
  2008          99      0.44259  0.36239  0.50    1786     647    1463     3636   2.04
  2008         100      0.47905  0.38648  0.50    1139     440     919     2173   1.91
  2008         101      0.51578  0.41003  0.50     699     287     556     1254   1.79
  2008         102      0.55236  0.43282  0.50     412     178     323      699   1.69
  2008         103      0.58840  0.45465  0.50     234     106     181      376   1.61
  2008         104      0.62354  0.47534  0.50     128      61      97      195   1.53
  2008         105      0.65741  0.49478  0.50      67      33      50       98   1.46
  2008         106      0.68975  0.51287  0.50      34      17      25       47   1.40
  2008         107      0.72032  0.52959  0.50      16       9      12       22   1.35
  2008         108      0.74895  0.54490  0.50       8       4       6       10   1.31
  2008         109      0.77554  0.55884  0.50       4       2       3        4   1.27
  2008         110+     0.80003  1.00000  1.25       2       2       2        2   1.25
  2009           0      0.00379  0.00378  0.14  100000     378   99676  8020593  80.21
  2009           1      0.00034  0.00034  0.50   99622      34   99605  7920917  79.51
  2009           2      0.00025  0.00025  0.50   99588      25   99575  7821312  78.54
  2009           3      0.00013  0.00013  0.50   99563      12   99556  7721736  77.56
  2009           4      0.00011  0.00011  0.50   99550      11   99545  7622180  76.57
  2009           5      0.00010  0.00010  0.50   99539      10   99534  7522635  75.57
  2009           6      0.00006  0.00006  0.50   99529       6   99526  7423101  74.58
  2009           7      0.00009  0.00009  0.50   99523       9   99519  7323575  73.59
  2009           8      0.00010  0.00010  0.50   99515      10   99510  7224056  72.59
  2009           9      0.00013  0.00013  0.50   99505      13   99498  7124546  71.60
  2009          10      0.00011  0.00011  0.50   99492      11   99486  7025048  70.61
  2009          11      0.00005  0.00005  0.50   99481       5   99479  6925562  69.62
  2009          12      0.00010  0.00010  0.50   99476      10   99472  6826083  68.62
  2009          13      0.00012  0.00012  0.50   99467      12   99461  6726612  67.63
  2009          14      0.00026  0.00026  0.50   99455      26   99442  6627151  66.63
  2009          15      0.00027  0.00027  0.50   99429      26   99415  6527709  65.65
  2009          16      0.00030  0.00030  0.50   99402      30   99387  6428294  64.67
  2009          17      0.00037  0.00037  0.50   99372      36   99354  6328906  63.69
  2009          18      0.00054  0.00054  0.50   99336      54   99309  6229552  62.71
  2009          19      0.00055  0.00055  0.50   99282      54   99255  6130243  61.75
  2009          20      0.00059  0.00059  0.50   99228      58   99199  6030988  60.78
  2009          21      0.00051  0.00051  0.50   99170      51   99145  5931789  59.81
  2009          22      0.00044  0.00044  0.50   99119      43   99097  5832644  58.84
  2009          23      0.00059  0.00059  0.50   99076      59   99046  5733547  57.87
  2009          24      0.00044  0.00044  0.50   99017      43   98995  5634500  56.90
  2009          25      0.00042  0.00042  0.50   98974      42   98953  5535505  55.93
  2009          26      0.00052  0.00052  0.50   98932      52   98906  5436552  54.95
  2009          27      0.00037  0.00037  0.50   98880      37   98862  5337646  53.98
  2009          28      0.00054  0.00054  0.50   98843      54   98817  5238785  53.00
  2009          29      0.00061  0.00061  0.50   98790      60   98760  5139968  52.03
  2009          30      0.00055  0.00055  0.50   98730      55   98702  5041208  51.06
  2009          31      0.00049  0.00049  0.50   98675      49   98651  4942506  50.09
  2009          32      0.00054  0.00054  0.50   98626      53   98600  4843855  49.11
  2009          33      0.00062  0.00062  0.50   98573      61   98543  4745256  48.14
  2009          34      0.00055  0.00055  0.50   98512      54   98485  4646713  47.17
  2009          35      0.00053  0.00053  0.50   98458      52   98432  4548228  46.19
  2009          36      0.00075  0.00075  0.50   98406      73   98369  4449796  45.22
  2009          37      0.00076  0.00076  0.50   98333      75   98295  4351427  44.25
  2009          38      0.00098  0.00098  0.50   98258      96   98210  4253131  43.29
  2009          39      0.00089  0.00089  0.50   98162      87   98118  4154922  42.33
  2009          40      0.00095  0.00095  0.50   98074      93   98028  4056803  41.36
  2009          41      0.00115  0.00114  0.50   97981     112   97925  3958776  40.40
  2009          42      0.00141  0.00141  0.50   97869     138   97800  3860851  39.45
  2009          43      0.00138  0.00138  0.50   97731     135   97663  3763051  38.50
  2009          44      0.00143  0.00143  0.50   97596     140   97526  3665388  37.56
  2009          45      0.00170  0.00170  0.50   97456     166   97373  3567861  36.61
  2009          46      0.00207  0.00206  0.50   97290     201   97190  3470488  35.67
  2009          47      0.00217  0.00217  0.50   97089     211   96984  3373298  34.74
  2009          48      0.00265  0.00265  0.50   96879     256   96751  3276314  33.82
  2009          49      0.00283  0.00282  0.50   96622     273   96486  3179564  32.91
  2009          50      0.00300  0.00300  0.50   96349     289   96205  3083078  32.00
  2009          51      0.00331  0.00331  0.50   96061     318   95902  2986873  31.09
  2009          52      0.00358  0.00357  0.50   95743     342   95572  2890971  30.20
  2009          53      0.00450  0.00449  0.50   95401     428   95187  2795399  29.30
  2009          54      0.00453  0.00452  0.50   94973     430   94758  2700212  28.43
  2009          55      0.00491  0.00490  0.50   94543     463   94312  2605454  27.56
  2009          56      0.00512  0.00511  0.50   94080     481   93840  2511143  26.69
  2009          57      0.00595  0.00594  0.50   93599     556   93322  2417303  25.83
  2009          58      0.00655  0.00653  0.50   93044     608   92740  2323981  24.98
  2009          59      0.00696  0.00693  0.50   92436     641   92116  2231241  24.14
  2009          60      0.00780  0.00777  0.50   91795     713   91439  2139125  23.30
  2009          61      0.00905  0.00901  0.50   91082     820   90672  2047687  22.48
  2009          62      0.00939  0.00934  0.50   90262     843   89840  1957015  21.68
  2009          63      0.01066  0.01061  0.50   89418     949   88944  1867175  20.88
  2009          64      0.01054  0.01049  0.50   88470     928   88006  1778231  20.10
  2009          65      0.01153  0.01147  0.50   87542    1004   87040  1690225  19.31
  2009          66      0.01245  0.01237  0.50   86538    1071   86003  1603185  18.53
  2009          67      0.01354  0.01345  0.50   85467    1149   84893  1517183  17.75
  2009          68      0.01406  0.01397  0.50   84318    1178   83729  1432290  16.99
  2009          69      0.01454  0.01444  0.50   83140    1200   82540  1348561  16.22
  2009          70      0.01641  0.01628  0.50   81940    1334   81273  1266021  15.45
  2009          71      0.01752  0.01737  0.50   80606    1400   79906  1184747  14.70
  2009          72      0.01971  0.01952  0.50   79206    1546   78433  1104841  13.95
  2009          73      0.02328  0.02301  0.50   77660    1787   76766  1026408  13.22
  2009          74      0.02572  0.02539  0.50   75873    1927   74909   949642  12.52
  2009          75      0.02813  0.02774  0.50   73946    2051   72921   874732  11.83
  2009          76      0.03307  0.03253  0.50   71895    2339   70726   801812  11.15
  2009          77      0.03558  0.03495  0.50   69556    2431   68341   731086  10.51
  2009          78      0.03999  0.03921  0.50   67125    2632   65809   662745   9.87
  2009          79      0.04349  0.04256  0.50   64493    2745   63121   596936   9.26
  2009          80      0.05195  0.05063  0.50   61748    3126   60185   533815   8.65
  2009          81      0.05676  0.05519  0.50   58622    3235   57004   473631   8.08
  2009          82      0.06547  0.06339  0.50   55386    3511   53631   416627   7.52
  2009          83      0.07415  0.07150  0.50   51875    3709   50021   362996   7.00
  2009          84      0.08254  0.07927  0.50   48166    3818   46257   312975   6.50
  2009          85      0.09616  0.09175  0.50   44348    4069   42314   266718   6.01
  2009          86      0.10817  0.10262  0.50   40279    4133   38213   224405   5.57
  2009          87      0.12432  0.11705  0.50   36146    4231   34031   186192   5.15
  2009          88      0.13563  0.12701  0.50   31915    4054   29888   152161   4.77
  2009          89      0.15844  0.14681  0.50   27861    4090   25816   122273   4.39
  2009          90      0.17560  0.16143  0.50   23771    3837   21852    96457   4.06
  2009          91      0.19429  0.17709  0.50   19934    3530   18169    74604   3.74
  2009          92      0.22945  0.20583  0.50   16404    3376   14716    56435   3.44
  2009          93      0.24559  0.21873  0.50   13027    2849   11603    41720   3.20
  2009          94      0.26936  0.23739  0.50   10178    2416    8970    30117   2.96
  2009          95      0.30497  0.26462  0.50    7762    2054    6735    21148   2.72
  2009          96      0.33685  0.28830  0.50    5708    1646    4885    14413   2.53
  2009          97      0.37037  0.31250  0.50    4062    1269    3428     9528   2.35
  2009          98      0.40525  0.33697  0.50    2793     941    2322     6100   2.18
  2009          99      0.44116  0.36143  0.50    1852     669    1517     3778   2.04
  2009         100      0.47773  0.38562  0.50    1182     456     954     2261   1.91
  2009         101      0.51455  0.40926  0.50     726     297     578     1306   1.80
  2009         102      0.55122  0.43212  0.50     429     185     336      729   1.70
  2009         103      0.58732  0.45400  0.50     244     111     188      392   1.61
  2009         104      0.62247  0.47472  0.50     133      63     101      204   1.53
  2009         105      0.65634  0.49417  0.50      70      35      53      102   1.46
  2009         106      0.68862  0.51225  0.50      35      18      26       50   1.40
  2009         107      0.71911  0.52893  0.50      17       9      13       23   1.35
  2009         108      0.74761  0.54419  0.50       8       4       6       11   1.31
  2009         109      0.77405  0.55806  0.50       4       2       3        5   1.27
  2009         110+     0.79836  1.00000  1.25       2       2       2        2   1.25
  2010           0      0.00399  0.00398  0.14  100000     398   99658  8046850  80.47
  2010           1      0.00035  0.00035  0.50   99602      34   99585  7947191  79.79
  2010           2      0.00018  0.00018  0.50   99568      18   99559  7847607  78.82
  2010           3      0.00018  0.00018  0.50   99550      18   99541  7748048  77.83
  2010           4      0.00006  0.00006  0.50   99532       6   99529  7648507  76.84
  2010           5      0.00010  0.00010  0.50   99526      10   99521  7548978  75.85
  2010           6      0.00004  0.00004  0.50   99516       4   99514  7449457  74.86
  2010           7      0.00006  0.00006  0.50   99512       6   99509  7349943  73.86
  2010           8      0.00014  0.00014  0.50   99506      14   99500  7250433  72.86
  2010           9      0.00007  0.00007  0.50   99493       7   99489  7150934  71.87
  2010          10      0.00006  0.00006  0.50   99485       6   99482  7051445  70.88
  2010          11      0.00006  0.00006  0.50   99479       6   99477  6951962  69.88
  2010          12      0.00007  0.00007  0.50   99474       7   99470  6852486  68.89
  2010          13      0.00009  0.00009  0.50   99467       9   99462  6753015  67.89
  2010          14      0.00017  0.00017  0.50   99458      17   99450  6653553  66.90
  2010          15      0.00030  0.00030  0.50   99441      29   99426  6554103  65.91
  2010          16      0.00028  0.00028  0.50   99412      27   99398  6454677  64.93
  2010          17      0.00036  0.00036  0.50   99384      35   99367  6355279  63.95
  2010          18      0.00033  0.00033  0.50   99349      33   99332  6255912  62.97
  2010          19      0.00054  0.00054  0.50   99316      54   99289  6156580  61.99
  2010          20      0.00064  0.00064  0.50   99262      64   99230  6057291  61.02
  2010          21      0.00069  0.00069  0.50   99198      69   99163  5958062  60.06
  2010          22      0.00066  0.00066  0.50   99129      65   99096  5858898  59.10
  2010          23      0.00053  0.00053  0.50   99064      52   99038  5759802  58.14
  2010          24      0.00042  0.00042  0.50   99011      41   98991  5660764  57.17
  2010          25      0.00048  0.00048  0.50   98970      47   98947  5561774  56.20
  2010          26      0.00048  0.00048  0.50   98923      47   98899  5462827  55.22
  2010          27      0.00053  0.00053  0.50   98876      52   98850  5363928  54.25
  2010          28      0.00043  0.00043  0.50   98824      42   98802  5265078  53.28
  2010          29      0.00047  0.00047  0.50   98781      46   98758  5166276  52.30
  2010          30      0.00047  0.00047  0.50   98735      46   98712  5067518  51.32
  2010          31      0.00050  0.00050  0.50   98689      49   98664  4968806  50.35
  2010          32      0.00057  0.00057  0.50   98640      56   98612  4870142  49.37
  2010          33      0.00053  0.00053  0.50   98583      52   98557  4771531  48.40
  2010          34      0.00074  0.00074  0.50   98531      73   98495  4672973  47.43
  2010          35      0.00072  0.00072  0.50   98459      70   98423  4574478  46.46
  2010          36      0.00069  0.00069  0.50   98388      68   98354  4476055  45.49
  2010          37      0.00086  0.00086  0.50   98320      84   98278  4377701  44.53
  2010          38      0.00093  0.00093  0.50   98236      91   98190  4279423  43.56
  2010          39      0.00088  0.00088  0.50   98144      87   98101  4181233  42.60
  2010          40      0.00082  0.00082  0.50   98058      81   98017  4083132  41.64
  2010          41      0.00115  0.00115  0.50   97977     112   97921  3985115  40.67
  2010          42      0.00115  0.00115  0.50   97864     113   97808  3887194  39.72
  2010          43      0.00142  0.00142  0.50   97752     139   97682  3789386  38.77
  2010          44      0.00136  0.00136  0.50   97613     133   97546  3691704  37.82
  2010          45      0.00174  0.00173  0.50   97480     169   97396  3594158  36.87
  2010          46      0.00197  0.00197  0.50   97311     192   97215  3496762  35.93
  2010          47      0.00224  0.00224  0.50   97119     217   97011  3399547  35.00
  2010          48      0.00224  0.00224  0.50   96902     217   96794  3302536  34.08
  2010          49      0.00280  0.00280  0.50   96685     271   96550  3205742  33.16
  2010          50      0.00298  0.00298  0.50   96414     287   96271  3109192  32.25
  2010          51      0.00309  0.00309  0.50   96127     297   95979  3012922  31.34
  2010          52      0.00378  0.00378  0.50   95830     362   95649  2916943  30.44
  2010          53      0.00410  0.00409  0.50   95468     390   95273  2821294  29.55
  2010          54      0.00438  0.00437  0.50   95078     416   94870  2726021  28.67
  2010          55      0.00417  0.00417  0.50   94662     394   94465  2631151  27.80
  2010          56      0.00554  0.00552  0.50   94268     520   94008  2536685  26.91
  2010          57      0.00541  0.00539  0.50   93748     506   93495  2442678  26.06
  2010          58      0.00660  0.00658  0.50   93242     614   92935  2349183  25.19
  2010          59      0.00666  0.00664  0.50   92628     615   92321  2256248  24.36
  2010          60      0.00808  0.00805  0.50   92013     741   91643  2163927  23.52
  2010          61      0.00855  0.00852  0.50   91273     777   90884  2072284  22.70
  2010          62      0.00912  0.00908  0.50   90495     822   90084  1981400  21.90
  2010          63      0.01035  0.01030  0.50   89674     924   89212  1891316  21.09
  2010          64      0.01115  0.01109  0.50   88750     984   88258  1802104  20.31
  2010          65      0.01097  0.01091  0.50   87766     958   87287  1713846  19.53
  2010          66      0.01235  0.01228  0.50   86808    1066   86275  1626560  18.74
  2010          67      0.01266  0.01258  0.50   85742    1078   85203  1540285  17.96
  2010          68      0.01474  0.01463  0.50   84663    1239   84044  1455082  17.19
  2010          69      0.01516  0.01505  0.50   83425    1255   82797  1371038  16.43
  2010          70      0.01651  0.01638  0.50   82170    1346   81497  1288241  15.68
  2010          71      0.01763  0.01747  0.50   80824    1412   80118  1206745  14.93
  2010          72      0.01890  0.01872  0.50   79412    1487   78668  1126627  14.19
  2010          73      0.02139  0.02116  0.50   77925    1649   77100  1047959  13.45
  2010          74      0.02410  0.02381  0.50   76276    1816   75368   970859  12.73
  2010          75      0.02628  0.02594  0.50   74459    1932   73493   895491  12.03
  2010          76      0.03054  0.03008  0.50   72528    2182   71437   821998  11.33
  2010          77      0.03285  0.03232  0.50   70346    2274   69209   750561  10.67
  2010          78      0.03827  0.03755  0.50   68072    2556   66794   681352  10.01
  2010          79      0.04174  0.04089  0.50   65516    2679   64177   614558   9.38
  2010          80      0.04807  0.04695  0.50   62837    2950   61362   550381   8.76
  2010          81      0.05561  0.05411  0.50   59887    3240   58267   489019   8.17
  2010          82      0.06442  0.06241  0.50   56647    3535   54879   430751   7.60
  2010          83      0.07248  0.06994  0.50   53112    3715   51254   375872   7.08
  2010          84      0.08200  0.07877  0.50   49397    3891   47451   324618   6.57
  2010          85      0.09388  0.08967  0.50   45506    4080   43466   277167   6.09
  2010          86      0.10583  0.10051  0.50   41425    4164   39344   233701   5.64
  2010          87      0.11677  0.11033  0.50   37262    4111   35206   194358   5.22
  2010          88      0.14107  0.13177  0.50   33151    4368   30966   159151   4.80
  2010          89      0.15164  0.14095  0.50   28782    4057   26754   128185   4.45
  2010          90      0.17973  0.16491  0.50   24725    4078   22687   101431   4.10
  2010          91      0.18525  0.16955  0.50   20648    3501   18898    78744   3.81
  2010          92      0.21346  0.19288  0.50   17147    3307   15493    59847   3.49
  2010          93      0.24421  0.21764  0.50   13840    3012   12334    44353   3.20
  2010          94      0.27678  0.24313  0.50   10828    2633    9511    32020   2.96
  2010          95      0.30147  0.26198  0.50    8195    2147    7122    22508   2.75
  2010          96      0.33332  0.28570  0.50    6048    1728    5184    15387   2.54
  2010          97      0.36685  0.30999  0.50    4320    1339    3651    10202   2.36
  2010          98      0.40179  0.33458  0.50    2981     997    2482     6552   2.20
  2010          99      0.43783  0.35920  0.50    1984     713    1627     4069   2.05
  2010         100      0.47460  0.38357  0.50    1271     488    1027     2442   1.92
  2010         101      0.51168  0.40744  0.50     784     319     624     1415   1.81
  2010         102      0.54868  0.43056  0.50     464     200     364      791   1.70
  2010         103      0.58516  0.45271  0.50     264     120     205      426   1.61
  2010         104      0.62076  0.47372  0.50     145      69     110      222   1.53
  2010         105      0.65510  0.49346  0.50      76      38      57      112   1.46
  2010         106      0.68789  0.51184  0.50      39      20      29       54   1.40
  2010         107      0.71889  0.52881  0.50      19      10      14       25   1.35
  2010         108      0.74792  0.54435  0.50       9       5       6       12   1.31
  2010         109      0.77486  0.55849  0.50       4       2       3        5   1.27
  2010         110+     0.79967  1.00000  1.25       2       2       2        2   1.25
  2011           0      0.00359  0.00358  0.14  100000     358   99693  8083052  80.83
  2011           1      0.00024  0.00024  0.50   99642      24   99630  7983359  80.12
  2011           2      0.00018  0.00018  0.50   99618      18   99609  7883729  79.14
  2011           3      0.00013  0.00013  0.50   99600      13   99594  7784120  78.15
  2011           4      0.00016  0.00016  0.50   99587      16   99579  7684526  77.16
  2011           5      0.00010  0.00010  0.50   99571      10   99566  7584947  76.18
  2011           6      0.00009  0.00009  0.50   99561       9   99557  7485381  75.18
  2011           7      0.00010  0.00010  0.50   99553      10   99548  7385824  74.19
  2011           8      0.00007  0.00007  0.50   99543       7   99539  7286277  73.20
  2011           9      0.00009  0.00009  0.50   99535       9   99531  7186738  72.20
  2011          10      0.00005  0.00005  0.50   99527       5   99524  7087206  71.21
  2011          11      0.00010  0.00010  0.50   99522      10   99517  6987682  70.21
  2011          12      0.00008  0.00008  0.50   99512       8   99508  6888165  69.22
  2011          13      0.00009  0.00009  0.50   99504       9   99500  6788657  68.22
  2011          14      0.00009  0.00009  0.50   99495       9   99491  6689157  67.23
  2011          15      0.00013  0.00013  0.50   99487      13   99480  6589666  66.24
  2011          16      0.00034  0.00034  0.50   99474      33   99457  6490186  65.25
  2011          17      0.00039  0.00039  0.50   99440      38   99421  6390729  64.27
  2011          18      0.00042  0.00042  0.50   99402      42   99381  6291308  63.29
  2011          19      0.00046  0.00046  0.50   99360      46   99337  6191927  62.32
  2011          20      0.00056  0.00056  0.50   99314      56   99286  6092590  61.35
  2011          21      0.00058  0.00058  0.50   99258      57   99229  5993304  60.38
  2011          22      0.00056  0.00056  0.50   99201      55   99173  5894075  59.42
  2011          23      0.00040  0.00040  0.50   99145      39   99125  5794903  58.45
  2011          24      0.00048  0.00048  0.50   99106      48   99082  5695777  57.47
  2011          25      0.00044  0.00044  0.50   99058      43   99036  5596695  56.50
  2011          26      0.00051  0.00051  0.50   99014      51   98989  5497659  55.52
  2011          27      0.00051  0.00051  0.50   98964      50   98939  5398670  54.55
  2011          28      0.00051  0.00051  0.50   98914      51   98888  5299731  53.58
  2011          29      0.00045  0.00045  0.50   98863      44   98841  5200843  52.61
  2011          30      0.00045  0.00045  0.50   98819      44   98797  5102002  51.63
  2011          31      0.00052  0.00052  0.50   98774      51   98749  5003206  50.65
  2011          32      0.00054  0.00054  0.50   98723      53   98696  4904457  49.68
  2011          33      0.00057  0.00057  0.50   98670      56   98642  4805761  48.71
  2011          34      0.00070  0.00070  0.50   98614      69   98579  4707119  47.73
  2011          35      0.00057  0.00057  0.50   98545      56   98517  4608540  46.77
  2011          36      0.00058  0.00058  0.50   98488      57   98460  4510024  45.79
  2011          37      0.00065  0.00065  0.50   98431      64   98400  4411564  44.82
  2011          38      0.00077  0.00077  0.50   98368      76   98330  4313164  43.85
  2011          39      0.00095  0.00095  0.50   98292      94   98245  4214834  42.88
  2011          40      0.00080  0.00080  0.50   98198      78   98159  4116589  41.92
  2011          41      0.00107  0.00107  0.50   98120     105   98067  4018430  40.95
  2011          42      0.00111  0.00111  0.50   98015     109   97960  3920363  40.00
  2011          43      0.00128  0.00128  0.50   97906     125   97843  3822403  39.04
  2011          44      0.00147  0.00147  0.50   97780     144   97709  3724560  38.09
  2011          45      0.00162  0.00162  0.50   97637     158   97558  3626851  37.15
  2011          46      0.00193  0.00193  0.50   97478     188   97384  3529293  36.21
  2011          47      0.00221  0.00220  0.50   97290     214   97183  3431909  35.27
  2011          48      0.00226  0.00225  0.50   97076     219   96967  3334726  34.35
  2011          49      0.00234  0.00234  0.50   96857     226   96744  3237759  33.43
  2011          50      0.00287  0.00287  0.50   96631     277   96492  3141015  32.51
  2011          51      0.00331  0.00331  0.50   96354     319   96195  3044522  31.60
  2011          52      0.00359  0.00358  0.50   96035     344   95863  2948328  30.70
  2011          53      0.00362  0.00361  0.50   95691     346   95518  2852465  29.81
  2011          54      0.00420  0.00419  0.50   95345     399   95146  2756946  28.92
  2011          55      0.00473  0.00472  0.50   94946     448   94722  2661800  28.03
  2011          56      0.00501  0.00499  0.50   94498     472   94262  2567078  27.17
  2011          57      0.00572  0.00570  0.50   94026     536   93758  2472816  26.30
  2011          58      0.00608  0.00607  0.50   93490     567   93207  2379058  25.45
  2011          59      0.00645  0.00643  0.50   92923     598   92624  2285851  24.60
  2011          60      0.00681  0.00678  0.50   92326     626   92012  2193226  23.76
  2011          61      0.00865  0.00861  0.50   91699     790   91304  2101214  22.91
  2011          62      0.00882  0.00878  0.50   90909     799   90510  2009910  22.11
  2011          63      0.00983  0.00978  0.50   90111     881   89670  1919400  21.30
  2011          64      0.01108  0.01102  0.50   89230     984   88738  1829729  20.51
  2011          65      0.01182  0.01175  0.50   88246    1037   87728  1740991  19.73
  2011          66      0.01272  0.01264  0.50   87209    1102   86658  1653264  18.96
  2011          67      0.01266  0.01258  0.50   86107    1083   85566  1566606  18.19
  2011          68      0.01391  0.01381  0.50   85024    1175   84437  1481040  17.42
  2011          69      0.01507  0.01496  0.50   83850    1254   83222  1396603  16.66
  2011          70      0.01607  0.01594  0.50   82595    1317   81937  1313380  15.90
  2011          71      0.01694  0.01679  0.50   81279    1365   80596  1231443  15.15
  2011          72      0.01850  0.01833  0.50   79914    1465   79181  1150847  14.40
  2011          73      0.02026  0.02006  0.50   78449    1573   77662  1071666  13.66
  2011          74      0.02224  0.02199  0.50   76876    1691   76030   994004  12.93
  2011          75      0.02630  0.02596  0.50   75185    1952   74209   917974  12.21
  2011          76      0.02922  0.02880  0.50   73233    2109   72178   843765  11.52
  2011          77      0.03407  0.03350  0.50   71124    2383   69932   771586  10.85
  2011          78      0.03554  0.03491  0.50   68741    2400   67541   701654  10.21
  2011          79      0.04060  0.03979  0.50   66341    2640   65021   634113   9.56
  2011          80      0.04657  0.04551  0.50   63701    2899   62251   569092   8.93
  2011          81      0.05415  0.05273  0.50   60802    3206   59199   506841   8.34
  2011          82      0.06245  0.06055  0.50   57596    3488   55852   447642   7.77
  2011          83      0.06893  0.06663  0.50   54108    3605   52306   391790   7.24
  2011          84      0.08142  0.07824  0.50   50503    3951   48527   339484   6.72
  2011          85      0.08764  0.08396  0.50   46552    3909   44597   290957   6.25
  2011          86      0.09791  0.09334  0.50   42643    3980   40653   246359   5.78
  2011          87      0.11691  0.11046  0.50   38663    4271   36528   205706   5.32
  2011          88      0.12863  0.12085  0.50   34392    4156   32314   169179   4.92
  2011          89      0.15215  0.14139  0.50   30236    4275   28098   136864   4.53
  2011          90      0.16574  0.15306  0.50   25961    3974   23974   108766   4.19
  2011          91      0.19998  0.18180  0.50   21987    3997   19989    84792   3.86
  2011          92      0.20385  0.18499  0.50   17990    3328   16326    64803   3.60
  2011          93      0.24581  0.21891  0.50   14662    3210   13057    48477   3.31
  2011          94      0.24445  0.21782  0.50   11452    2495   10205    35420   3.09
  2011          95      0.29161  0.25450  0.50    8958    2280    7818    25215   2.81
  2011          96      0.32296  0.27806  0.50    6678    1857    5750    17397   2.61
  2011          97      0.35610  0.30228  0.50    4821    1457    4092    11647   2.42
  2011          98      0.39076  0.32689  0.50    3364    1100    2814     7555   2.25
  2011          99      0.42666  0.35164  0.50    2264     796    1866     4741   2.09
  2011         100      0.46341  0.37623  0.50    1468     552    1192     2875   1.96
  2011         101      0.50062  0.40040  0.50     916     367     732     1683   1.84
  2011         102      0.53788  0.42388  0.50     549     233     433      951   1.73
  2011         103      0.57475  0.44645  0.50     316     141     246      518   1.64
  2011         104      0.61083  0.46792  0.50     175      82     134      272   1.55
  2011         105      0.64574  0.48814  0.50      93      45      70      138   1.48
  2011         106      0.67917  0.50700  0.50      48      24      36       68   1.42
  2011         107      0.71086  0.52445  0.50      24      12      17       32   1.37
  2011         108      0.74059  0.54046  0.50      11       6       8       15   1.32
  2011         109      0.76825  0.55505  0.50       5       3       4        7   1.28
  2011         110+     0.79376  1.00000  1.26       2       2       3        3   1.26
  2012           0      0.00325  0.00324  0.14  100000     324   99722  8084341  80.84
  2012           1      0.00024  0.00024  0.50   99676      24   99664  7984619  80.11
  2012           2      0.00011  0.00011  0.50   99652      11   99647  7884955  79.12
  2012           3      0.00010  0.00010  0.50   99641      10   99636  7785308  78.13
  2012           4      0.00013  0.00013  0.50   99631      13   99625  7685672  77.14
  2012           5      0.00006  0.00006  0.50   99618       6   99615  7586047  76.15
  2012           6      0.00010  0.00010  0.50   99612      10   99607  7486432  75.16
  2012           7      0.00005  0.00005  0.50   99602       5   99600  7386825  74.16
  2012           8      0.00007  0.00007  0.50   99597       7   99594  7287225  73.17
  2012           9      0.00013  0.00013  0.50   99590      13   99583  7187632  72.17
  2012          10      0.00006  0.00006  0.50   99577       6   99574  7088048  71.18
  2012          11      0.00010  0.00010  0.50   99570      10   99566  6988475  70.19
  2012          12      0.00018  0.00018  0.50   99561      18   99552  6888909  69.19
  2012          13      0.00008  0.00008  0.50   99543       8   99539  6789357  68.21
  2012          14      0.00018  0.00018  0.50   99535      18   99526  6689818  67.21
  2012          15      0.00020  0.00020  0.50   99517      20   99507  6590293  66.22
  2012          16      0.00022  0.00022  0.50   99496      22   99485  6490786  65.24
  2012          17      0.00028  0.00028  0.50   99474      28   99460  6391301  64.25
  2012          18      0.00043  0.00043  0.50   99446      43   99425  6291841  63.27
  2012          19      0.00043  0.00043  0.50   99403      42   99382  6192416  62.30
  2012          20      0.00035  0.00035  0.50   99361      35   99343  6093034  61.32
  2012          21      0.00046  0.00046  0.50   99326      46   99303  5993691  60.34
  2012          22      0.00043  0.00043  0.50   99280      43   99259  5894388  59.37
  2012          23      0.00043  0.00043  0.50   99237      42   99216  5795129  58.40
  2012          24      0.00034  0.00034  0.50   99195      34   99178  5695913  57.42
  2012          25      0.00049  0.00049  0.50   99161      49   99137  5596735  56.44
  2012          26      0.00058  0.00058  0.50   99112      57   99083  5497599  55.47
  2012          27      0.00050  0.00050  0.50   99055      49   99030  5398515  54.50
  2012          28      0.00040  0.00040  0.50   99006      40   98986  5299485  53.53
  2012          29      0.00060  0.00060  0.50   98966      59   98936  5200500  52.55
  2012          30      0.00049  0.00049  0.50   98906      49   98882  5101564  51.58
  2012          31      0.00053  0.00053  0.50   98858      53   98831  5002682  50.60
  2012          32      0.00046  0.00046  0.50   98805      46   98782  4903850  49.63
  2012          33      0.00043  0.00043  0.50   98759      43   98738  4805068  48.65
  2012          34      0.00057  0.00057  0.50   98717      57   98688  4706330  47.68
  2012          35      0.00067  0.00067  0.50   98660      66   98627  4607642  46.70
  2012          36      0.00077  0.00077  0.50   98594      76   98556  4509015  45.73
  2012          37      0.00063  0.00063  0.50   98518      62   98487  4410459  44.77
  2012          38      0.00074  0.00074  0.50   98456      73   98419  4311972  43.80
  2012          39      0.00080  0.00080  0.50   98383      79   98344  4213553  42.83
  2012          40      0.00091  0.00091  0.50   98304      90   98259  4115209  41.86
  2012          41      0.00094  0.00094  0.50   98214      92   98168  4016950  40.90
  2012          42      0.00112  0.00112  0.50   98122     110   98067  3918782  39.94
  2012          43      0.00129  0.00129  0.50   98012     126   97949  3820714  38.98
  2012          44      0.00131  0.00131  0.50   97886     128   97822  3722765  38.03
  2012          45      0.00165  0.00165  0.50   97758     161   97677  3624944  37.08
  2012          46      0.00164  0.00164  0.50   97597     160   97517  3527266  36.14
  2012          47      0.00196  0.00196  0.50   97437     191   97342  3429749  35.20
  2012          48      0.00204  0.00204  0.50   97247     198   97147  3332407  34.27
  2012          49      0.00260  0.00260  0.50   97048     252   96922  3235260  33.34
  2012          50      0.00293  0.00293  0.50   96796     283   96655  3138337  32.42
  2012          51      0.00298  0.00298  0.50   96513     287   96369  3041683  31.52
  2012          52      0.00296  0.00295  0.50   96225     284   96083  2945314  30.61
  2012          53      0.00405  0.00404  0.50   95941     388   95747  2849230  29.70
  2012          54      0.00416  0.00415  0.50   95554     397   95355  2753483  28.82
  2012          55      0.00431  0.00430  0.50   95157     409   94952  2658128  27.93
  2012          56      0.00479  0.00478  0.50   94748     453   94521  2563176  27.05
  2012          57      0.00535  0.00533  0.50   94294     503   94043  2468655  26.18
  2012          58      0.00555  0.00553  0.50   93792     519   93532  2374612  25.32
  2012          59      0.00686  0.00684  0.50   93273     638   92954  2281080  24.46
  2012          60      0.00734  0.00731  0.50   92635     678   92296  2188126  23.62
  2012          61      0.00876  0.00872  0.50   91957     802   91557  2095830  22.79
  2012          62      0.00895  0.00891  0.50   91156     812   90750  2004273  21.99
  2012          63      0.00930  0.00925  0.50   90344     836   89926  1913523  21.18
  2012          64      0.01065  0.01060  0.50   89508     948   89034  1823597  20.37
  2012          65      0.01142  0.01135  0.50   88560    1005   88057  1734563  19.59
  2012          66      0.01285  0.01277  0.50   87554    1118   86995  1646506  18.81
  2012          67      0.01305  0.01296  0.50   86436    1121   85876  1559511  18.04
  2012          68      0.01429  0.01419  0.50   85316    1211   84710  1473635  17.27
  2012          69      0.01515  0.01504  0.50   84105    1265   83472  1388925  16.51
  2012          70      0.01648  0.01635  0.50   82840    1354   82163  1305453  15.76
  2012          71      0.01861  0.01844  0.50   81486    1502   80735  1223290  15.01
  2012          72      0.01914  0.01896  0.50   79983    1516   79225  1142555  14.28
  2012          73      0.02144  0.02121  0.50   78467    1664   77635  1063330  13.55
  2012          74      0.02424  0.02395  0.50   76803    1839   75883   985695  12.83
  2012          75      0.02535  0.02503  0.50   74963    1877   74025   909812  12.14
  2012          76      0.02865  0.02825  0.50   73087    2065   72055   835787  11.44
  2012          77      0.03189  0.03139  0.50   71022    2229   69908   763732  10.75
  2012          78      0.03634  0.03569  0.50   68793    2456   67566   693825  10.09
  2012          79      0.04188  0.04102  0.50   66338    2721   64977   626259   9.44
  2012          80      0.04761  0.04650  0.50   63617    2958   62138   561282   8.82
  2012          81      0.05357  0.05218  0.50   60659    3165   59076   499144   8.23
  2012          82      0.06091  0.05911  0.50   57494    3398   55795   440068   7.65
  2012          83      0.06994  0.06758  0.50   54095    3656   52268   384273   7.10
  2012          84      0.08088  0.07774  0.50   50440    3921   48479   332005   6.58
  2012          85      0.09373  0.08953  0.50   46519    4165   44436   283526   6.09
  2012          86      0.10099  0.09614  0.50   42354    4072   40318   239090   5.65
  2012          87      0.12005  0.11325  0.50   38282    4335   36114   198772   5.19
  2012          88      0.13394  0.12554  0.50   33947    4262   31816   162657   4.79
  2012          89      0.14910  0.13875  0.50   29685    4119   27626   130842   4.41
  2012          90      0.17888  0.16419  0.50   25566    4198   23467   103216   4.04
  2012          91      0.19373  0.17662  0.50   21369    3774   19481    79748   3.73
  2012          92      0.22973  0.20606  0.50   17594    3625   15782    60267   3.43
  2012          93      0.23112  0.20718  0.50   13969    2894   12522    44485   3.18
  2012          94      0.29166  0.25454  0.50   11075    2819    9665    31964   2.89
  2012          95      0.30661  0.26585  0.50    8256    2195    7158    22298   2.70
  2012          96      0.33974  0.29041  0.50    6061    1760    5181    15140   2.50
  2012          97      0.37462  0.31552  0.50    4301    1357    3622     9959   2.32
  2012          98      0.41095  0.34090  0.50    2944    1004    2442     6337   2.15
  2012          99      0.44837  0.36626  0.50    1940     711    1585     3895   2.01
  2012         100      0.48646  0.39129  0.50    1230     481     989     2310   1.88
  2012         101      0.52479  0.41571  0.50     748     311     593     1321   1.76
  2012         102      0.56289  0.43926  0.50     437     192     341      728   1.66
  2012         103      0.60031  0.46172  0.50     245     113     189      386   1.58
  2012         104      0.63664  0.48292  0.50     132      64     100      198   1.50
  2012         105      0.67152  0.50272  0.50      68      34      51       98   1.43
  2012         106      0.70463  0.52105  0.50      34      18      25       47   1.37
  2012         107      0.73574  0.53787  0.50      16       9      12       22   1.32
  2012         108      0.76468  0.55318  0.50       8       4       5       10   1.28
  2012         109      0.79137  0.56701  0.50       3       2       2        4   1.25
  2012         110+     0.81577  1.00000  1.23       1       1       2        2   1.23
  2013           0      0.00314  0.00313  0.14  100000     313   99731  8107751  81.08
  2013           1      0.00026  0.00026  0.50   99687      26   99674  8008020  80.33
  2013           2      0.00019  0.00019  0.50   99661      19   99651  7908346  79.35
  2013           3      0.00014  0.00014  0.50   99642      14   99635  7808695  78.37
  2013           4      0.00009  0.00009  0.50   99628       9   99624  7709060  77.38
  2013           5      0.00006  0.00006  0.50   99620       6   99616  7609436  76.38
  2013           6      0.00011  0.00011  0.50   99613      11   99608  7509819  75.39
  2013           7      0.00006  0.00006  0.50   99602       6   99599  7410212  74.40
  2013           8      0.00010  0.00010  0.50   99596      10   99591  7310613  73.40
  2013           9      0.00011  0.00011  0.50   99586      11   99581  7211022  72.41
  2013          10      0.00007  0.00007  0.50   99575       7   99572  7111441  71.42
  2013          11      0.00015  0.00015  0.50   99568      15   99561  7011869  70.42
  2013          12      0.00006  0.00006  0.50   99553       6   99550  6912309  69.43
  2013          13      0.00015  0.00015  0.50   99547      15   99540  6812758  68.44
  2013          14      0.00013  0.00013  0.50   99532      13   99526  6713219  67.45
  2013          15      0.00016  0.00016  0.50   99519      16   99511  6613693  66.46
  2013          16      0.00025  0.00025  0.50   99503      24   99491  6514182  65.47
  2013          17      0.00025  0.00025  0.50   99479      25   99466  6414691  64.48
  2013          18      0.00032  0.00032  0.50   99454      32   99438  6315224  63.50
  2013          19      0.00031  0.00031  0.50   99422      31   99406  6215787  62.52
  2013          20      0.00040  0.00040  0.50   99391      39   99371  6116380  61.54
  2013          21      0.00029  0.00029  0.50   99351      29   99337  6017009  60.56
  2013          22      0.00044  0.00044  0.50   99323      44   99301  5917672  59.58
  2013          23      0.00046  0.00046  0.50   99279      46   99256  5818372  58.61
  2013          24      0.00044  0.00044  0.50   99233      43   99212  5719116  57.63
  2013          25      0.00035  0.00035  0.50   99190      35   99173  5619904  56.66
  2013          26      0.00050  0.00050  0.50   99155      50   99130  5520731  55.68
  2013          27      0.00031  0.00031  0.50   99105      30   99090  5421601  54.71
  2013          28      0.00041  0.00041  0.50   99075      40   99055  5322511  53.72
  2013          29      0.00050  0.00050  0.50   99034      49   99010  5223456  52.74
  2013          30      0.00039  0.00039  0.50   98985      39   98966  5124447  51.77
  2013          31      0.00042  0.00042  0.50   98947      42   98926  5025481  50.79
  2013          32      0.00051  0.00051  0.50   98905      51   98880  4926555  49.81
  2013          33      0.00059  0.00059  0.50   98855      59   98825  4827675  48.84
  2013          34      0.00050  0.00050  0.50   98796      50   98771  4728850  47.86
  2013          35      0.00062  0.00062  0.50   98746      61   98716  4630079  46.89
  2013          36      0.00061  0.00061  0.50   98685      60   98655  4531364  45.92
  2013          37      0.00079  0.00079  0.50   98625      78   98586  4432708  44.94
  2013          38      0.00079  0.00079  0.50   98547      78   98508  4334122  43.98
  2013          39      0.00077  0.00077  0.50   98469      76   98431  4235614  43.01
  2013          40      0.00079  0.00079  0.50   98393      78   98354  4137184  42.05
  2013          41      0.00097  0.00096  0.50   98315      95   98268  4038830  41.08
  2013          42      0.00115  0.00115  0.50   98220     113   98163  3940562  40.12
  2013          43      0.00108  0.00107  0.50   98107     105   98054  3842399  39.17
  2013          44      0.00125  0.00125  0.50   98001     123   97940  3744345  38.21
  2013          45      0.00156  0.00156  0.50   97879     153   97802  3646405  37.25
  2013          46      0.00157  0.00157  0.50   97726     154   97649  3548602  36.31
  2013          47      0.00187  0.00187  0.50   97572     182   97481  3450953  35.37
  2013          48      0.00222  0.00221  0.50   97390     216   97282  3353472  34.43
  2013          49      0.00270  0.00270  0.50   97175     262   97043  3256189  33.51
  2013          50      0.00270  0.00270  0.50   96912     262   96781  3159146  32.60
  2013          51      0.00276  0.00276  0.50   96651     266   96517  3062365  31.68
  2013          52      0.00357  0.00356  0.50   96384     343   96213  2965847  30.77
  2013          53      0.00346  0.00346  0.50   96041     332   95875  2869635  29.88
  2013          54      0.00405  0.00404  0.50   95709     387   95515  2773760  28.98
  2013          55      0.00425  0.00424  0.50   95322     404   95120  2678244  28.10
  2013          56      0.00492  0.00491  0.50   94918     466   94685  2583124  27.21
  2013          57      0.00525  0.00523  0.50   94451     494   94204  2488440  26.35
  2013          58      0.00593  0.00592  0.50   93957     556   93679  2394235  25.48
  2013          59      0.00643  0.00641  0.50   93401     599   93102  2300556  24.63
  2013          60      0.00700  0.00698  0.50   92803     647   92479  2207454  23.79
  2013          61      0.00786  0.00783  0.50   92155     722   91795  2114975  22.95
  2013          62      0.00879  0.00875  0.50   91434     800   91034  2023180  22.13
  2013          63      0.00939  0.00935  0.50   90633     847   90210  1932147  21.32
  2013          64      0.01067  0.01061  0.50   89786     953   89310  1841937  20.51
  2013          65      0.01142  0.01136  0.50   88833    1009   88329  1752627  19.73
  2013          66      0.01206  0.01199  0.50   87824    1053   87298  1664299  18.95
  2013          67      0.01352  0.01343  0.50   86772    1165   86189  1577001  18.17
  2013          68      0.01358  0.01349  0.50   85607    1154   85029  1490812  17.41
  2013          69      0.01626  0.01613  0.50   84452    1362   83771  1405782  16.65
  2013          70      0.01672  0.01658  0.50   83090    1377   82401  1322011  15.91
  2013          71      0.01738  0.01723  0.50   81713    1408   81009  1239610  15.17
  2013          72      0.01796  0.01780  0.50   80305    1429   79590  1158601  14.43
  2013          73      0.02051  0.02030  0.50   78876    1601   78075  1079011  13.68
  2013          74      0.02232  0.02207  0.50   77274    1706   76422  1000936  12.95
  2013          75      0.02507  0.02476  0.50   75569    1871   74633   924514  12.23
  2013          76      0.02880  0.02839  0.50   73698    2092   72652   849881  11.53
  2013          77      0.03195  0.03145  0.50   71606    2252   70480   777229  10.85
  2013          78      0.03447  0.03388  0.50   69354    2350   68179   706750  10.19
  2013          79      0.04209  0.04122  0.50   67004    2762   65623   638571   9.53
  2013          80      0.04730  0.04621  0.50   64242    2969   62758   572948   8.92
  2013          81      0.05398  0.05256  0.50   61273    3221   59663   510190   8.33
  2013          82      0.06231  0.06043  0.50   58053    3508   56298   450527   7.76
  2013          83      0.06741  0.06521  0.50   54544    3557   52766   394229   7.23
  2013          84      0.07663  0.07380  0.50   50987    3763   49106   341463   6.70
  2013          85      0.09005  0.08617  0.50   47224    4069   45190   292357   6.19
  2013          86      0.09887  0.09422  0.50   43155    4066   41122   247167   5.73
  2013          87      0.11430  0.10812  0.50   39089    4226   36976   206045   5.27
  2013          88      0.13267  0.12442  0.50   34863    4338   32694   169069   4.85
  2013          89      0.14999  0.13953  0.50   30525    4259   28396   136375   4.47
  2013          90      0.17439  0.16040  0.50   26266    4213   24160   107980   4.11
  2013          91      0.19684  0.17920  0.50   22053    3952   20077    83820   3.80
  2013          92      0.21107  0.19092  0.50   18101    3456   16373    63743   3.52
  2013          93      0.24856  0.22108  0.50   14645    3238   13026    47370   3.23
  2013          94      0.25142  0.22334  0.50   11407    2548   10133    34344   3.01
  2013          95      0.30148  0.26199  0.50    8860    2321    7699    24210   2.73
  2013          96      0.33451  0.28658  0.50    6538    1874    5602    16511   2.53
  2013          97      0.36939  0.31180  0.50    4665    1454    3937    10910   2.34
  2013          98      0.40584  0.33738  0.50    3210    1083    2669     6972   2.17
  2013          99      0.44350  0.36300  0.50    2127     772    1741     4304   2.02
  2013         100      0.48193  0.38835  0.50    1355     526    1092     2563   1.89
  2013         101      0.52069  0.41314  0.50     829     342     658     1471   1.77
  2013         102      0.55931  0.43708  0.50     486     213     380      813   1.67
  2013         103      0.59730  0.45994  0.50     274     126     211      433   1.58
  2013         104      0.63424  0.48153  0.50     148      71     112      222   1.50
  2013         105      0.66972  0.50172  0.50      77      38      57      110   1.43
  2013         106      0.70343  0.52040  0.50      38      20      28       53   1.37
  2013         107      0.73510  0.53753  0.50      18      10      13       24   1.32
  2013         108      0.76455  0.55311  0.50       8       5       6       11   1.28
  2013         109      0.79169  0.56718  0.50       4       2       3        5   1.25
  2013         110+     0.81648  1.00000  1.22       2       2       2        2   1.22
  2014           0      0.00313  0.00312  0.14  100000     312   99732  8139046  81.39
  2014           1      0.00019  0.00019  0.50   99688      19   99678  8039314  80.64
  2014           2      0.00016  0.00016  0.50   99669      16   99661  7939636  79.66
  2014           3      0.00016  0.00016  0.50   99653      16   99645  7839974  78.67
  2014           4      0.00007  0.00007  0.50   99637       7   99633  7740329  77.69
  2014           5      0.00009  0.00009  0.50   99630       9   99625  7640696  76.69
  2014           6      0.00009  0.00009  0.50   99621       9   99617  7541070  75.70
  2014           7      0.00011  0.00011  0.50   99612      11   99607  7441454  74.70
  2014           8      0.00011  0.00011  0.50   99601      11   99596  7341847  73.71
  2014           9      0.00007  0.00007  0.50   99590       7   99587  7242251  72.72
  2014          10      0.00009  0.00009  0.50   99583       8   99579  7142665  71.73
  2014          11      0.00012  0.00012  0.50   99574      12   99568  7043086  70.73
  2014          12      0.00007  0.00007  0.50   99562       7   99559  6943518  69.74
  2014          13      0.00010  0.00010  0.50   99555      10   99550  6843959  68.75
  2014          14      0.00013  0.00013  0.50   99546      13   99539  6744409  67.75
  2014          15      0.00014  0.00014  0.50   99533      14   99526  6644870  66.76
  2014          16      0.00029  0.00029  0.50   99519      29   99504  6545344  65.77
  2014          17      0.00033  0.00033  0.50   99490      33   99473  6445840  64.79
  2014          18      0.00023  0.00023  0.50   99457      23   99446  6346366  63.81
  2014          19      0.00054  0.00054  0.50   99434      54   99407  6246921  62.82
  2014          20      0.00038  0.00038  0.50   99380      38   99361  6147513  61.86
  2014          21      0.00032  0.00032  0.50   99342      32   99326  6048152  60.88
  2014          22      0.00033  0.00033  0.50   99310      32   99294  5948826  59.90
  2014          23      0.00040  0.00040  0.50   99278      40   99258  5849532  58.92
  2014          24      0.00037  0.00037  0.50   99238      36   99220  5750274  57.94
  2014          25      0.00039  0.00039  0.50   99202      39   99182  5651054  56.97
  2014          26      0.00029  0.00029  0.50   99163      29   99148  5551872  55.99
  2014          27      0.00038  0.00038  0.50   99134      37   99115  5452723  55.00
  2014          28      0.00042  0.00042  0.50   99097      41   99076  5353608  54.02
  2014          29      0.00060  0.00060  0.50   99055      60   99026  5254532  53.05
  2014          30      0.00042  0.00042  0.50   98996      41   98975  5155506  52.08
  2014          31      0.00052  0.00052  0.50   98954      52   98929  5056531  51.10
  2014          32      0.00055  0.00055  0.50   98903      54   98876  4957603  50.13
  2014          33      0.00057  0.00057  0.50   98848      57   98820  4858727  49.15
  2014          34      0.00063  0.00063  0.50   98792      62   98761  4759907  48.18
  2014          35      0.00067  0.00067  0.50   98729      67   98696  4661146  47.21
  2014          36      0.00055  0.00055  0.50   98663      55   98636  4562450  46.24
  2014          37      0.00055  0.00055  0.50   98608      55   98581  4463815  45.27
  2014          38      0.00063  0.00063  0.50   98554      62   98523  4365234  44.29
  2014          39      0.00088  0.00088  0.50   98492      86   98448  4266711  43.32
  2014          40      0.00096  0.00096  0.50   98405      94   98358  4168263  42.36
  2014          41      0.00114  0.00114  0.50   98311     112   98255  4069904  41.40
  2014          42      0.00115  0.00115  0.50   98199     113   98143  3971649  40.44
  2014          43      0.00122  0.00122  0.50   98086     119   98026  3873507  39.49
  2014          44      0.00129  0.00129  0.50   97966     126   97903  3775481  38.54
  2014          45      0.00148  0.00148  0.50   97840     145   97768  3677577  37.59
  2014          46      0.00163  0.00163  0.50   97695     159   97616  3579809  36.64
  2014          47      0.00176  0.00176  0.50   97537     171   97451  3482193  35.70
  2014          48      0.00210  0.00210  0.50   97365     204   97263  3384742  34.76
  2014          49      0.00229  0.00229  0.50   97161     222   97050  3287479  33.84
  2014          50      0.00257  0.00257  0.50   96939     249   96814  3190430  32.91
  2014          51      0.00267  0.00266  0.50   96690     257   96561  3093615  32.00
  2014          52      0.00300  0.00300  0.50   96432     289   96288  2997054  31.08
  2014          53      0.00366  0.00366  0.50   96143     351   95968  2900767  30.17
  2014          54      0.00385  0.00384  0.50   95792     368   95608  2804799  29.28
  2014          55      0.00441  0.00440  0.50   95424     420   95214  2709191  28.39
  2014          56      0.00483  0.00482  0.50   95004     458   94775  2613977  27.51
  2014          57      0.00482  0.00481  0.50   94546     455   94319  2519202  26.65
  2014          58      0.00570  0.00568  0.50   94091     534   93824  2424883  25.77
  2014          59      0.00631  0.00629  0.50   93557     589   93262  2331059  24.92
  2014          60      0.00701  0.00699  0.50   92968     650   92643  2237797  24.07
  2014          61      0.00775  0.00772  0.50   92318     713   91962  2145153  23.24
  2014          62      0.00835  0.00832  0.50   91606     762   91225  2053191  22.41
  2014          63      0.00952  0.00947  0.50   90844     861   90414  1961966  21.60
  2014          64      0.00997  0.00992  0.50   89983     893   89537  1871553  20.80
  2014          65      0.01088  0.01082  0.50   89090     964   88608  1782016  20.00
  2014          66      0.01258  0.01251  0.50   88126    1102   87575  1693407  19.22
  2014          67      0.01367  0.01358  0.50   87024    1182   86433  1605832  18.45
  2014          68      0.01445  0.01434  0.50   85842    1231   85227  1519399  17.70
  2014          69      0.01493  0.01482  0.50   84611    1254   83984  1434172  16.95
  2014          70      0.01640  0.01626  0.50   83357    1356   82679  1350188  16.20
  2014          71      0.01793  0.01777  0.50   82001    1457   81273  1267509  15.46
  2014          72      0.01840  0.01823  0.50   80544    1468   79810  1186236  14.73
  2014          73      0.02006  0.01986  0.50   79076    1570   78291  1106426  13.99
  2014          74      0.02188  0.02165  0.50   77506    1678   76667  1028136  13.27
  2014          75      0.02389  0.02361  0.50   75828    1790   74933   951469  12.55
  2014          76      0.02637  0.02603  0.50   74038    1927   73074   876536  11.84
  2014          77      0.02992  0.02947  0.50   72111    2125   71048   803462  11.14
  2014          78      0.03378  0.03322  0.50   69985    2325   68823   732414  10.47
  2014          79      0.03653  0.03587  0.50   67660    2427   66447   663592   9.81
  2014          80      0.04508  0.04409  0.50   65233    2876   63795   597145   9.15
  2014          81      0.05112  0.04984  0.50   62357    3108   60803   533350   8.55
  2014          82      0.05823  0.05659  0.50   59249    3353   57573   472547   7.98
  2014          83      0.06608  0.06397  0.50   55896    3576   54109   414975   7.42
  2014          84      0.07172  0.06923  0.50   52321    3622   50510   360866   6.90
  2014          85      0.08689  0.08327  0.50   48698    4055   46671   310356   6.37
  2014          86      0.09875  0.09410  0.50   44643    4201   42543   263686   5.91
  2014          87      0.10740  0.10193  0.50   40442    4122   38381   221143   5.47
  2014          88      0.12281  0.11571  0.50   36320    4203   34219   182762   5.03
  2014          89      0.14609  0.13615  0.50   32117    4373   29931   148543   4.62
  2014          90      0.16071  0.14876  0.50   27745    4127   25681   118612   4.28
  2014          91      0.17689  0.16252  0.50   23618    3838   21698    92931   3.93
  2014          92      0.21159  0.19135  0.50   19779    3785   17887    71232   3.60
  2014          93      0.22820  0.20483  0.50   15995    3276   14356    53345   3.34
  2014          94      0.26260  0.23212  0.50   12718    2952   11242    38989   3.07
  2014          95      0.28675  0.25079  0.50    9766    2449    8542    27747   2.84
  2014          96      0.31849  0.27474  0.50    7317    2010    6312    19205   2.62
  2014          97      0.35217  0.29945  0.50    5307    1589    4512    12893   2.43
  2014          98      0.38755  0.32464  0.50    3718    1207    3114     8381   2.25
  2014          99      0.42431  0.35005  0.50    2511     879    2071     5267   2.10
  2014         100      0.46207  0.37535  0.50    1632     613    1326     3196   1.96
  2014         101      0.50040  0.40025  0.50    1019     408     815     1870   1.83
  2014         102      0.53883  0.42447  0.50     611     259     482     1055   1.73
  2014         103      0.57692  0.44776  0.50     352     158     273      573   1.63
  2014         104      0.61420  0.46990  0.50     194      91     149      300   1.55
  2014         105      0.65027  0.49072  0.50     103      51      78      152   1.47
  2014         106      0.68476  0.51011  0.50      52      27      39       74   1.41
  2014         107      0.71739  0.52800  0.50      26      14      19       35   1.35
  2014         108      0.74792  0.54435  0.50      12       7       9       16   1.31
  2014         109      0.77622  0.55919  0.50       6       3       4        7   1.27
  2014         110+     0.80221  1.00000  1.25       2       2       3        3   1.25
  2015           0      0.00315  0.00315  0.14  100000     315   99730  8115566  81.16
  2015           1      0.00019  0.00019  0.50   99685      19   99676  8015836  80.41
  2015           2      0.00018  0.00018  0.50   99666      18   99657  7916160  79.43
  2015           3      0.00005  0.00005  0.50   99648       5   99645  7816503  78.44
  2015           4      0.00011  0.00011  0.50   99643      11   99638  7716858  77.45
  2015           5      0.00010  0.00010  0.50   99632      10   99627  7617220  76.45
  2015           6      0.00006  0.00006  0.50   99622       6   99619  7517593  75.46
  2015           7      0.00004  0.00004  0.50   99616       4   99614  7417973  74.47
  2015           8      0.00005  0.00005  0.50   99613       5   99610  7318359  73.47
  2015           9      0.00006  0.00006  0.50   99608       6   99605  7218749  72.47
  2015          10      0.00006  0.00006  0.50   99602       6   99599  7119144  71.48
  2015          11      0.00016  0.00016  0.50   99596      16   99588  7019546  70.48
  2015          12      0.00012  0.00012  0.50   99580      12   99574  6919958  69.49
  2015          13      0.00011  0.00011  0.50   99568      11   99563  6820384  68.50
  2015          14      0.00009  0.00009  0.50   99557       9   99553  6720821  67.51
  2015          15      0.00015  0.00015  0.50   99548      15   99540  6621268  66.51
  2015          16      0.00042  0.00042  0.50   99533      42   99512  6521728  65.52
  2015          17      0.00023  0.00023  0.50   99491      23   99480  6422216  64.55
  2015          18      0.00029  0.00029  0.50   99468      29   99454  6322736  63.57
  2015          19      0.00027  0.00027  0.50   99439      27   99426  6223283  62.58
  2015          20      0.00049  0.00049  0.50   99412      49   99388  6123857  61.60
  2015          21      0.00042  0.00042  0.50   99363      41   99343  6024469  60.63
  2015          22      0.00034  0.00034  0.50   99322      34   99305  5925126  59.66
  2015          23      0.00043  0.00043  0.50   99288      43   99267  5825821  58.68
  2015          24      0.00042  0.00041  0.50   99246      41   99225  5726554  57.70
  2015          25      0.00035  0.00035  0.50   99205      34   99187  5627328  56.72
  2015          26      0.00036  0.00036  0.50   99170      36   99152  5528141  55.74
  2015          27      0.00035  0.00035  0.50   99134      35   99117  5428989  54.76
  2015          28      0.00044  0.00044  0.50   99099      44   99077  5329872  53.78
  2015          29      0.00040  0.00040  0.50   99055      39   99036  5230794  52.81
  2015          30      0.00041  0.00041  0.50   99016      41   98996  5131758  51.83
  2015          31      0.00045  0.00045  0.50   98975      45   98953  5032763  50.85
  2015          32      0.00050  0.00050  0.50   98931      49   98906  4933810  49.87
  2015          33      0.00050  0.00050  0.50   98882      49   98857  4834904  48.90
  2015          34      0.00052  0.00052  0.50   98832      52   98806  4736047  47.92
  2015          35      0.00084  0.00084  0.50   98781      83   98739  4637240  46.94
  2015          36      0.00060  0.00060  0.50   98697      59   98668  4538501  45.98
  2015          37      0.00079  0.00079  0.50   98638      78   98599  4439834  45.01
  2015          38      0.00074  0.00074  0.50   98560      73   98524  4341235  44.05
  2015          39      0.00079  0.00079  0.50   98487      77   98449  4242711  43.08
  2015          40      0.00087  0.00087  0.50   98410      85   98367  4144262  42.11
  2015          41      0.00096  0.00096  0.50   98325      94   98278  4045895  41.15
  2015          42      0.00117  0.00117  0.50   98231     115   98173  3947617  40.19
  2015          43      0.00128  0.00128  0.50   98115     126   98053  3849444  39.23
  2015          44      0.00132  0.00132  0.50   97990     129   97925  3751391  38.28
  2015          45      0.00135  0.00135  0.50   97861     132   97795  3653466  37.33
  2015          46      0.00166  0.00166  0.50   97729     162   97648  3555671  36.38
  2015          47      0.00167  0.00167  0.50   97567     163   97485  3458024  35.44
  2015          48      0.00199  0.00198  0.50   97404     193   97307  3360539  34.50
  2015          49      0.00227  0.00227  0.50   97210     221   97100  3263232  33.57
  2015          50      0.00236  0.00235  0.50   96990     228   96876  3166131  32.64
  2015          51      0.00273  0.00273  0.50   96762     264   96630  3069256  31.72
  2015          52      0.00289  0.00289  0.50   96498     278   96359  2972626  30.81
  2015          53      0.00334  0.00333  0.50   96219     320   96059  2876267  29.89
  2015          54      0.00393  0.00392  0.50   95899     376   95711  2780208  28.99
  2015          55      0.00457  0.00456  0.50   95523     435   95305  2684497  28.10
  2015          56      0.00437  0.00436  0.50   95088     414   94880  2589192  27.23
  2015          57      0.00516  0.00515  0.50   94673     488   94429  2494311  26.35
  2015          58      0.00549  0.00548  0.50   94185     516   93928  2399882  25.48
  2015          59      0.00623  0.00621  0.50   93670     582   93379  2305954  24.62
  2015          60      0.00702  0.00699  0.50   93088     651   92762  2212576  23.77
  2015          61      0.00744  0.00741  0.50   92437     685   92094  2119813  22.93
  2015          62      0.00810  0.00807  0.50   91752     740   91382  2027719  22.10
  2015          63      0.00925  0.00921  0.50   91011     838   90593  1936337  21.28
  2015          64      0.01057  0.01052  0.50   90174     948   89699  1845745  20.47
  2015          65      0.01186  0.01179  0.50   89225    1052   88699  1756045  19.68
  2015          66      0.01163  0.01157  0.50   88173    1020   87663  1667346  18.91
  2015          67      0.01337  0.01328  0.50   87153    1157   86574  1579683  18.13
  2015          68      0.01430  0.01420  0.50   85996    1221   85385  1493109  17.36
  2015          69      0.01658  0.01644  0.50   84775    1394   84078  1407724  16.61
  2015          70      0.01662  0.01649  0.50   83381    1375   82693  1323646  15.87
  2015          71      0.01875  0.01858  0.50   82006    1523   81244  1240952  15.13
  2015          72      0.01901  0.01883  0.50   80483    1516   79725  1159708  14.41
  2015          73      0.02167  0.02144  0.50   78967    1693   78120  1079983  13.68
  2015          74      0.02288  0.02262  0.50   77274    1748   76400  1001863  12.97
  2015          75      0.02412  0.02383  0.50   75526    1800   74626   925463  12.25
  2015          76      0.02801  0.02762  0.50   73727    2036   72708   850836  11.54
  2015          77      0.03155  0.03106  0.50   71690    2226   70577   778128  10.85
  2015          78      0.03627  0.03563  0.50   69464    2475   68226   707551  10.19
  2015          79      0.03834  0.03761  0.50   66989    2520   65729   639325   9.54
  2015          80      0.04569  0.04467  0.50   64469    2880   63029   573596   8.90
  2015          81      0.05233  0.05100  0.50   61589    3141   60019   510567   8.29
  2015          82      0.06059  0.05881  0.50   58448    3437   56730   450548   7.71
  2015          83      0.06931  0.06699  0.50   55011    3685   53168   393819   7.16
  2015          84      0.07667  0.07384  0.50   51326    3790   49431   340650   6.64
  2015          85      0.08970  0.08585  0.50   47536    4081   45495   291219   6.13
  2015          86      0.10405  0.09890  0.50   43455    4298   41306   245724   5.65
  2015          87      0.12030  0.11347  0.50   39157    4443   36936   204418   5.22
  2015          88      0.13562  0.12701  0.50   34714    4409   32509   167482   4.82
  2015          89      0.15249  0.14169  0.50   30305    4294   28158   134973   4.45
  2015          90      0.16990  0.15660  0.50   26011    4073   23974   106815   4.11
  2015          91      0.19387  0.17674  0.50   21938    3877   19999    82840   3.78
  2015          92      0.21427  0.19354  0.50   18061    3495   16313    62841   3.48
  2015          93      0.25910  0.22939  0.50   14565    3341   12895    46528   3.19
  2015          94      0.25184  0.22368  0.50   11224    2511    9969    33634   3.00
  2015          95      0.30373  0.26369  0.50    8714    2298    7565    23665   2.72
  2015          96      0.33700  0.28840  0.50    6416    1850    5491    16100   2.51
  2015          97      0.37215  0.31377  0.50    4566    1433    3849    10609   2.32
  2015          98      0.40890  0.33949  0.50    3133    1064    2601     6760   2.16
  2015          99      0.44687  0.36526  0.50    2069     756    1691     4159   2.01
  2015         100      0.48563  0.39075  0.50    1314     513    1057     2467   1.88
  2015         101      0.52471  0.41566  0.50     800     333     634     1410   1.76
  2015         102      0.56362  0.43971  0.50     468     206     365      776   1.66
  2015         103      0.60188  0.46265  0.50     262     121     201      412   1.57
  2015         104      0.63904  0.48430  0.50     141      68     107      210   1.49
  2015         105      0.67468  0.50450  0.50      73      37      54      103   1.42
  2015         106      0.70848  0.52316  0.50      36      19      27       49   1.37
  2015         107      0.74018  0.54024  0.50      17       9      13       23   1.31
  2015         108      0.76959  0.55574  0.50       8       4       6       10   1.27
  2015         109      0.79662  0.56970  0.50       4       2       3        4   1.24
  2015         110+     0.82125  1.00000  1.22       2       2       2        2   1.22
  2016           0      0.00317  0.00317  0.14  100000     317   99729  8159375  81.59
  2016           1      0.00028  0.00028  0.50   99683      28   99669  8059646  80.85
  2016           2      0.00014  0.00014  0.50   99655      14   99648  7959977  79.87
  2016           3      0.00012  0.00012  0.50   99641      12   99635  7860329  78.89
  2016           4      0.00005  0.00005  0.50   99629       5   99627  7760693  77.90
  2016           5      0.00012  0.00012  0.50   99624      12   99619  7661066  76.90
  2016           6      0.00002  0.00002  0.50   99613       2   99611  7561448  75.91
  2016           7      0.00011  0.00011  0.50   99610      11   99605  7461837  74.91
  2016           8      0.00006  0.00006  0.50   99599       6   99596  7362232  73.92
  2016           9      0.00010  0.00010  0.50   99593      10   99588  7262636  72.92
  2016          10      0.00007  0.00007  0.50   99583       7   99580  7163047  71.93
  2016          11      0.00008  0.00008  0.50   99576       8   99572  7063467  70.94
  2016          12      0.00010  0.00010  0.50   99568       9   99563  6963895  69.94
  2016          13      0.00007  0.00007  0.50   99559       7   99555  6864332  68.95
  2016          14      0.00007  0.00007  0.50   99552       7   99548  6764777  67.95
  2016          15      0.00017  0.00017  0.50   99544      17   99536  6665229  66.96
  2016          16      0.00023  0.00023  0.50   99527      23   99516  6565693  65.97
  2016          17      0.00024  0.00024  0.50   99504      24   99492  6466177  64.98
  2016          18      0.00041  0.00041  0.50   99480      40   99460  6366685  64.00
  2016          19      0.00042  0.00042  0.50   99440      42   99419  6267225  63.03
  2016          20      0.00049  0.00049  0.50   99398      49   99373  6167806  62.05
  2016          21      0.00037  0.00037  0.50   99349      37   99330  6068433  61.08
  2016          22      0.00039  0.00039  0.50   99311      38   99292  5969103  60.10
  2016          23      0.00027  0.00027  0.50   99273      27   99260  5869811  59.13
  2016          24      0.00027  0.00027  0.50   99246      27   99233  5770551  58.14
  2016          25      0.00036  0.00036  0.50   99219      36   99202  5671318  57.16
  2016          26      0.00042  0.00042  0.50   99184      42   99163  5572116  56.18
  2016          27      0.00028  0.00028  0.50   99142      27   99128  5472954  55.20
  2016          28      0.00049  0.00049  0.50   99114      48   99090  5373826  54.22
  2016          29      0.00036  0.00036  0.50   99066      36   99048  5274735  53.24
  2016          30      0.00041  0.00041  0.50   99030      40   99010  5175687  52.26
  2016          31      0.00057  0.00057  0.50   98990      56   98962  5076677  51.28
  2016          32      0.00050  0.00050  0.50   98934      49   98909  4977715  50.31
  2016          33      0.00056  0.00056  0.50   98884      55   98857  4878806  49.34
  2016          34      0.00054  0.00054  0.50   98829      54   98803  4779949  48.37
  2016          35      0.00057  0.00057  0.50   98776      56   98748  4681146  47.39
  2016          36      0.00069  0.00069  0.50   98720      69   98686  4582398  46.42
  2016          37      0.00066  0.00066  0.50   98651      65   98619  4483713  45.45
  2016          38      0.00068  0.00068  0.50   98587      67   98553  4385094  44.48
  2016          39      0.00069  0.00069  0.50   98520      68   98486  4286540  43.51
  2016          40      0.00087  0.00087  0.50   98452      85   98410  4188054  42.54
  2016          41      0.00099  0.00099  0.50   98367      97   98318  4089645  41.58
  2016          42      0.00087  0.00087  0.50   98270      85   98227  3991326  40.62
  2016          43      0.00102  0.00102  0.50   98185     100   98135  3893099  39.65
  2016          44      0.00144  0.00144  0.50   98085     141   98014  3794965  38.69
  2016          45      0.00132  0.00132  0.50   97943     129   97879  3696951  37.75
  2016          46      0.00154  0.00154  0.50   97814     151   97739  3599072  36.80
  2016          47      0.00159  0.00159  0.50   97663     155   97586  3501333  35.85
  2016          48      0.00199  0.00198  0.50   97508     194   97411  3403748  34.91
  2016          49      0.00220  0.00220  0.50   97314     214   97207  3306337  33.98
  2016          50      0.00233  0.00233  0.50   97101     226   96988  3209129  33.05
  2016          51      0.00234  0.00234  0.50   96875     227   96761  3112141  32.13
  2016          52      0.00271  0.00271  0.50   96648     262   96517  3015380  31.20
  2016          53      0.00318  0.00317  0.50   96386     306   96233  2918863  30.28
  2016          54      0.00369  0.00368  0.50   96080     354   95903  2822630  29.38
  2016          55      0.00366  0.00366  0.50   95726     350   95551  2726727  28.48
  2016          56      0.00467  0.00466  0.50   95376     445   95154  2631175  27.59
  2016          57      0.00533  0.00532  0.50   94932     505   94679  2536022  26.71
  2016          58      0.00542  0.00540  0.50   94427     510   94172  2441342  25.85
  2016          59      0.00611  0.00609  0.50   93917     572   93631  2347170  24.99
  2016          60      0.00643  0.00641  0.50   93345     598   93046  2253539  24.14
  2016          61      0.00719  0.00716  0.50   92747     664   92415  2160493  23.29
  2016          62      0.00841  0.00837  0.50   92083     771   91697  2068078  22.46
  2016          63      0.00921  0.00916  0.50   91312     837   90893  1976381  21.64
  2016          64      0.00935  0.00930  0.50   90475     842   90054  1885488  20.84
  2016          65      0.01054  0.01049  0.50   89633     940   89163  1795434  20.03
  2016          66      0.01174  0.01167  0.50   88693    1035   88175  1706271  19.24
  2016          67      0.01289  0.01281  0.50   87658    1123   87096  1618095  18.46
  2016          68      0.01444  0.01433  0.50   86535    1240   85915  1530999  17.69
  2016          69      0.01574  0.01561  0.50   85294    1332   84629  1445085  16.94
  2016          70      0.01676  0.01662  0.50   83963    1395   83265  1360456  16.20
  2016          71      0.01777  0.01761  0.50   82567    1454   81840  1277191  15.47
  2016          72      0.01910  0.01892  0.50   81113    1535   80346  1195351  14.74
  2016          73      0.02164  0.02141  0.50   79579    1704   78727  1115005  14.01
  2016          74      0.02274  0.02248  0.50   77875    1751   77000  1036278  13.31
  2016          75      0.02454  0.02424  0.50   76124    1845   75202   959278  12.60
  2016          76      0.02702  0.02666  0.50   74279    1981   73289   884076  11.90
  2016          77      0.03031  0.02986  0.50   72298    2159   71219   810788  11.21
  2016          78      0.03310  0.03256  0.50   70139    2284   68998   739569  10.54
  2016          79      0.03687  0.03620  0.50   67856    2457   66627   670571   9.88
  2016          80      0.04241  0.04153  0.50   65399    2716   64041   603944   9.23
  2016          81      0.04793  0.04681  0.50   62683    2934   61216   539903   8.61
  2016          82      0.05689  0.05532  0.50   59749    3305   58096   478687   8.01
  2016          83      0.06513  0.06308  0.50   56444    3560   54664   420591   7.45
  2016          84      0.07301  0.07044  0.50   52884    3725   51021   365927   6.92
  2016          85      0.08370  0.08034  0.50   49159    3949   47184   314906   6.41
  2016          86      0.09613  0.09172  0.50   45209    4147   43136   267722   5.92
  2016          87      0.10936  0.10369  0.50   41063    4258   38934   224586   5.47
  2016          88      0.12736  0.11974  0.50   36805    4407   34601   185653   5.04
  2016          89      0.13780  0.12892  0.50   32398    4177   30309   151052   4.66
  2016          90      0.15846  0.14682  0.50   28221    4143   26149   120742   4.28
  2016          91      0.18186  0.16670  0.50   24078    4014   22071    94593   3.93
  2016          92      0.20809  0.18848  0.50   20064    3782   18173    72522   3.61
  2016          93      0.24103  0.21511  0.50   16282    3502   14531    54349   3.34
  2016          94      0.24723  0.22003  0.50   12780    2812   11374    39818   3.12
  2016          95      0.28522  0.24962  0.50    9968    2488    8724    28445   2.85
  2016          96      0.31676  0.27345  0.50    7480    2045    6457    19721   2.64
  2016          97      0.35024  0.29805  0.50    5434    1620    4624    13264   2.44
  2016          98      0.38541  0.32314  0.50    3815    1233    3198     8640   2.26
  2016          99      0.42199  0.34846  0.50    2582     900    2132     5441   2.11
  2016         100      0.45959  0.37371  0.50    1682     629    1368     3309   1.97
  2016         101      0.49781  0.39860  0.50    1054     420     844     1941   1.84
  2016         102      0.53619  0.42283  0.50     634     268     500     1098   1.73
  2016         103      0.57426  0.44616  0.50     366     163     284      598   1.64
  2016         104      0.61158  0.46836  0.50     203      95     155      314   1.55
  2016         105      0.64773  0.48927  0.50     108      53      81      159   1.48
  2016         106      0.68234  0.50876  0.50      55      28      41       78   1.41
  2016         107      0.71510  0.52676  0.50      27      14      20       37   1.36
  2016         108      0.74580  0.54323  0.50      13       7       9       17   1.31
  2016         109      0.77427  0.55818  0.50       6       3       4        7   1.27
  2016         110+     0.80044  1.00000  1.25       3       3       3        3   1.25
  2017           0      0.00294  0.00293  0.14  100000     293   99749  8163432  81.63
  2017           1      0.00023  0.00023  0.50   99707      23   99695  8063684  80.87
  2017           2      0.00016  0.00016  0.50   99684      16   99676  7963988  79.89
  2017           3      0.00007  0.00007  0.50   99668       7   99664  7864312  78.91
  2017           4      0.00021  0.00021  0.50   99661      21   99650  7764648  77.91
  2017           5      0.00008  0.00008  0.50   99639       8   99635  7664998  76.93
  2017           6      0.00006  0.00006  0.50   99631       6   99628  7565363  75.93
  2017           7      0.00006  0.00006  0.50   99625       6   99622  7465735  74.94
  2017           8      0.00006  0.00006  0.50   99619       6   99616  7366113  73.94
  2017           9      0.00005  0.00005  0.50   99613       5   99611  7266497  72.95
  2017          10      0.00007  0.00007  0.50   99608       7   99605  7166886  71.95
  2017          11      0.00006  0.00006  0.50   99601       6   99598  7067281  70.96
  2017          12      0.00012  0.00012  0.50   99595      12   99589  6967683  69.96
  2017          13      0.00011  0.00011  0.50   99583      11   99578  6868094  68.97
  2017          14      0.00012  0.00012  0.50   99573      12   99567  6768516  67.98
  2017          15      0.00015  0.00015  0.50   99561      15   99554  6668949  66.98
  2017          16      0.00024  0.00024  0.50   99546      24   99534  6569395  65.99
  2017          17      0.00024  0.00024  0.50   99522      23   99510  6469861  65.01
  2017          18      0.00035  0.00035  0.50   99498      35   99481  6370351  64.02
  2017          19      0.00039  0.00039  0.50   99464      39   99444  6270870  63.05
  2017          20      0.00031  0.00031  0.50   99425      31   99409  6171426  62.07
  2017          21      0.00033  0.00033  0.50   99394      33   99378  6072016  61.09
  2017          22      0.00029  0.00029  0.50   99361      29   99347  5972639  60.11
  2017          23      0.00029  0.00029  0.50   99332      29   99317  5873292  59.13
  2017          24      0.00036  0.00036  0.50   99303      35   99285  5773975  58.15
  2017          25      0.00038  0.00038  0.50   99268      37   99249  5674689  57.17
  2017          26      0.00047  0.00047  0.50   99230      47   99207  5575441  56.19
  2017          27      0.00027  0.00027  0.50   99183      26   99170  5476234  55.21
  2017          28      0.00055  0.00055  0.50   99157      54   99130  5377064  54.23
  2017          29      0.00037  0.00037  0.50   99103      37   99084  5277934  53.26
  2017          30      0.00037  0.00037  0.50   99066      37   99047  5178850  52.28
  2017          31      0.00039  0.00039  0.50   99029      38   99010  5079803  51.30
  2017          32      0.00042  0.00042  0.50   98990      42   98969  4980793  50.32
  2017          33      0.00049  0.00049  0.50   98948      49   98924  4881824  49.34
  2017          34      0.00062  0.00062  0.50   98900      61   98869  4782900  48.36
  2017          35      0.00052  0.00052  0.50   98838      52   98813  4684031  47.39
  2017          36      0.00073  0.00073  0.50   98787      72   98751  4585218  46.42
  2017          37      0.00072  0.00072  0.50   98715      71   98680  4486467  45.45
  2017          38      0.00067  0.00067  0.50   98644      66   98611  4387787  44.48
  2017          39      0.00073  0.00073  0.50   98578      72   98542  4289176  43.51
  2017          40      0.00087  0.00087  0.50   98507      85   98464  4190634  42.54
  2017          41      0.00083  0.00083  0.50   98421      81   98381  4092170  41.58
  2017          42      0.00106  0.00106  0.50   98340     104   98288  3993789  40.61
  2017          43      0.00117  0.00117  0.50   98236     115   98178  3895501  39.65
  2017          44      0.00116  0.00116  0.50   98121     114   98064  3797323  38.70
  2017          45      0.00127  0.00127  0.50   98007     124   97945  3699260  37.74
  2017          46      0.00136  0.00136  0.50   97882     133   97816  3601315  36.79
  2017          47      0.00172  0.00172  0.50   97750     168   97665  3503499  35.84
  2017          48      0.00181  0.00181  0.50   97581     177   97493  3405834  34.90
  2017          49      0.00203  0.00203  0.50   97404     198   97305  3308341  33.97
  2017          50      0.00203  0.00203  0.50   97206     197   97108  3211036  33.03
  2017          51      0.00262  0.00262  0.50   97009     254   96883  3113928  32.10
  2017          52      0.00283  0.00283  0.50   96756     274   96619  3017046  31.18
  2017          53      0.00337  0.00336  0.50   96482     325   96320  2920427  30.27
  2017          54      0.00350  0.00349  0.50   96157     336   95989  2824107  29.37
  2017          55      0.00381  0.00380  0.50   95821     365   95639  2728118  28.47
  2017          56      0.00453  0.00452  0.50   95457     432   95241  2632479  27.58
  2017          57      0.00491  0.00490  0.50   95025     465   94792  2537238  26.70
  2017          58      0.00540  0.00539  0.50   94560     509   94305  2442445  25.83
  2017          59      0.00560  0.00559  0.50   94050     525   93788  2348140  24.97
  2017          60      0.00645  0.00643  0.50   93525     601   93224  2254352  24.10
  2017          61      0.00703  0.00700  0.50   92924     651   92598  2161128  23.26
  2017          62      0.00796  0.00793  0.50   92273     732   91907  2068530  22.42
  2017          63      0.00897  0.00893  0.50   91541     817   91132  1976622  21.59
  2017          64      0.00893  0.00889  0.50   90724     806   90321  1885490  20.78
  2017          65      0.01045  0.01039  0.50   89918     935   89450  1795169  19.96
  2017          66      0.01071  0.01065  0.50   88983     948   88509  1705719  19.17
  2017          67      0.01223  0.01215  0.50   88036    1070   87501  1617209  18.37
  2017          68      0.01455  0.01445  0.50   86966    1257   86337  1529709  17.59
  2017          69      0.01423  0.01413  0.50   85709    1211   85104  1443371  16.84
  2017          70      0.01697  0.01683  0.50   84498    1422   83787  1358267  16.07
  2017          71      0.01860  0.01842  0.50   83077    1531   82311  1274480  15.34
  2017          72      0.01969  0.01949  0.50   81546    1590   80751  1192169  14.62
  2017          73      0.02191  0.02167  0.50   79956    1733   79090  1111418  13.90
  2017          74      0.02234  0.02210  0.50   78223    1728   77359  1032328  13.20
  2017          75      0.02414  0.02386  0.50   76495    1825   75583   954969  12.48
  2017          76      0.02618  0.02584  0.50   74670    1930   73705   879386  11.78
  2017          77      0.03011  0.02966  0.50   72741    2157   71662   805680  11.08
  2017          78      0.03257  0.03205  0.50   70583    2262   69452   734018  10.40
  2017          79      0.03761  0.03692  0.50   68321    2522   67060   664566   9.73
  2017          80      0.04256  0.04167  0.50   65799    2742   64428   597506   9.08
  2017          81      0.05003  0.04881  0.50   63057    3078   61518   533079   8.45
  2017          82      0.05567  0.05417  0.50   59979    3249   58354   471561   7.86
  2017          83      0.06667  0.06452  0.50   56730    3660   54900   413206   7.28
  2017          84      0.07489  0.07219  0.50   53070    3831   51154   358307   6.75
  2017          85      0.08874  0.08497  0.50   49239    4184   47147   307152   6.24
  2017          86      0.10241  0.09742  0.50   45055    4389   42860   260006   5.77
  2017          87      0.11514  0.10887  0.50   40665    4427   38452   217146   5.34
  2017          88      0.12625  0.11875  0.50   36238    4303   34086   178694   4.93
  2017          89      0.14711  0.13703  0.50   31935    4376   29747   144608   4.53
  2017          90      0.16608  0.15334  0.50   27559    4226   25446   114861   4.17
  2017          91      0.18584  0.17004  0.50   23333    3967   21349    89416   3.83
  2017          92      0.20885  0.18910  0.50   19365    3662   17534    68067   3.51
  2017          93      0.24091  0.21501  0.50   15703    3376   14015    50533   3.22
  2017          94      0.27266  0.23994  0.50   12327    2958   10848    36518   2.96
  2017          95      0.29958  0.26056  0.50    9369    2441    8148    25670   2.74
  2017          96      0.33298  0.28546  0.50    6928    1978    5939    17521   2.53
  2017          97      0.36834  0.31105  0.50    4950    1540    4180    11582   2.34
  2017          98      0.40535  0.33704  0.50    3410    1149    2836     7402   2.17
  2017          99      0.44365  0.36310  0.50    2261     821    1851     4566   2.02
  2017         100      0.48280  0.38892  0.50    1440     560    1160     2716   1.89
  2017         101      0.52232  0.41416  0.50     880     364     698     1556   1.77
  2017         102      0.56171  0.43854  0.50     516     226     402      858   1.66
  2017         103      0.60045  0.46181  0.50     289     134     223      455   1.57
  2017         104      0.63809  0.48375  0.50     156      75     118      233   1.49
  2017         105      0.67418  0.50422  0.50      80      41      60      115   1.42
  2017         106      0.70839  0.52311  0.50      40      21      29       54   1.37
  2017         107      0.74045  0.54038  0.50      19      10      14       25   1.31
  2017         108      0.77016  0.55604  0.50       9       5       6       11   1.27
  2017         109      0.79744  0.57012  0.50       4       2       3        5   1.24
  2017         110+     0.82224  1.00000  1.22       2       2       2        2   1.22
  2018           0      0.00270  0.00269  0.14  100000     269   99770  8169052  81.69
  2018           1      0.00018  0.00018  0.50   99731      18   99722  8069282  80.91
  2018           2      0.00014  0.00014  0.50   99713      14   99706  7969561  79.93
  2018           3      0.00009  0.00009  0.50   99699       9   99695  7869854  78.94
  2018           4      0.00008  0.00008  0.50   99690       8   99686  7770160  77.94
  2018           5      0.00007  0.00007  0.50   99682       7   99678  7670474  76.95
  2018           6      0.00004  0.00004  0.50   99675       4   99673  7570795  75.95
  2018           7      0.00006  0.00006  0.50   99671       6   99668  7471122  74.96
  2018           8      0.00010  0.00010  0.50   99665      10   99661  7371454  73.96
  2018           9      0.00011  0.00011  0.50   99656      11   99650  7271793  72.97
  2018          10      0.00004  0.00004  0.50   99645       4   99643  7172143  71.98
  2018          11      0.00006  0.00006  0.50   99641       6   99638  7072500  70.98
  2018          12      0.00007  0.00007  0.50   99635       7   99632  6972861  69.98
  2018          13      0.00012  0.00012  0.50   99628      12   99623  6873229  68.99
  2018          14      0.00011  0.00011  0.50   99617      11   99611  6773607  68.00
  2018          15      0.00017  0.00017  0.50   99606      17   99598  6673995  67.00
  2018          16      0.00022  0.00022  0.50   99589      22   99578  6574398  66.02
  2018          17      0.00032  0.00032  0.50   99567      32   99551  6474820  65.03
  2018          18      0.00039  0.00039  0.50   99535      39   99515  6375269  64.05
  2018          19      0.00024  0.00024  0.50   99496      24   99484  6275754  63.08
  2018          20      0.00027  0.00027  0.50   99472      27   99458  6176270  62.09
  2018          21      0.00047  0.00047  0.50   99444      47   99421  6076812  61.11
  2018          22      0.00038  0.00038  0.50   99397      38   99378  5977391  60.14
  2018          23      0.00037  0.00037  0.50   99359      37   99341  5878013  59.16
  2018          24      0.00026  0.00026  0.50   99322      26   99310  5778672  58.18
  2018          25      0.00034  0.00034  0.50   99297      33   99280  5679362  57.20
  2018          26      0.00038  0.00038  0.50   99263      38   99244  5580082  56.22
  2018          27      0.00048  0.00048  0.50   99225      47   99202  5480838  55.24
  2018          28      0.00032  0.00032  0.50   99178      32   99162  5381636  54.26
  2018          29      0.00048  0.00048  0.50   99146      47   99122  5282474  53.28
  2018          30      0.00040  0.00040  0.50   99099      40   99079  5183352  52.30
  2018          31      0.00048  0.00048  0.50   99059      47   99035  5084273  51.33
  2018          32      0.00044  0.00044  0.50   99011      44   98989  4985238  50.35
  2018          33      0.00052  0.00052  0.50   98968      52   98942  4886248  49.37
  2018          34      0.00068  0.00068  0.50   98916      67   98882  4787307  48.40
  2018          35      0.00073  0.00073  0.50   98848      72   98812  4688424  47.43
  2018          36      0.00058  0.00058  0.50   98776      57   98748  4589612  46.46
  2018          37      0.00063  0.00063  0.50   98719      62   98688  4490864  45.49
  2018          38      0.00054  0.00054  0.50   98657      53   98630  4392176  44.52
  2018          39      0.00093  0.00093  0.50   98604      91   98558  4293546  43.54
  2018          40      0.00100  0.00100  0.50   98512      99   98463  4194988  42.58
  2018          41      0.00114  0.00114  0.50   98414     112   98357  4096525  41.63
  2018          42      0.00116  0.00116  0.50   98301     114   98244  3998167  40.67
  2018          43      0.00107  0.00106  0.50   98187     105   98135  3899923  39.72
  2018          44      0.00122  0.00122  0.50   98082     119   98023  3801789  38.76
  2018          45      0.00144  0.00144  0.50   97963     141   97893  3703766  37.81
  2018          46      0.00143  0.00142  0.50   97822     139   97753  3605873  36.86
  2018          47      0.00160  0.00160  0.50   97683     156   97605  3508121  35.91
  2018          48      0.00189  0.00189  0.50   97527     184   97435  3410516  34.97
  2018          49      0.00205  0.00205  0.50   97342     199   97243  3313081  34.04
  2018          50      0.00219  0.00219  0.50   97143     213   97036  3215839  33.10
  2018          51      0.00237  0.00237  0.50   96930     230   96815  3118802  32.18
  2018          52      0.00268  0.00267  0.50   96701     258   96571  3021987  31.25
  2018          53      0.00316  0.00315  0.50   96442     304   96290  2925416  30.33
  2018          54      0.00355  0.00354  0.50   96138     341   95968  2829125  29.43
  2018          55      0.00391  0.00390  0.50   95798     374   95611  2733158  28.53
  2018          56      0.00474  0.00473  0.50   95424     451   95198  2637547  27.64
  2018          57      0.00497  0.00496  0.50   94973     471   94738  2542349  26.77
  2018          58      0.00516  0.00515  0.50   94502     486   94259  2447611  25.90
  2018          59      0.00616  0.00614  0.50   94016     577   93728  2353352  25.03
  2018          60      0.00637  0.00635  0.50   93439     594   93142  2259624  24.18
  2018          61      0.00682  0.00680  0.50   92846     631   92530  2166482  23.33
  2018          62      0.00762  0.00759  0.50   92214     700   91864  2073952  22.49
  2018          63      0.00859  0.00855  0.50   91514     783   91123  1982087  21.66
  2018          64      0.00911  0.00907  0.50   90732     823   90320  1890964  20.84
  2018          65      0.01026  0.01020  0.50   89909     917   89450  1800644  20.03
  2018          66      0.01143  0.01137  0.50   88992    1011   88486  1711194  19.23
  2018          67      0.01268  0.01260  0.50   87980    1109   87426  1622708  18.44
  2018          68      0.01358  0.01349  0.50   86872    1172   86286  1535282  17.67
  2018          69      0.01484  0.01473  0.50   85700    1262   85068  1448996  16.91
  2018          70      0.01686  0.01672  0.50   84437    1412   83731  1363928  16.15
  2018          71      0.01773  0.01757  0.50   83025    1459   82296  1280196  15.42
  2018          72      0.02020  0.02000  0.50   81567    1631   80751  1197900  14.69
  2018          73      0.02064  0.02043  0.50   79935    1633   79119  1117150  13.98
  2018          74      0.02366  0.02338  0.50   78302    1831   77387  1038031  13.26
  2018          75      0.02524  0.02493  0.50   76471    1906   75518   960644  12.56
  2018          76      0.02626  0.02592  0.50   74565    1932   73599   885126  11.87
  2018          77      0.02969  0.02926  0.50   72632    2125   71570   811527  11.17
  2018          78      0.03277  0.03224  0.50   70507    2273   69371   739957  10.49
  2018          79      0.03555  0.03493  0.50   68234    2384   67042   670586   9.83
  2018          80      0.04241  0.04153  0.50   65851    2735   64483   603544   9.17
  2018          81      0.04790  0.04678  0.50   63116    2952   61640   539061   8.54
  2018          82      0.05568  0.05417  0.50   60164    3259   58534   477421   7.94
  2018          83      0.06501  0.06296  0.50   56905    3583   55113   418886   7.36
  2018          84      0.07248  0.06995  0.50   53322    3730   51457   363773   6.82
  2018          85      0.08589  0.08235  0.50   49592    4084   47550   312316   6.30
  2018          86      0.10009  0.09532  0.50   45508    4338   43339   264766   5.82
  2018          87      0.10828  0.10272  0.50   41170    4229   39056   221427   5.38
  2018          88      0.12529  0.11790  0.50   36941    4355   34763   182371   4.94
  2018          89      0.14345  0.13385  0.50   32586    4362   30405   147608   4.53
  2018          90      0.16938  0.15615  0.50   28224    4407   26020   117203   4.15
  2018          91      0.19051  0.17394  0.50   23817    4143   21745    91183   3.83
  2018          92      0.21046  0.19042  0.50   19674    3746   17801    69437   3.53
  2018          93      0.23805  0.21273  0.50   15928    3388   14233    51636   3.24
  2018          94      0.27364  0.24070  0.50   12539    3018   11030    37403   2.98
  2018          95      0.29563  0.25756  0.50    9521    2452    8295    26373   2.77
  2018          96      0.32857  0.28221  0.50    7069    1995    6071    18078   2.56
  2018          97      0.36343  0.30755  0.50    5074    1560    4294    12006   2.37
  2018          98      0.39996  0.33330  0.50    3513    1171    2928     7713   2.20
  2018          99      0.43778  0.35917  0.50    2342     841    1922     4785   2.04
  2018         100      0.47651  0.38482  0.50    1501     578    1212     2863   1.91
  2018         101      0.51566  0.40996  0.50     923     379     734     1651   1.79
  2018         102      0.55476  0.43430  0.50     545     237     427      917   1.68
  2018         103      0.59332  0.45758  0.50     308     141     238      490   1.59
  2018         104      0.63087  0.47959  0.50     167      80     127      252   1.51
  2018         105      0.66699  0.50018  0.50      87      44      65      125   1.44
  2018         106      0.70132  0.51924  0.50      43      23      32       60   1.38
  2018         107      0.73359  0.53672  0.50      21      11      15       28   1.33
  2018         108      0.76360  0.55261  0.50      10       5       7       12   1.28
  2018         109      0.79123  0.56694  0.50       4       2       3        5   1.25
  2018         110+     0.81643  1.00000  1.22       2       2       2        2   1.22
  2019           0      0.00299  0.00299  0.14  100000     299   99744  8191211  81.91
  2019           1      0.00028  0.00028  0.50   99701      28   99687  8091467  81.16
  2019           2      0.00021  0.00021  0.50   99673      21   99662  7991780  80.18
  2019           3      0.00016  0.00016  0.50   99652      16   99644  7892117  79.20
  2019           4      0.00008  0.00008  0.50   99636       8   99632  7792473  78.21
  2019           5      0.00009  0.00009  0.50   99628       9   99623  7692841  77.22
  2019           6      0.00006  0.00006  0.50   99619       6   99616  7593218  76.22
  2019           7      0.00007  0.00007  0.50   99613       7   99609  7493602  75.23
  2019           8      0.00004  0.00004  0.50   99606       4   99604  7393993  74.23
  2019           9      0.00011  0.00011  0.50   99602      11   99597  7294389  73.24
  2019          10      0.00012  0.00012  0.50   99591      12   99585  7194792  72.24
  2019          11      0.00008  0.00008  0.50   99580       8   99575  7095207  71.25
  2019          12      0.00006  0.00006  0.50   99571       6   99568  6995631  70.26
  2019          13      0.00013  0.00013  0.50   99565      13   99559  6896063  69.26
  2019          14      0.00009  0.00009  0.50   99552       9   99548  6796504  68.27
  2019          15      0.00020  0.00020  0.50   99543      20   99533  6696956  67.28
  2019          16      0.00024  0.00024  0.50   99523      24   99511  6597423  66.29
  2019          17      0.00022  0.00022  0.50   99499      22   99488  6497912  65.31
  2019          18      0.00040  0.00040  0.50   99477      40   99457  6398424  64.32
  2019          19      0.00026  0.00026  0.50   99438      26   99425  6298966  63.35
  2019          20      0.00033  0.00033  0.50   99412      33   99395  6199541  62.36
  2019          21      0.00044  0.00044  0.50   99379      44   99357  6100146  61.38
  2019          22      0.00038  0.00038  0.50   99335      38   99316  6000789  60.41
  2019          23      0.00023  0.00023  0.50   99297      23   99286  5901473  59.43
  2019          24      0.00038  0.00038  0.50   99274      38   99255  5802188  58.45
  2019          25      0.00046  0.00046  0.50   99236      45   99213  5702933  57.47
  2019          26      0.00032  0.00032  0.50   99191      32   99175  5603719  56.49
  2019          27      0.00045  0.00045  0.50   99159      45   99136  5504545  55.51
  2019          28      0.00041  0.00041  0.50   99114      40   99094  5405408  54.54
  2019          29      0.00036  0.00036  0.50   99073      36   99056  5306315  53.56
  2019          30      0.00045  0.00045  0.50   99038      45   99015  5207259  52.58
  2019          31      0.00053  0.00053  0.50   98993      52   98967  5108244  51.60
  2019          32      0.00053  0.00053  0.50   98941      53   98915  5009277  50.63
  2019          33      0.00062  0.00062  0.50   98888      61   98858  4910362  49.66
  2019          34      0.00053  0.00053  0.50   98828      52   98801  4811504  48.69
  2019          35      0.00056  0.00056  0.50   98775      56   98748  4712702  47.71
  2019          36      0.00063  0.00063  0.50   98720      62   98689  4613955  46.74
  2019          37      0.00060  0.00060  0.50   98658      59   98628  4515266  45.77
  2019          38      0.00066  0.00065  0.50   98599      65   98566  4416638  44.79
  2019          39      0.00084  0.00084  0.50   98534      83   98493  4318072  43.82
  2019          40      0.00090  0.00089  0.50   98451      88   98407  4219579  42.86
  2019          41      0.00109  0.00109  0.50   98363     107   98310  4121171  41.90
  2019          42      0.00092  0.00092  0.50   98256      91   98211  4022862  40.94
  2019          43      0.00102  0.00102  0.50   98166     100   98116  3924651  39.98
  2019          44      0.00109  0.00109  0.50   98066     107   98012  3826535  39.02
  2019          45      0.00158  0.00158  0.50   97959     155   97881  3728523  38.06
  2019          46      0.00163  0.00162  0.50   97804     159   97724  3630642  37.12
  2019          47      0.00164  0.00164  0.50   97645     160   97565  3532918  36.18
  2019          48      0.00193  0.00193  0.50   97484     188   97390  3435353  35.24
  2019          49      0.00184  0.00184  0.50   97297     179   97207  3337963  34.31
  2019          50      0.00213  0.00213  0.50   97118     206   97015  3240756  33.37
  2019          51      0.00225  0.00224  0.50   96911     217   96803  3143741  32.44
  2019          52      0.00273  0.00273  0.50   96694     264   96562  3046938  31.51
  2019          53      0.00282  0.00282  0.50   96430     272   96295  2950376  30.60
  2019          54      0.00317  0.00316  0.50   96159     304   96007  2854081  29.68
  2019          55      0.00369  0.00368  0.50   95855     353   95678  2758074  28.77
  2019          56      0.00406  0.00405  0.50   95502     387   95308  2662396  27.88
  2019          57      0.00465  0.00464  0.50   95115     441   94894  2567088  26.99
  2019          58      0.00463  0.00462  0.50   94674     438   94455  2472193  26.11
  2019          59      0.00543  0.00541  0.50   94236     510   93981  2377739  25.23
  2019          60      0.00607  0.00605  0.50   93726     567   93442  2283758  24.37
  2019          61      0.00694  0.00692  0.50   93159     644   92836  2190316  23.51
  2019          62      0.00739  0.00736  0.50   92514     681   92174  2097479  22.67
  2019          63      0.00828  0.00825  0.50   91834     757   91455  2005305  21.84
  2019          64      0.00849  0.00846  0.50   91076     770   90691  1913850  21.01
  2019          65      0.01026  0.01021  0.50   90306     922   89845  1823159  20.19
  2019          66      0.01097  0.01091  0.50   89384     975   88897  1733314  19.39
  2019          67      0.01271  0.01263  0.50   88409    1117   87851  1644417  18.60
  2019          68      0.01337  0.01329  0.50   87293    1160   86713  1556566  17.83
  2019          69      0.01450  0.01439  0.50   86133    1240   85513  1469853  17.06
  2019          70      0.01554  0.01542  0.50   84893    1309   84239  1384340  16.31
  2019          71      0.01806  0.01790  0.50   83585    1496   82837  1300101  15.55
  2019          72      0.01957  0.01938  0.50   82089    1591   81293  1217265  14.83
  2019          73      0.02146  0.02124  0.50   80498    1710   79643  1135972  14.11
  2019          74      0.02256  0.02231  0.50   78788    1758   77909  1056329  13.41
  2019          75      0.02600  0.02567  0.50   77030    1977   76042   978420  12.70
  2019          76      0.02645  0.02610  0.50   75053    1959   74074   902378  12.02
  2019          77      0.02877  0.02836  0.50   73094    2073   72058   828304  11.33
  2019          78      0.03154  0.03105  0.50   71021    2205   69919   756246  10.65
  2019          79      0.03490  0.03430  0.50   68816    2361   67636   686327   9.97
  2019          80      0.03921  0.03846  0.50   66456    2556   65178   618691   9.31
  2019          81      0.04402  0.04307  0.50   63900    2752   62524   553513   8.66
  2019          82      0.05360  0.05220  0.50   61148    3192   59552   490990   8.03
  2019          83      0.06111  0.05929  0.50   57956    3436   56237   431438   7.44
  2019          84      0.07320  0.07062  0.50   54519    3850   52594   375201   6.88
  2019          85      0.08481  0.08136  0.50   50669    4122   48608   322607   6.37
  2019          86      0.09572  0.09134  0.50   46547    4252   44421   273999   5.89
  2019          87      0.10992  0.10419  0.50   42295    4407   40092   229578   5.43
  2019          88      0.12558  0.11816  0.50   37888    4477   35650   189486   5.00
  2019          89      0.13834  0.12939  0.50   33411    4323   31250   153836   4.60
  2019          90      0.15901  0.14730  0.50   29088    4285   26946   122586   4.21
  2019          91      0.18980  0.17335  0.50   24804    4300   22654    95641   3.86
  2019          92      0.20871  0.18899  0.50   20504    3875   18566    72987   3.56
  2019          93      0.23455  0.20993  0.50   16629    3491   14883    54420   3.27
  2019          94      0.26448  0.23359  0.50   13138    3069   11604    39537   3.01
  2019          95      0.29384  0.25620  0.50   10069    2580    8779    27933   2.77
  2019          96      0.32738  0.28133  0.50    7489    2107    6436    19154   2.56
  2019          97      0.36296  0.30721  0.50    5382    1654    4556    12718   2.36
  2019          98      0.40029  0.33353  0.50    3729    1244    3107     8163   2.19
  2019          99      0.43898  0.35997  0.50    2485     895    2038     5056   2.03
  2019         100      0.47861  0.38619  0.50    1591     614    1283     3018   1.90
  2019         101      0.51867  0.41186  0.50     976     402     775     1734   1.78
  2019         102      0.55864  0.43667  0.50     574     251     449      959   1.67
  2019         103      0.59801  0.46036  0.50     323     149     249      510   1.58
  2019         104      0.63627  0.48270  0.50     175      84     132      261   1.50
  2019         105      0.67298  0.50354  0.50      90      45      68      129   1.43
  2019         106      0.70777  0.52277  0.50      45      23      33       61   1.37
  2019         107      0.74036  0.54034  0.50      21      12      16       28   1.31
  2019         108      0.77054  0.55624  0.50      10       5       7       12   1.27
  2019         109      0.79821  0.57052  0.50       4       2       3        5   1.24
  2019         110+     0.82334  1.00000  1.21       2       2       2        2   1.21
  2020           0      0.00316  0.00316  0.14  100000     316   99729  8134742  81.35
  2020           1      0.00020  0.00020  0.50   99684      20   99675  8035013  80.60
  2020           2      0.00017  0.00017  0.50   99665      17   99656  7935338  79.62
  2020           3      0.00009  0.00009  0.50   99648       9   99643  7835682  78.63
  2020           4      0.00011  0.00011  0.50   99639      11   99633  7736039  77.64
  2020           5      0.00005  0.00005  0.50   99628       5   99625  7636406  76.65
  2020           6      0.00007  0.00007  0.50   99623       7   99620  7536780  75.65
  2020           7      0.00002  0.00002  0.50   99616       2   99615  7437161  74.66
  2020           8      0.00008  0.00008  0.50   99614       8   99610  7337546  73.66
  2020           9      0.00009  0.00009  0.50   99605       9   99601  7237936  72.67
  2020          10      0.00006  0.00006  0.50   99596       6   99593  7138336  71.67
  2020          11      0.00012  0.00012  0.50   99590      12   99584  7038743  70.68
  2020          12      0.00009  0.00009  0.50   99578       9   99574  6939158  69.69
  2020          13      0.00011  0.00011  0.50   99569      11   99564  6839585  68.69
  2020          14      0.00007  0.00007  0.50   99558       7   99555  6740021  67.70
  2020          15      0.00021  0.00021  0.50   99551      21   99541  6640467  66.70
  2020          16      0.00020  0.00020  0.50   99530      20   99521  6540926  65.72
  2020          17      0.00033  0.00033  0.50   99511      33   99494  6441405  64.73
  2020          18      0.00030  0.00030  0.50   99478      30   99463  6341911  63.75
  2020          19      0.00036  0.00036  0.50   99448      35   99430  6242448  62.77
  2020          20      0.00038  0.00038  0.50   99413      38   99394  6143018  61.79
  2020          21      0.00035  0.00035  0.50   99375      35   99357  6043625  60.82
  2020          22      0.00025  0.00025  0.50   99340      24   99328  5944267  59.84
  2020          23      0.00033  0.00033  0.50   99315      33   99299  5844940  58.85
  2020          24      0.00033  0.00033  0.50   99282      32   99266  5745641  57.87
  2020          25      0.00024  0.00024  0.50   99250      24   99238  5646375  56.89
  2020          26      0.00037  0.00037  0.50   99226      37   99208  5547136  55.90
  2020          27      0.00031  0.00031  0.50   99189      31   99174  5447928  54.92
  2020          28      0.00038  0.00038  0.50   99158      38   99139  5348754  53.94
  2020          29      0.00032  0.00032  0.50   99120      32   99104  5249615  52.96
  2020          30      0.00050  0.00050  0.50   99088      49   99064  5150511  51.98
  2020          31      0.00048  0.00048  0.50   99039      47   99015  5051447  51.00
  2020          32      0.00052  0.00052  0.50   98992      52   98966  4952431  50.03
  2020          33      0.00055  0.00055  0.50   98940      54   98913  4853466  49.05
  2020          34      0.00057  0.00057  0.50   98886      56   98858  4754553  48.08
  2020          35      0.00058  0.00058  0.50   98829      58   98801  4655695  47.11
  2020          36      0.00058  0.00058  0.50   98772      58   98743  4556895  46.14
  2020          37      0.00071  0.00071  0.50   98714      70   98679  4458152  45.16
  2020          38      0.00065  0.00065  0.50   98644      64   98612  4359472  44.19
  2020          39      0.00078  0.00078  0.50   98580      77   98541  4260860  43.22
  2020          40      0.00077  0.00077  0.50   98503      76   98465  4162319  42.26
  2020          41      0.00100  0.00100  0.50   98427      98   98378  4063854  41.29
  2020          42      0.00118  0.00117  0.50   98329     115   98271  3965475  40.33
  2020          43      0.00122  0.00121  0.50   98214     119   98154  3867204  39.38
  2020          44      0.00129  0.00129  0.50   98094     127   98031  3769050  38.42
  2020          45      0.00101  0.00101  0.50   97968      99   97919  3671019  37.47
  2020          46      0.00147  0.00147  0.50   97869     144   97797  3573100  36.51
  2020          47      0.00156  0.00156  0.50   97725     153   97649  3475303  35.56
  2020          48      0.00182  0.00182  0.50   97573     177   97484  3377654  34.62
  2020          49      0.00191  0.00191  0.50   97395     186   97302  3280170  33.68
  2020          50      0.00229  0.00229  0.50   97210     223   97098  3182867  32.74
  2020          51      0.00236  0.00236  0.50   96987     229   96872  3085769  31.82
  2020          52      0.00264  0.00264  0.50   96758     255   96630  2988897  30.89
  2020          53      0.00299  0.00299  0.50   96502     288   96358  2892267  29.97
  2020          54      0.00326  0.00325  0.50   96214     313   96058  2795908  29.06
  2020          55      0.00354  0.00353  0.50   95901     339   95732  2699850  28.15
  2020          56      0.00470  0.00469  0.50   95562     448   95338  2604119  27.25
  2020          57      0.00462  0.00461  0.50   95114     438   94895  2508780  26.38
  2020          58      0.00485  0.00484  0.50   94676     458   94447  2413885  25.50
  2020          59      0.00567  0.00566  0.50   94218     533   93952  2319438  24.62
  2020          60      0.00638  0.00636  0.50   93685     596   93387  2225486  23.75
  2020          61      0.00705  0.00703  0.50   93089     654   92762  2132099  22.90
  2020          62      0.00783  0.00780  0.50   92435     721   92075  2039337  22.06
  2020          63      0.00828  0.00824  0.50   91714     756   91336  1947262  21.23
  2020          64      0.00970  0.00965  0.50   90958     878   90520  1855925  20.40
  2020          65      0.01012  0.01007  0.50   90081     907   89627  1765406  19.60
  2020          66      0.01160  0.01153  0.50   89174    1028   88660  1675779  18.79
  2020          67      0.01255  0.01247  0.50   88146    1099   87596  1587119  18.01
  2020          68      0.01409  0.01399  0.50   87046    1218   86437  1499523  17.23
  2020          69      0.01458  0.01447  0.50   85828    1242   85207  1413086  16.46
  2020          70      0.01756  0.01740  0.50   84586    1472   83850  1327879  15.70
  2020          71      0.01887  0.01870  0.50   83114    1554   82337  1244028  14.97
  2020          72      0.02109  0.02087  0.50   81560    1702   80709  1161691  14.24
  2020          73      0.02275  0.02249  0.50   79858    1796   78960  1080982  13.54
  2020          74      0.02448  0.02419  0.50   78062    1888   77118  1002021  12.84
  2020          75      0.02721  0.02684  0.50   76174    2045   75152   924903  12.14
  2020          76      0.03122  0.03074  0.50   74129    2279   72990   849752  11.46
  2020          77      0.03329  0.03275  0.50   71850    2353   70674   776762  10.81
  2020          78      0.03697  0.03630  0.50   69497    2523   68236   706088  10.16
  2020          79      0.04004  0.03925  0.50   66975    2629   65660   637852   9.52
  2020          80      0.04389  0.04295  0.50   64346    2764   62964   572191   8.89
  2020          81      0.05060  0.04935  0.50   61582    3039   60063   509227   8.27
  2020          82      0.05907  0.05737  0.50   58543    3359   56864   449165   7.67
  2020          83      0.06683  0.06466  0.50   55184    3568   53400   392301   7.11
  2020          84      0.07722  0.07435  0.50   51616    3838   49697   338901   6.57
  2020          85      0.08807  0.08436  0.50   47778    4031   45763   289204   6.05
  2020          86      0.10252  0.09752  0.50   43748    4266   41614   243441   5.56
  2020          87      0.12087  0.11398  0.50   39481    4500   37231   201827   5.11
  2020          88      0.13811  0.12919  0.50   34981    4519   32721   164596   4.71
  2020          89      0.15727  0.14580  0.50   30462    4441   28241   131874   4.33
  2020          90      0.17985  0.16501  0.50   26020    4294   23874   103633   3.98
  2020          91      0.19796  0.18013  0.50   21727    3914   19770    79760   3.67
  2020          92      0.22296  0.20060  0.50   17813    3573   16026    59990   3.37
  2020          93      0.25586  0.22684  0.50   14240    3230   12625    43963   3.09
  2020          94      0.28568  0.24998  0.50   11010    2752    9634    31338   2.85
  2020          95      0.31578  0.27272  0.50    8258    2252    7132    21705   2.63
  2020          96      0.35067  0.29836  0.50    6006    1792    5110    14573   2.43
  2020          97      0.38742  0.32455  0.50    4214    1368    3530     9464   2.25
  2020          98      0.42569  0.35099  0.50    2846     999    2347     5934   2.08
  2020          99      0.46506  0.37732  0.50    1847     697    1499     3587   1.94
  2020         100      0.50505  0.40322  0.50    1150     464     918     2088   1.82
  2020         101      0.54515  0.42838  0.50     686     294     539     1170   1.70
  2020         102      0.58483  0.45251  0.50     392     178     304      631   1.61
  2020         103      0.62358  0.47537  0.50     215     102     164      327   1.52
  2020         104      0.66094  0.49677  0.50     113      56      85      163   1.45
  2020         105      0.69650  0.51660  0.50      57      29      42       79   1.38
  2020         106      0.72994  0.53477  0.50      27      15      20       36   1.33
  2020         107      0.76103  0.55127  0.50      13       7       9       16   1.28
  2020         108      0.78963  0.56612  0.50       6       3       4        7   1.24
  2020         109      0.81568  0.57938  0.50       2       1       2        3   1.21
  2020         110+     0.83919  1.00000  1.19       1       1       1        1   1.19
  2021           0      0.00283  0.00282  0.14  100000     282   99758  8127806  81.28
  2021           1      0.00018  0.00018  0.50   99718      18   99709  8028048  80.51
  2021           2      0.00015  0.00015  0.50   99700      15   99693  7928339  79.52
  2021           3      0.00010  0.00010  0.50   99685      10   99680  7828646  78.53
  2021           4      0.00009  0.00009  0.50   99675       9   99671  7728966  77.54
  2021           5      0.00011  0.00011  0.50   99666      11   99661  7629295  76.55
  2021           6      0.00005  0.00005  0.50   99655       5   99653  7529634  75.56
  2021           7      0.00006  0.00006  0.50   99650       6   99648  7429982  74.56
  2021           8      0.00004  0.00004  0.50   99645       4   99643  7330334  73.56
  2021           9      0.00004  0.00004  0.50   99641       4   99639  7230691  72.57
  2021          10      0.00004  0.00004  0.50   99638       3   99636  7131052  71.57
  2021          11      0.00004  0.00004  0.50   99634       4   99632  7031416  70.57
  2021          12      0.00009  0.00009  0.50   99631       9   99626  6931784  69.57
  2021          13      0.00006  0.00006  0.50   99621       6   99618  6832158  68.58
  2021          14      0.00012  0.00012  0.50   99615      12   99609  6732540  67.59
  2021          15      0.00033  0.00033  0.50   99603      32   99587  6632931  66.59
  2021          16      0.00017  0.00017  0.50   99571      17   99562  6533343  65.61
  2021          17      0.00031  0.00031  0.50   99554      31   99538  6433781  64.63
  2021          18      0.00034  0.00034  0.50   99523      34   99506  6334243  63.65
  2021          19      0.00035  0.00035  0.50   99489      34   99472  6234737  62.67
  2021          20      0.00044  0.00044  0.50   99454      44   99432  6135265  61.69
  2021          21      0.00038  0.00038  0.50   99410      38   99391  6035833  60.72
  2021          22      0.00034  0.00034  0.50   99372      34   99355  5936442  59.74
  2021          23      0.00040  0.00039  0.50   99338      39   99318  5837087  58.76
  2021          24      0.00038  0.00038  0.50   99299      38   99280  5737768  57.78
  2021          25      0.00034  0.00034  0.50   99261      34   99245  5638488  56.80
  2021          26      0.00046  0.00046  0.50   99228      46   99205  5539243  55.82
  2021          27      0.00039  0.00039  0.50   99182      38   99163  5440039  54.85
  2021          28      0.00030  0.00030  0.50   99144      30   99129  5340876  53.87
  2021          29      0.00044  0.00044  0.50   99114      44   99092  5241747  52.89
  2021          30      0.00049  0.00049  0.50   99070      48   99046  5142655  51.91
  2021          31      0.00056  0.00056  0.50   99022      55   98994  5043609  50.93
  2021          32      0.00044  0.00044  0.50   98966      43   98945  4944615  49.96
  2021          33      0.00050  0.00050  0.50   98923      50   98898  4845670  48.98
  2021          34      0.00067  0.00067  0.50   98873      66   98840  4746772  48.01
  2021          35      0.00060  0.00060  0.50   98807      59   98778  4647932  47.04
  2021          36      0.00074  0.00074  0.50   98748      73   98712  4549154  46.07
  2021          37      0.00073  0.00073  0.50   98675      72   98639  4450442  45.10
  2021          38      0.00089  0.00089  0.50   98603      88   98559  4351803  44.13
  2021          39      0.00075  0.00075  0.50   98515      73   98479  4253244  43.17
  2021          40      0.00080  0.00079  0.50   98442      78   98403  4154765  42.21
  2021          41      0.00109  0.00109  0.50   98364     107   98310  4056362  41.24
  2021          42      0.00090  0.00090  0.50   98256      89   98212  3958052  40.28
  2021          43      0.00112  0.00112  0.50   98168     110   98113  3859840  39.32
  2021          44      0.00140  0.00140  0.50   98058     137   97989  3761728  38.36
  2021          45      0.00143  0.00143  0.50   97921     140   97851  3663738  37.42
  2021          46      0.00157  0.00157  0.50   97781     153   97705  3565887  36.47
  2021          47      0.00176  0.00176  0.50   97628     172   97542  3468183  35.52
  2021          48      0.00182  0.00182  0.50   97456     177   97367  3370641  34.59
  2021          49      0.00207  0.00207  0.50   97279     201   97178  3273273  33.65
  2021          50      0.00234  0.00233  0.50   97077     227   96964  3176095  32.72
  2021          51      0.00251  0.00251  0.50   96851     243   96729  3079131  31.79
  2021          52      0.00298  0.00298  0.50   96608     288   96464  2982402  30.87
  2021          53      0.00313  0.00313  0.50   96320     301   96169  2885938  29.96
  2021          54      0.00345  0.00345  0.50   96018     331   95853  2789769  29.05
  2021          55      0.00368  0.00367  0.50   95687     352   95512  2693916  28.15
  2021          56      0.00402  0.00402  0.50   95336     383   95144  2598404  27.26
  2021          57      0.00443  0.00442  0.50   94953     420   94743  2503260  26.36
  2021          58      0.00537  0.00536  0.50   94534     507   94280  2408517  25.48
  2021          59      0.00581  0.00579  0.50   94027     544   93755  2314236  24.61
  2021          60      0.00666  0.00664  0.50   93482     621   93172  2220482  23.75
  2021          61      0.00775  0.00772  0.50   92862     717   92503  2127310  22.91
  2021          62      0.00765  0.00762  0.50   92144     702   91793  2034807  22.08
  2021          63      0.00899  0.00895  0.50   91442     818   91033  1943013  21.25
  2021          64      0.00995  0.00990  0.50   90624     897   90175  1851981  20.44
  2021          65      0.01070  0.01064  0.50   89726     955   89249  1761806  19.64
  2021          66      0.01198  0.01191  0.50   88772    1057   88243  1672557  18.84
  2021          67      0.01359  0.01349  0.50   87715    1184   87123  1584313  18.06
  2021          68      0.01439  0.01429  0.50   86531    1236   85913  1497191  17.30
  2021          69      0.01546  0.01535  0.50   85295    1309   84640  1411278  16.55
  2021          70      0.01762  0.01747  0.50   83986    1467   83252  1326638  15.80
  2021          71      0.01858  0.01841  0.50   82518    1519   81759  1243386  15.07
  2021          72      0.02128  0.02106  0.50   80999    1706   80146  1161627  14.34
  2021          73      0.02406  0.02377  0.50   79293    1885   78351  1081480  13.64
  2021          74      0.02455  0.02425  0.50   77408    1877   76469  1003130  12.96
  2021          75      0.02707  0.02671  0.50   75531    2017   74522   926660  12.27
  2021          76      0.03023  0.02978  0.50   73514    2189   72419   852138  11.59
  2021          77      0.03478  0.03418  0.50   71325    2438   70106   779719  10.93
  2021          78      0.03649  0.03583  0.50   68887    2468   67652   709613  10.30
  2021          79      0.03997  0.03919  0.50   66418    2603   65117   641961   9.67
  2021          80      0.04522  0.04422  0.50   63815    2822   62404   576844   9.04
  2021          81      0.04994  0.04872  0.50   60993    2972   59507   514440   8.43
  2021          82      0.05676  0.05520  0.50   58022    3203   56420   454932   7.84
  2021          83      0.06295  0.06103  0.50   54819    3346   53146   398512   7.27
  2021          84      0.07315  0.07057  0.50   51474    3632   49657   345365   6.71
  2021          85      0.08665  0.08305  0.50   47841    3973   45855   295708   6.18
  2021          86      0.10179  0.09686  0.50   43868    4249   41744   249853   5.70
  2021          87      0.11272  0.10671  0.50   39619    4228   37505   208110   5.25
  2021          88      0.13451  0.12603  0.50   35392    4461   33161   170604   4.82
  2021          89      0.15283  0.14198  0.50   30931    4392   28735   137443   4.44
  2021          90      0.16923  0.15603  0.50   26539    4141   24469   108708   4.10
  2021          91      0.19171  0.17494  0.50   22398    3918   20439    84239   3.76
  2021          92      0.22454  0.20188  0.50   18480    3731   16615    63800   3.45
  2021          93      0.24411  0.21756  0.50   14749    3209   13145    47185   3.20
  2021          94      0.27251  0.23983  0.50   11540    2768   10157    34040   2.95
  2021          95      0.30256  0.26280  0.50    8773    2305    7620    23884   2.72
  2021          96      0.33589  0.28759  0.50    6467    1860    5537    16264   2.51
  2021          97      0.37111  0.31303  0.50    4607    1442    3886    10727   2.33
  2021          98      0.40791  0.33881  0.50    3165    1072    2629     6840   2.16
  2021          99      0.44595  0.36465  0.50    2093     763    1711     4211   2.01
  2021         100      0.48481  0.39022  0.50    1330     519    1070     2500   1.88
  2021         101      0.52401  0.41522  0.50     811     337     642     1430   1.76
  2021         102      0.56307  0.43937  0.50     474     208     370      788   1.66
  2021         103      0.60151  0.46243  0.50     266     123     204      418   1.57
  2021         104      0.63885  0.48419  0.50     143      69     108      213   1.49
  2021         105      0.67470  0.50450  0.50      74      37      55      105   1.42
  2021         106      0.70869  0.52327  0.50      37      19      27       50   1.36
  2021         107      0.74058  0.54045  0.50      17       9      13       23   1.31
  2021         108      0.77016  0.55604  0.50       8       4       6       10   1.27
  2021         109      0.79734  0.57007  0.50       4       2       3        4   1.24
  2021         110+     0.82209  1.00000  1.22       2       2       2        2   1.22
  2022           0      0.00244  0.00243  0.14  100000     243   99792  8142872  81.43
  2022           1      0.00020  0.00020  0.50   99757      20   99747  8043080  80.63
  2022           2      0.00016  0.00016  0.50   99737      16   99729  7943334  79.64
  2022           3      0.00010  0.00010  0.50   99721      10   99716  7843605  78.66
  2022           4      0.00009  0.00009  0.50   99710       9   99706  7743889  77.66
  2022           5      0.00009  0.00009  0.50   99702       9   99697  7644183  76.67
  2022           6      0.00009  0.00009  0.50   99693       9   99688  7544486  75.68
  2022           7      0.00010  0.00010  0.50   99684      10   99679  7444798  74.68
  2022           8      0.00006  0.00006  0.50   99674       6   99671  7345119  73.69
  2022           9      0.00006  0.00006  0.50   99668       6   99665  7245448  72.70
  2022          10      0.00012  0.00012  0.50   99662      12   99656  7145783  71.70
  2022          11      0.00014  0.00014  0.50   99651      14   99644  7046127  70.71
  2022          12      0.00008  0.00008  0.50   99637       8   99633  6946483  69.72
  2022          13      0.00012  0.00012  0.50   99629      12   99623  6846850  68.72
  2022          14      0.00008  0.00008  0.50   99617       8   99613  6747228  67.73
  2022          15      0.00024  0.00024  0.50   99609      24   99597  6647615  66.74
  2022          16      0.00026  0.00026  0.50   99585      26   99571  6548018  65.75
  2022          17      0.00038  0.00038  0.50   99558      38   99539  6448447  64.77
  2022          18      0.00033  0.00033  0.50   99520      32   99504  6348907  63.80
  2022          19      0.00035  0.00035  0.50   99488      35   99470  6249403  62.82
  2022          20      0.00040  0.00040  0.50   99453      39   99433  6149933  61.84
  2022          21      0.00033  0.00033  0.50   99414      33   99397  6050500  60.86
  2022          22      0.00042  0.00042  0.50   99381      42   99360  5951103  59.88
  2022          23      0.00046  0.00046  0.50   99339      45   99316  5851743  58.91
  2022          24      0.00034  0.00034  0.50   99293      33   99277  5752427  57.93
  2022          25      0.00038  0.00038  0.50   99260      37   99241  5653150  56.95
  2022          26      0.00023  0.00023  0.50   99223      23   99211  5553909  55.97
  2022          27      0.00048  0.00048  0.50   99199      47   99176  5454698  54.99
  2022          28      0.00052  0.00052  0.50   99152      51   99127  5355522  54.01
  2022          29      0.00048  0.00048  0.50   99101      48   99077  5256396  53.04
  2022          30      0.00045  0.00045  0.50   99053      45   99031  5157319  52.07
  2022          31      0.00038  0.00038  0.50   99008      38   98989  5058288  51.09
  2022          32      0.00053  0.00053  0.50   98971      52   98945  4959299  50.11
  2022          33      0.00045  0.00045  0.50   98918      45   98896  4860355  49.13
  2022          34      0.00066  0.00066  0.50   98874      65   98841  4761459  48.16
  2022          35      0.00057  0.00057  0.50   98809      56   98781  4662617  47.19
  2022          36      0.00078  0.00078  0.50   98753      77   98714  4563837  46.21
  2022          37      0.00074  0.00074  0.50   98676      73   98639  4465122  45.25
  2022          38      0.00080  0.00080  0.50   98603      79   98563  4366483  44.28
  2022          39      0.00079  0.00079  0.50   98524      78   98485  4267920  43.32
  2022          40      0.00095  0.00095  0.50   98446      94   98399  4169436  42.35
  2022          41      0.00092  0.00092  0.50   98352      90   98307  4071037  41.39
  2022          42      0.00105  0.00105  0.50   98262     103   98210  3972730  40.43
  2022          43      0.00117  0.00117  0.50   98159     114   98102  3874520  39.47
  2022          44      0.00114  0.00114  0.50   98045     112   97989  3776418  38.52
  2022          45      0.00145  0.00145  0.50   97933     142   97862  3678429  37.56
  2022          46      0.00149  0.00149  0.50   97791     145   97718  3580567  36.61
  2022          47      0.00160  0.00160  0.50   97645     156   97567  3482849  35.67
  2022          48      0.00160  0.00160  0.50   97489     156   97411  3385282  34.72
  2022          49      0.00195  0.00194  0.50   97334     189   97239  3287870  33.78
  2022          50      0.00212  0.00211  0.50   97144     205   97042  3190631  32.84
  2022          51      0.00231  0.00231  0.50   96939     224   96827  3093590  31.91
  2022          52      0.00256  0.00256  0.50   96715     247   96591  2996763  30.99
  2022          53      0.00292  0.00292  0.50   96468     282   96327  2900172  30.06
  2022          54      0.00321  0.00320  0.50   96186     308   96032  2803845  29.15
  2022          55      0.00345  0.00344  0.50   95878     330   95713  2707813  28.24
  2022          56      0.00426  0.00425  0.50   95548     406   95345  2612099  27.34
  2022          57      0.00470  0.00469  0.50   95143     446   94920  2516754  26.45
  2022          58      0.00478  0.00477  0.50   94697     452   94471  2421834  25.57
  2022          59      0.00535  0.00534  0.50   94245     503   93993  2327364  24.69
  2022          60      0.00622  0.00620  0.50   93742     581   93451  2233370  23.82
  2022          61      0.00746  0.00743  0.50   93161     692   92814  2139919  22.97
  2022          62      0.00794  0.00791  0.50   92468     731   92103  2047105  22.14
  2022          63      0.00885  0.00881  0.50   91737     808   91333  1955002  21.31
  2022          64      0.00945  0.00940  0.50   90928     855   90501  1863670  20.50
  2022          65      0.01051  0.01046  0.50   90074     942   89603  1773169  19.69
  2022          66      0.01175  0.01168  0.50   89132    1041   88611  1683566  18.89
  2022          67      0.01266  0.01258  0.50   88091    1108   87537  1594955  18.11
  2022          68      0.01433  0.01423  0.50   86982    1238   86363  1507418  17.33
  2022          69      0.01467  0.01457  0.50   85744    1249   85120  1421055  16.57
  2022          70      0.01579  0.01567  0.50   84495    1324   83833  1335935  15.81
  2022          71      0.01807  0.01791  0.50   83171    1490   82426  1252101  15.05
  2022          72      0.01986  0.01967  0.50   81682    1606   80878  1169675  14.32
  2022          73      0.02212  0.02188  0.50   80075    1752   79199  1088797  13.60
  2022          74      0.02481  0.02451  0.50   78323    1920   77364  1009597  12.89
  2022          75      0.02702  0.02666  0.50   76404    2037   75385   932233  12.20
  2022          76      0.03166  0.03117  0.50   74367    2318   73208   856848  11.52
  2022          77      0.03360  0.03304  0.50   72049    2381   70858   783640  10.88
  2022          78      0.03660  0.03594  0.50   69668    2504   68416   712782  10.23
  2022          79      0.03965  0.03888  0.50   67164    2611   65859   644366   9.59
  2022          80      0.04517  0.04417  0.50   64553    2851   63127   578507   8.96
  2022          81      0.04943  0.04824  0.50   61702    2977   60213   515380   8.35
  2022          82      0.05627  0.05473  0.50   58725    3214   57118   455167   7.75
  2022          83      0.06282  0.06091  0.50   55511    3381   53821   398049   7.17
  2022          84      0.07539  0.07265  0.50   52130    3787   50236   344228   6.60
  2022          85      0.08613  0.08258  0.50   48343    3992   46347   293992   6.08
  2022          86      0.10188  0.09694  0.50   44351    4300   42201   247645   5.58
  2022          87      0.11697  0.11051  0.50   40051    4426   37838   205444   5.13
  2022          88      0.13674  0.12799  0.50   35625    4560   33345   167606   4.70
  2022          89      0.15359  0.14264  0.50   31066    4431   28850   134260   4.32
  2022          90      0.18034  0.16543  0.50   26634    4406   24431   105410   3.96
  2022          91      0.20106  0.18269  0.50   22228    4061   20198    80979   3.64
  2022          92      0.22655  0.20350  0.50   18167    3697   16319    60781   3.35
  2022          93      0.25565  0.22668  0.50   14470    3280   12830    44462   3.07
  2022          94      0.28410  0.24876  0.50   11190    2784    9798    31632   2.83
  2022          95      0.31982  0.27573  0.50    8407    2318    7248    21833   2.60
  2022          96      0.35566  0.30196  0.50    6089    1839    5169    14586   2.40
  2022          97      0.39334  0.32870  0.50    4250    1397    3552     9416   2.22
  2022          98      0.43251  0.35561  0.50    2853    1015    2346     5865   2.06
  2022          99      0.47271  0.38234  0.50    1839     703    1487     3519   1.91
  2022         100      0.51344  0.40856  0.50    1136     464     904     2032   1.79
  2022         101      0.55416  0.43392  0.50     672     291     526     1128   1.68
  2022         102      0.59431  0.45816  0.50     380     174     293      602   1.58
  2022         103      0.63337  0.48103  0.50     206      99     156      309   1.50
  2022         104      0.67088  0.50237  0.50     107      54      80      153   1.43
  2022         105      0.70643  0.52204  0.50      53      28      39       73   1.37
  2022         106      0.73971  0.53999  0.50      25      14      19       33   1.31
  2022         107      0.77052  0.55623  0.50      12       7       8       15   1.27
  2022         108      0.79873  0.57078  0.50       5       3       4        6   1.23
  2022         109      0.82430  0.58372  0.50       2       1       2        3   1.20
  2022         110+     0.84728  1.00000  1.18       1       1       1        1   1.18
  2023           0      0.00278  0.00278  0.14  100000     278   99762  8185665  81.86
  2023           1      0.00016  0.00016  0.50   99722      16   99714  8085903  81.08
  2023           2      0.00008  0.00008  0.50   99706       8   99702  7986189  80.10
  2023           3      0.00010  0.00010  0.50   99698      10   99693  7886487  79.10
  2023           4      0.00005  0.00005  0.50   99688       5   99685  7786794  78.11
  2023           5      0.00011  0.00011  0.50   99683      11   99678  7687109  77.12
  2023           6      0.00005  0.00005  0.50   99672       5   99670  7587431  76.12
  2023           7      0.00008  0.00008  0.50   99667       8   99663  7487761  75.13
  2023           8      0.00008  0.00008  0.50   99659       8   99655  7388098  74.13
  2023           9      0.00003  0.00003  0.50   99651       3   99650  7288443  73.14
  2023          10      0.00007  0.00007  0.50   99648       7   99644  7188794  72.14
  2023          11      0.00007  0.00007  0.50   99641       7   99638  7089149  71.15
  2023          12      0.00006  0.00006  0.50   99634       6   99631  6989511  70.15
  2023          13      0.00010  0.00010  0.50   99629      10   99623  6889880  69.16
  2023          14      0.00018  0.00018  0.50   99618      18   99609  6790257  68.16
  2023          15      0.00019  0.00019  0.50   99600      19   99590  6690648  67.18
  2023          16      0.00043  0.00043  0.50   99580      43   99559  6591058  66.19
  2023          17      0.00029  0.00029  0.50   99537      29   99523  6491499  65.22
  2023          18      0.00045  0.00045  0.50   99508      45   99486  6391976  64.24
  2023          19      0.00043  0.00043  0.50   99464      43   99442  6292490  63.26
  2023          20      0.00045  0.00045  0.50   99421      45   99398  6193048  62.29
  2023          21      0.00028  0.00028  0.50   99376      28   99362  6093649  61.32
  2023          22      0.00035  0.00035  0.50   99348      35   99331  5994287  60.34
  2023          23      0.00032  0.00032  0.50   99313      32   99298  5894956  59.36
  2023          24      0.00047  0.00047  0.50   99282      47   99258  5795658  58.38
  2023          25      0.00034  0.00034  0.50   99235      34   99218  5696400  57.40
  2023          26      0.00031  0.00031  0.50   99201      30   99186  5597182  56.42
  2023          27      0.00042  0.00042  0.50   99171      42   99150  5497996  55.44
  2023          28      0.00038  0.00038  0.50   99129      38   99110  5398847  54.46
  2023          29      0.00043  0.00043  0.50   99091      42   99069  5299737  53.48
  2023          30      0.00038  0.00038  0.50   99048      38   99029  5200668  52.51
  2023          31      0.00047  0.00047  0.50   99011      47   98987  5101638  51.53
  2023          32      0.00033  0.00033  0.50   98964      32   98948  5002651  50.55
  2023          33      0.00067  0.00067  0.50   98932      66   98899  4903703  49.57
  2023          34      0.00063  0.00063  0.50   98866      62   98835  4804805  48.60
  2023          35      0.00075  0.00075  0.50   98804      74   98766  4705970  47.63
  2023          36      0.00069  0.00069  0.50   98729      68   98695  4607204  46.66
  2023          37      0.00067  0.00067  0.50   98661      66   98628  4508508  45.70
  2023          38      0.00077  0.00077  0.50   98596      76   98558  4409880  44.73
  2023          39      0.00084  0.00084  0.50   98520      83   98478  4311322  43.76
  2023          40      0.00096  0.00096  0.50   98437      94   98390  4212844  42.80
  2023          41      0.00093  0.00093  0.50   98342      91   98297  4114455  41.84
  2023          42      0.00088  0.00087  0.50   98251      86   98208  4016158  40.88
  2023          43      0.00112  0.00112  0.50   98165     110   98110  3917949  39.91
  2023          44      0.00119  0.00119  0.50   98055     117   97997  3819839  38.96
  2023          45      0.00141  0.00141  0.50   97939     138   97870  3721842  38.00
  2023          46      0.00146  0.00145  0.50   97801     142   97729  3623972  37.05
  2023          47      0.00164  0.00164  0.50   97658     160   97578  3526243  36.11
  2023          48      0.00184  0.00184  0.50   97498     179   97409  3428664  35.17
  2023          49      0.00203  0.00202  0.50   97319     197   97221  3331256  34.23
  2023          50      0.00229  0.00228  0.50   97122     222   97011  3234035  33.30
  2023          51      0.00220  0.00220  0.50   96901     213   96794  3137024  32.37
  2023          52      0.00237  0.00237  0.50   96687     229   96573  3040230  31.44
  2023          53      0.00301  0.00300  0.50   96459     290   96314  2943657  30.52
  2023          54      0.00302  0.00302  0.50   96169     290   96024  2847343  29.61
  2023          55      0.00347  0.00346  0.50   95879     332   95713  2751319  28.70
  2023          56      0.00379  0.00378  0.50   95547     361   95366  2655607  27.79
  2023          57      0.00435  0.00434  0.50   95185     413   94979  2560241  26.90
  2023          58      0.00462  0.00461  0.50   94772     437   94553  2465262  26.01
  2023          59      0.00490  0.00489  0.50   94335     462   94104  2370709  25.13
  2023          60      0.00565  0.00563  0.50   93873     529   93609  2276604  24.25
  2023          61      0.00653  0.00651  0.50   93345     608   93041  2182995  23.39
  2023          62      0.00735  0.00732  0.50   92737     679   92397  2089954  22.54
  2023          63      0.00855  0.00852  0.50   92058     784   91666  1997557  21.70
  2023          64      0.00917  0.00912  0.50   91274     833   90857  1905891  20.88
  2023          65      0.01010  0.01005  0.50   90441     909   89986  1815034  20.07
  2023          66      0.01051  0.01045  0.50   89532     936   89064  1725048  19.27
  2023          67      0.01136  0.01129  0.50   88596    1001   88096  1635984  18.47
  2023          68      0.01293  0.01284  0.50   87595    1125   87033  1547889  17.67
  2023          69      0.01364  0.01355  0.50   86470    1171   85884  1460856  16.89
  2023          70      0.01589  0.01576  0.50   85299    1345   84626  1374971  16.12
  2023          71      0.01637  0.01624  0.50   83954    1363   83272  1290345  15.37
  2023          72      0.01988  0.01968  0.50   82591    1626   81778  1207073  14.62
  2023          73      0.02153  0.02130  0.50   80965    1725   80103  1125295  13.90
  2023          74      0.02345  0.02318  0.50   79241    1837   78322  1045192  13.19
  2023          75      0.02701  0.02665  0.50   77404    2063   76372   966870  12.49
  2023          76      0.02888  0.02847  0.50   75341    2145   74268   890498  11.82
  2023          77      0.03265  0.03213  0.50   73195    2352   72020   816229  11.15
  2023          78      0.03410  0.03352  0.50   70844    2375   69656   744210  10.50
  2023          79      0.03984  0.03906  0.50   68469    2674   67132   674554   9.85
  2023          80      0.04320  0.04229  0.50   65795    2782   64403   607422   9.23
  2023          81      0.04828  0.04714  0.50   63012    2970   61527   543019   8.62
  2023          82      0.05547  0.05398  0.50   60042    3241   58421   481492   8.02
  2023          83      0.06102  0.05922  0.50   56801    3364   55119   423070   7.45
  2023          84      0.06727  0.06508  0.50   53437    3478   51698   367951   6.89
  2023          85      0.07840  0.07544  0.50   49959    3769   48075   316253   6.33
  2023          86      0.09468  0.09040  0.50   46191    4176   44103   268178   5.81
  2023          87      0.10753  0.10204  0.50   42015    4287   39871   224075   5.33
  2023          88      0.12894  0.12113  0.50   37728    4570   35443   184203   4.88
  2023          89      0.14494  0.13514  0.50   33158    4481   30917   148761   4.49
  2023          90      0.16819  0.15515  0.50   28677    4449   26452   117843   4.11
  2023          91      0.19926  0.18121  0.50   24228    4390   22032    91391   3.77
  2023          92      0.21414  0.19343  0.50   19837    3837   17919    69359   3.50
  2023          93      0.24312  0.21677  0.50   16000    3468   14266    51440   3.21
  2023          94      0.27521  0.24192  0.50   12532    3032   11016    37174   2.97
  2023          95      0.29719  0.25874  0.50    9500    2458    8271    26158   2.75
  2023          96      0.33073  0.28380  0.50    7042    1999    6043    17887   2.54
  2023          97      0.36624  0.30955  0.50    5043    1561    4263    11844   2.35
  2023          98      0.40342  0.33571  0.50    3482    1169    2898     7581   2.18
  2023          99      0.44191  0.36194  0.50    2313     837    1895     4684   2.02
  2023         100      0.48129  0.38793  0.50    1476     573    1190     2789   1.89
  2023         101      0.52106  0.41337  0.50     903     373     717     1599   1.77
  2023         102      0.56072  0.43794  0.50     530     232     414      883   1.67
  2023         103      0.59977  0.46140  0.50     298     137     229      469   1.57
  2023         104      0.63772  0.48354  0.50     160      78     122      240   1.49
  2023         105      0.67414  0.50419  0.50      83      42      62      118   1.42
  2023         106      0.70866  0.52325  0.50      41      21      30       56   1.36
  2023         107      0.74101  0.54068  0.50      20      11      14       26   1.31
  2023         108      0.77099  0.55647  0.50       9       5       6       11   1.27
  2023         109      0.79850  0.57066  0.50       4       2       3        5   1.24
  2023         110+     0.82350  1.00000  1.21       2       2       2        2   1.21
