country_canon,year,gdppc_wb_eq
afghanistan,1950,435.8818668113634
afghanistan,1951,441.16071294921727
afghanistan,1952,448.32486127916184
afghanistan,1953,467.5549436384867
afghanistan,1954,469.44024583057734
afghanistan,1955,469.8173062689955
afghanistan,1956,481.88324029837577
afghanistan,1957,472.4567293379224
afghanistan,1958,489.4244490667385
afghanistan,1959,492.8179930125017
afghanistan,1960,499.98214134244625
afghanistan,1961,493.57211388933797
afghanistan,1962,490.932690820411
afghanistan,1963,489.4244490667385
afghanistan,1964,486.78502599781154
afghanistan,1965,486.4079655593934
afghanistan,1966,479.620877667867
afghanistan,1967,481.5061798599576
afghanistan,1968,486.4079655593934
afghanistan,1969,481.88324029837577
afghanistan,1970,479.620877667867
afghanistan,1971,466.42376232323227
afghanistan,1972,379.69986148706136
afghanistan,1973,381.2081032407339
afghanistan,1974,391.76579551644164
afghanistan,1975,404.96291086107635
afghanistan,1976,416.65178445203856
afghanistan,1977,385.35576806333336
afghanistan,1978,403.45466910740384
afghanistan,1979,385.7328285017515
afghanistan,1980,384.224586748079
afghanistan,1981,431.3571415503458
afghanistan,1982,478.8667567910307
afghanistan,1983,507.90041054922705
afghanistan,1984,504.1298061650457
afghanistan,1985,491.68681169724726
afghanistan,1986,506.7692292339726
afghanistan,1987,456.62019092436077
afghanistan,1988,415.143542698366
afghanistan,1989,376.6833779797163
afghanistan,1990,363.10920219666343
afghanistan,1991,332.2544973450829
afghanistan,1992,318.1919905882347
afghanistan,1993,218.09277564423266
afghanistan,1994,161.54196750511386
afghanistan,1995,238.65678471654934
afghanistan,1996,226.30236174573534
afghanistan,1997,215.14996974655452
afghanistan,1998,205.5125688828939
afghanistan,1999,195.56537516302893
afghanistan,2000,189.42487051130192
afghanistan,2001,184.6397096054689
afghanistan,2002,300.4480165348472
afghanistan,2003,317.78849821308347
afghanistan,2004,327.68033946058864
afghanistan,2005,363.640141
afghanistan,2006,398.5893074463193
afghanistan,2007,475.09490810740255
afghanistan,2008,497.5717447838145
afghanistan,2009,587.2039881935922
afghanistan,2010,613.7305670967463
afghanistan,2011,675.6923056452969
afghanistan,2012,733.3825527232715
afghanistan,2013,763.5473877967222
afghanistan,2014,762.4162064814678
afghanistan,2015,726.9725252701631
afghanistan,2016,727.3495857085812
afghanistan,2017,759.6807461188757
afghanistan,2018,729.4441564439941
albania,1870,287.57704547089645
albania,1890,385.458402719781
albania,1900,441.6795128751321
albania,1910,502.75424405108896
albania,1913,522.97766497028
albania,1929,596.9953855345192
albania,1950,645.5315957405777
albania,1951,673.8443850274451
albania,1952,674.2488534458289
albania,1953,702.1571743143126
albania,1954,721.9761268151198
albania,1955,761.2095633983504
albania,1956,769.2989317660267
albania,1957,818.239610390469
albania,1958,855.0462364633967
albania,1959,890.2349888627891
albania,1960,935.535451721777
albania,1961,943.2203516710696
albania,1962,974.3644198866238
albania,1963,1007.5308301940971
albania,1964,1041.9106457567218
albania,1965,1079.930677084801
albania,1966,1120.377518923183
albania,1967,1163.251171271868
albania,1968,1204.9114183654015
albania,1969,1245.7627286221673
albania,1970,1291.872128317923
albania,1971,1343.644085871052
albania,1972,1395.8205118425649
albania,1973,1465.389079804582
albania,1974,1471.0516376619555
albania,1975,1475.9052586825612
albania,1976,1482.3767533767025
albania,1977,1488.8482480708435
albania,1978,1494.9152743466009
albania,1979,1503.0046427142772
albania,1980,1513.1163531738728
albania,1981,1521.610189959933
albania,1982,1530.1040267459932
albania,1983,1539.0023319504373
albania,1984,1547.4961687364976
albania,1985,1555.585537104174
albania,1986,1565.2927791453856
albania,1987,1575.0000211865975
albania,1988,1585.5162000645767
albania,1989,1596.8413157793236
albania,1990,1610.9977104227573
albania,1991,1189.9867764080896
albania,1992,1149.4042758621815
albania,1993,1268.8270952652447
albania,1994,1375.0754075573423
albania,1995,1483.0443689480867
albania,1996,1603.9944610989671
albania,1997,1426.5542872945105
albania,1998,1566.657132014278
albania,1999,1792.6212606317158
albania,2000,1944.8781386428661
albania,2001,2137.942846555806
albania,2002,2268.6481102554767
albania,2003,2428.689347
albania,2004,2596.6348269171053
albania,2005,2774.033300027627
albania,2006,2971.762984890838
albania,2007,3181.6123636767115
albania,2008,3446.9323614676255
albania,2009,3583.376465768377
albania,2010,3730.401221212997
albania,2011,3835.9784799521544
albania,2012,3879.6610691376072
albania,2013,3907.164921587707
albania,2014,3967.0262475085124
albania,2015,4057.627173226488
albania,2016,4183.012382925473
albania,2017,4328.669590200696
albania,2018,4491.284661725605
algeria,1820,356.1354721959249
algeria,1870,592.6926106618312
algeria,1913,963.905351023715
algeria,1950,1131.315018245741
algeria,1951,1116.237750079782
algeria,1952,1140.1534168257858
algeria,1953,1134.434453038698
algeria,1954,1191.1041851107502
algeria,1955,1197.3430546966642
algeria,1956,1286.766852094765
algeria,1957,1403.2257510318266
algeria,1958,1424.5418887836995
algeria,1959,1652.260628669561
algeria,1960,1730.2464984934861
algeria,1961,1491.089831033449
algeria,1962,1187.464844518967
algeria,1963,1465.0945410921406
algeria,1964,1496.8087948205368
algeria,1965,1549.839186300806
algeria,1966,1429.7409467719613
algeria,1967,1511.3661571876696
algeria,1968,1638.2231721012545
algeria,1969,1744.2839550617928
algeria,1970,1863.8622887918114
algeria,1971,1657.4596866578227
algeria,1972,1947.5671224028242
algeria,1973,1953.286086189912
algeria,1974,2012.0354414572691
algeria,1975,2090.0213112811944
algeria,1976,2161.248405720379
algeria,1977,2286.5457032374857
algeria,1978,2501.786703951519
algeria,1979,2645.2807044275414
algeria,1980,2612.006733302667
algeria,1981,2594.849841941403
algeria,1982,2674.915334960633
algeria,1983,2725.8661032455975
algeria,1984,2787.214987507085
algeria,1985,2843.364813780311
algeria,1986,2735.7443134232944
algeria,1987,2645.2807044275414
algeria,1988,2521.5431243069133
algeria,1989,2541.819450461134
algeria,1990,2441.99753708651
algeria,1991,2447.8370670283452
algeria,1992,2521.6592192717912
algeria,1993,2504.3465121426198
algeria,1994,2525.1748742740338
algeria,1995,2673.5552613909035
algeria,1996,2834.3363376402153
algeria,1997,2931.47855254653
algeria,1998,3155.7124158534393
algeria,1999,3338.579506361526
algeria,2000,3553.324205
algeria,2001,3752.8078487726298
algeria,2002,4062.9796970682505
algeria,2003,4466.0830951960725
algeria,2004,4773.928001107887
algeria,2005,5183.264601848416
algeria,2006,5399.626779417617
algeria,2007,5705.832162392833
algeria,2008,5965.920289304191
algeria,2009,6190.529524597854
algeria,2010,6544.44125571104
algeria,2011,6864.836167700719
algeria,2012,6955.819682495298
algeria,2013,7015.608849360307
algeria,2014,7145.585299066849
algeria,2015,7280.760806761653
algeria,2016,7450.77000297781
algeria,2017,7417.615922130145
algeria,2018,7397.232703343685
angola,1950,1809.2746339974422
angola,1951,1850.2719125257086
angola,1952,1893.4269425554626
angola,1953,1936.5819725852168
angola,1954,1855.6662912794277
angola,1955,1974.3426238612517
angola,1956,1908.5312030658765
angola,1957,2058.494932419272
angola,1958,2134.016234971342
angola,1959,2107.0443412027457
angola,1960,2154.514874235475
angola,1961,2400.498545405074
angola,1962,2295.84759758292
angola,1963,2373.5266516364773
angola,1964,2596.8539320404548
angola,1965,2744.659909892363
angola,1966,2854.705236468236
angola,1967,2970.1449417978283
angola,1968,2875.203875732369
angola,1969,2907.5701482546847
angola,1970,3040.2718655961785
angola,1971,2971.2238175485722
angola,1972,2944.2519237799756
angola,1973,3076.95364112147
angola,1974,2942.0941722784883
angola,1975,1844.8775337719892
angola,1976,1640.9700168814009
angola,1977,1618.31362611578
angola,1978,1650.6798986380957
angola,1979,1647.4432713858641
angola,1980,1652.8376501395833
angola,1981,1587.0262293442083
angola,1982,1482.3752815220546
angola,1983,1389.591966958083
angola,1984,1358.3045701865115
angola,1985,1339.9636824238657
angola,1986,1193.2365803227017
angola,1987,1306.5185341508063
angola,1988,1467.2710210116406
angola,1989,1467.2710210116406
angola,1990,1493.164039029493
angola,1991,1550.5032643294269
angola,1992,1498.9139073430824
angola,1993,1165.7043184891693
angola,1994,1209.2559432448966
angola,1995,1423.2085485879356
angola,1996,1654.978031741484
angola,1997,1820.406258218467
angola,1998,1954.0253436108185
angola,1999,2049.232999874286
angola,2000,2172.463267
angola,2001,2333.0526278473217
angola,2002,2721.6495399929227
angola,2003,2925.8336806260018
angola,2004,3305.9975604659135
angola,2005,4001.302665411731
angola,2006,4954.5613522065005
angola,2007,6228.941256618398
angola,2008,7275.66640210251
angola,2009,7646.644194362712
angola,2010,8113.863961068622
angola,2011,8648.268017962728
angola,2012,8835.99239859216
angola,2013,9179.074887328705
angola,2014,9357.08938620144
angola,2015,9374.35139821334
angola,2016,9119.736721037792
angola,2017,8788.991608061304
angola,2018,8384.420106337162
argentina,1800,1098.018794394385
argentina,1820,1177.1886131276729
argentina,1850,1475.370266861458
argentina,1860,1598.1944716252503
argentina,1870,1731.377344260688
argentina,1875,1928.1920338219456
argentina,1876,1931.8915580618188
argentina,1877,2086.5316712885215
argentina,1878,1937.810796845616
argentina,1879,1971.1065150044753
argentina,1880,1891.9366962711877
argentina,1881,1880.0982187035931
argentina,1882,2299.6242675052213
argentina,1883,2495.699052218504
argentina,1884,2579.30830003964
argentina,1885,2888.5885264930453
argentina,1886,2790.181181712416
argentina,1887,2841.974521070642
argentina,1888,3121.6585536050607
argentina,1889,3172.7119881153117
argentina,1890,2849.3735695503883
argentina,1891,2686.594502995965
argentina,1892,3145.3355087402497
argentina,1893,3262.240474720245
argentina,1894,3675.847284738076
argentina,1895,3983.6477014955312
argentina,1896,4229.296111023116
argentina,1897,3329.571815885938
argentina,1898,3507.8888842478295
argentina,1899,4004.365037238822
argentina,1900,3390.9839182678343
argentina,1901,3396.9031570516318
argentina,1902,3204.5278965782218
argentina,1903,3528.60621999112
argentina,1904,3763.156056799085
argentina,1905,4102.772382019451
argentina,1906,4149.386387441854
argentina,1907,4079.835331732236
argentina,1908,4312.905358844252
argentina,1909,4362.478983658554
argentina,1910,4507.500333861586
argentina,1911,4417.971847256653
argentina,1912,4604.427868946265
argentina,1913,4477.9041399426
argentina,1914,3894.1192148905984
argentina,1915,3826.0479688769306
argentina,1916,3645.511185971115
argentina,1917,3290.3568589432816
argentina,1918,3830.487397964778
argentina,1919,3900.038453674396
argentina,1920,4096.113238387678
argentina,1921,4093.893523843755
argentina,1922,4288.488498861088
argentina,1923,4597.0288204665185
argentina,1924,4782.744937308156
argentina,1925,4622.185585297657
argentina,1926,4710.234262206641
argentina,1927,4901.869617832076
argentina,1928,5060.949160146626
argentina,1929,5150.477646751559
argentina,1930,4811.601226379168
argentina,1931,4378.016985466022
argentina,1932,4153.825816529702
argentina,1933,4270.730782509697
argentina,1934,4534.876813236648
argentina,1935,4658.440922848415
argentina,1936,4614.046631969935
argentina,1937,4864.874375433343
argentina,1938,4802.722368203472
argentina,1939,4892.250854808405
argentina,1940,4907.788856615873
argentina,1941,5076.487161954094
argentina,1942,5052.810206818905
argentina,1943,4932.205716599036
argentina,1944,5400.565485366992
argentina,1945,5137.159359488015
argentina,1946,5501.932449539519
argentina,1947,6002.108126770385
argentina,1948,6194.483387243795
argentina,1949,5952.534501956083
argentina,1950,5881.503636550517
argentina,1951,5982.870600723044
argentina,1952,5563.344551921416
argentina,1953,5748.320763915079
argentina,1954,5873.364683222795
argentina,1955,6176.725670892402
argentina,1956,6232.958439338477
argentina,1957,6440.871701619354
argentina,1958,6720.555734153772
argentina,1959,6181.1650999802505
argentina,1960,6556.2968579033995
argentina,1961,6913.670899475157
argentina,1962,6695.398969322635
argentina,1963,6433.472653139607
argentina,1964,6989.141193968571
argentina,1965,7513.7337311826
argentina,1966,7455.281248192603
argentina,1967,7547.02944934146
argentina,1968,7757.902331014237
argentina,1969,8299.512679731683
argentina,1970,8611.752525576985
argentina,1971,8881.07789023976
argentina,1972,9004.641999851527
argentina,1973,9390.132425646321
argentina,1974,9828.89600049529
argentina,1975,9578.808161879857
argentina,1976,9393.831949886195
argentina,1977,9793.380567792507
argentina,1978,9207.375928196581
argentina,1979,9703.112176339599
argentina,1980,9677.955411508461
argentina,1981,8971.346281692668
argentina,1982,8545.900994107242
argentina,1983,8712.379584901539
argentina,1984,8758.253685475967
argentina,1985,8061.263318683844
argentina,1986,8520.004324428128
argentina,1987,8607.313096489137
argentina,1988,8319.490110626997
argentina,1989,7689.831085000568
argentina,1990,7586.9843111320915
argentina,1991,8304.680619132845
argentina,1992,9076.474626150359
argentina,1993,9564.59806730305
argentina,1994,10041.529411763337
argentina,1995,9682.42184712326
argentina,1996,10147.962800391886
argentina,1997,10893.357076424147
argentina,1998,11236.164463272858
argentina,1999,10786.208791731486
argentina,2000,10631.650364
argentina,2001,10101.16692635785
argentina,2002,8948.981029871968
argentina,2003,9684.292696531364
argentina,2004,10494.237011405781
argentina,2005,11353.216226374692
argentina,2006,12201.381362038028
argentina,2007,13238.335661348096
argentina,2008,13703.262789554843
argentina,2009,12821.79320485544
argentina,2010,14043.387873348674
argentina,2011,14800.316674036983
argentina,2012,14501.395115455223
argentina,2013,14704.129043800278
argentina,2014,14193.594698697767
argentina,2015,14429.624345201682
argentina,2016,13965.704005521575
argentina,2017,14206.843508896087
argentina,2018,13729.957816564918
armenia,1973,2345.154190511721
armenia,1980,2221.989351829941
armenia,1981,2283.4521936575475
armenia,1982,2345.8716555914207
armenia,1983,2359.2643370791484
armenia,1984,2434.8373254741823
armenia,1985,2507.5404535504176
armenia,1986,2485.77734613286
armenia,1987,2341.088555060089
armenia,1988,2224.3809020956064
armenia,1989,2517.10665461308
armenia,1990,2312.389951872102
armenia,1991,1947.1215682167215
armenia,1992,1123.9355935575136
armenia,1993,987.7454633398177
armenia,1994,1050.6032246908792
armenia,1995,1124.77734750452
armenia,1996,1150.691899197241
armenia,1997,1156.564279128075
armenia,1998,1194.3528778898258
armenia,1999,1195.8833265668359
armenia,2000,1229.215104
armenia,2001,1305.1909729527883
armenia,2002,1454.5758360427228
armenia,2003,1612.6799804997397
armenia,2004,1729.0067073379073
armenia,2005,1914.9048271794213
armenia,2006,2104.2653378335553
armenia,2007,2322.963784808197
armenia,2008,2410.8770529965527
armenia,2009,2008.683850704375
armenia,2010,1992.3553738570242
armenia,2011,2024.4472998859594
armenia,2012,2170.810176144696
armenia,2013,2244.469924327198
armenia,2014,2328.174183625495
armenia,2015,2401.59477678143
armenia,2016,2410.6826677909594
armenia,2017,2597.0749058328624
armenia,2018,2739.383339095211
australia,1820,1036.356012291228
australia,1821,1046.3933586572446
australia,1822,1076.5053977552948
australia,1823,1111.6361100363533
australia,1824,1174.369524823958
australia,1825,1232.0842664285542
australia,1826,1253.4136274563398
australia,1827,1292.3083446246546
australia,1828,1326.1843886099612
australia,1829,1397.7004814678303
australia,1830,1696.3115358568282
australia,1831,1754.0262774614243
australia,1832,1791.6663263339872
australia,1833,1800.4490044042518
australia,1834,1892.0397899941545
australia,1835,2289.7696397475675
australia,1836,2249.620254283501
australia,1837,2360.0310643096846
australia,1838,2329.9190252116346
australia,1839,2174.340156538375
australia,1840,2747.7235676970813
australia,1841,2343.7203764649075
australia,1842,2137.9547759615643
australia,1843,2477.9698841103814
australia,1844,2817.9849922591984
australia,1845,2898.283763187332
australia,1846,3204.4228273508425
australia,1847,3706.2901456516793
australia,1848,4242.033507937823
australia,1849,4189.337439516235
australia,1850,3949.695795027585
australia,1851,4687.440752929815
australia,1852,5497.956471985666
australia,1853,6019.898483018536
australia,1854,5272.11617875029
australia,1855,5003.617163459342
australia,1856,6105.215927129679
australia,1857,5387.5456619594825
australia,1858,4593.340630748408
australia,1859,5932.07170231589
australia,1860,5787.7848483044
australia,1861,5701.212735897505
australia,1862,5480.391115845137
australia,1863,5460.316423113103
australia,1864,5791.548853191656
australia,1865,5524.30450619646
australia,1866,5686.156716348481
australia,1867,6218.136073747367
australia,1868,6312.236195928774
australia,1869,6188.0240346493165
australia,1870,6545.604498938663
australia,1871,6598.300567360251
australia,1872,7105.186558844096
australia,1873,7647.2032626089995
australia,1874,7669.787291932537
australia,1875,8275.792078780798
australia,1876,8013.56640496861
australia,1877,8071.281146573207
australia,1878,8553.07377214201
australia,1879,8410.041586426272
australia,1880,8569.384459986788
australia,1881,8909.399568135605
australia,1882,8125.231883290547
australia,1883,8949.548953599671
australia,1884,8608.279177155102
australia,1885,8844.156816756495
australia,1886,8657.211240689434
australia,1887,9263.216027537694
australia,1888,9007.263695204267
australia,1889,9494.07499395608
australia,1890,8915.672909614364
australia,1891,9332.22278380406
australia,1892,7989.727707349321
australia,1893,7415.089627894863
australia,1894,7531.773779399808
australia,1895,6973.446387790126
australia,1896,7369.921569247787
australia,1897,6839.196880144653
australia,1898,7781.452770254474
australia,1899,7679.824638298554
australia,1900,8026.113087926132
australia,1901,7677.31530170705
australia,1902,7645.948594313248
australia,1903,8151.579917501341
australia,1904,8589.45915271882
australia,1905,8563.111118508026
australia,1906,9013.537036683028
australia,1907,9231.849320143892
australia,1908,9386.173520521399
australia,1909,9962.066268271608
australia,1910,10420.020196221123
australia,1911,10207.98125423902
australia,1912,10195.434571281497
australia,1913,10313.373391082196
australia,1914,10053.657053861512
australia,1915,9793.94071664083
australia,1916,9755.045999472513
australia,1917,9581.901774658725
australia,1918,9204.246617637345
australia,1919,9431.341579168475
australia,1920,9531.715042828642
australia,1921,9821.543419147374
australia,1922,10127.682483310886
australia,1923,10383.634815644313
australia,1924,10834.060733819313
australia,1925,11105.069085701765
australia,1926,11145.218471165832
australia,1927,11087.503729561235
australia,1928,10903.067490085677
australia,1929,10525.412333064298
australia,1930,9415.030891323697
australia,1931,8707.397972519517
australia,1932,9127.711851596468
australia,1933,9683.529906614645
australia,1934,10120.154473536373
australia,1935,10635.823143090482
australia,1936,11031.043656252392
australia,1937,11491.506920793408
australia,1938,11771.297950746126
australia,1939,11690.99917981799
australia,1940,12330.88001065156
australia,1941,13575.510960037633
australia,1942,15009.596822082274
australia,1943,15404.817335244183
australia,1944,14723.532450650797
australia,1945,13833.972628962565
australia,1946,13189.07312494599
australia,1947,13327.08663747872
australia,1948,13933.09142432698
australia,1949,14473.853459796132
australia,1950,14823.905914310964
australia,1951,15013.36082696953
australia,1952,14835.197928972733
australia,1953,15009.596822082274
australia,1954,15581.725564945229
australia,1955,16053.480844148015
australia,1956,16215.333054300034
australia,1957,16178.947673723223
australia,1958,16609.29889916619
australia,1959,17255.453071478518
australia,1960,17581.666828374062
australia,1961,17305.639803308604
australia,1962,18053.42210757685
australia,1963,18798.695075253592
australia,1964,19697.03757501209
australia,1965,20303.04236186035
australia,1966,20481.205259857146
australia,1967,21464.865203726786
australia,1968,22295.45561551467
australia,1969,23121.02735411955
australia,1970,24046.972556384593
australia,1971,24578.95191378348
australia,1972,24807.30154361036
australia,1973,25754.57610690319
australia,1974,25969.124385476796
australia,1975,26339.251532723665
australia,1976,27117.145876089962
australia,1977,27090.797841879168
australia,1978,27537.45975516691
australia,1979,28639.05851883725
australia,1980,28822.240090017054
australia,1981,29319.088735134883
australia,1982,28822.240090017054
australia,1983,28477.20630868523
australia,1984,30123.331112711974
australia,1985,31275.116608212393
australia,1986,31512.24891610954
australia,1987,32584.990308977576
australia,1988,33502.15283317235
australia,1989,34386.69398167758
australia,1990,34344.03525962201
australia,1991,33701.99012597827
australia,1992,34578.88193828478
australia,1993,35911.71293219149
australia,1994,37444.535543104495
australia,1995,38505.84828793335
australia,1996,39823.76102486991
australia,1997,41225.8830828788
australia,1998,43081.720172
australia,1999,44604.73704831439
australia,2000,45924.68008948713
australia,2001,46769.004351373966
australia,2002,48388.87434304429
australia,2003,49589.0771116773
australia,2004,51300.53261933068
australia,2005,52576.17972178873
australia,2006,53512.8397912995
australia,2007,55247.54154220292
australia,2008,55734.4239806471
australia,2009,56066.7867413933
australia,2010,56962.220920042244
australia,2011,57880.3578196355
australia,2012,58968.155232052566
australia,2013,59283.07697428634
australia,2014,60057.20731276538
australia,2015,60671.9947776839
australia,2016,61284.27290601093
australia,2017,61812.003329226245
australia,2018,62521.12403369553
austria,1820,2151.5668283022774
austria,1830,2471.918612629613
austria,1840,2676.9880939464197
austria,1850,2915.3120857470326
austria,1860,3141.442757036916
austria,1870,3292.196537896839
austria,1871,3496.157535530852
austria,1872,3491.7236007996776
austria,1873,3379.766748837529
austria,1874,3500.591470262026
austria,1875,3486.18118238571
austria,1876,3533.8459807458325
austria,1877,3622.5246753693164
austria,1878,3710.0948863100066
austria,1879,3653.5622184875356
austria,1880,3673.5149247778195
austria,1881,3789.9057114711422
austria,1882,3781.0378420087936
austria,1883,3902.9710471160843
austria,1884,3971.697035449284
austria,1885,3914.0558839440196
austria,1886,4007.1685132986777
austria,1887,4247.709472464878
austria,1888,4203.370125153136
austria,1889,4129.101718405968
austria,1890,4316.435460798078
austria,1891,4428.392312760227
austria,1892,4479.382562168729
austria,1893,4461.646823244033
austria,1894,4673.3672066576
austria,1895,4749.852580770355
austria,1896,4772.022254426226
austria,1897,4824.120987517523
austria,1898,5044.709240393439
austria,1899,5099.024940850323
austria,1900,5092.374038753562
austria,1901,5060.2280119525485
austria,1902,5203.222407032917
austria,1903,5196.571504936155
austria,1904,5223.1751133232
austria,1905,5459.282137758226
austria,1906,5611.144402300943
austria,1907,5898.241676144471
austria,1908,5866.095649343459
austria,1909,5788.50179154791
austria,1910,5812.888432569368
austria,1911,5945.906474504594
austria,1912,6193.098335767555
austria,1913,6122.155380068768
austria,1914,5081.289201925626
austria,1915,4687.777494533916
austria,1916,4643.438147222175
austria,1917,4569.169740475007
austria,1918,4514.854040018123
austria,1919,3991.649741739568
austria,1920,4262.119760341194
austria,1921,4682.235076119949
austria,1922,5083.506169291213
austria,1923,5021.431083054775
austria,1924,5588.974728645071
austria,1925,5949.231925552975
austria,1926,6030.151234396903
austria,1927,6193.098335767555
austria,1928,6461.351387003594
austria,1929,6535.619793750762
austria,1930,6336.092730847923
austria,1931,5809.562981520988
austria,1932,5194.354537570568
austria,1933,5005.912311495665
austria,1934,5039.166821979471
austria,1935,5136.713386065304
austria,1936,5291.9011016564
austria,1937,5576.781408134342
austria,1938,6288.427932487801
austria,1939,7237.289964959078
austria,1940,6995.640522110084
austria,1941,7451.227315738233
austria,1942,7037.762902056239
austria,1943,7182.974264502194
austria,1944,7335.945012727704
austria,1945,3048.330127682258
austria,1946,3456.252122950284
austria,1947,3827.594156686123
austria,1948,4883.979106388375
austria,1949,5818.430850983336
austria,1950,6547.813114261491
austria,1951,6995.640522110084
austria,1952,7008.942326303607
austria,1953,7309.341404340658
austria,1954,8048.700020763956
austria,1955,8927.72758121924
austria,1956,9536.285123072897
austria,1957,10099.39483393202
austria,1958,10437.482357184052
austria,1959,10691.325120543775
austria,1960,11518.253947907762
austria,1961,12062.519436159395
austria,1962,12279.78223798693
austria,1963,12696.572102717304
austria,1964,13370.530181855782
austria,1965,13665.386841478865
austria,1966,14332.694018520582
austria,1967,14659.69670494468
austria,1968,15232.782768948942
austria,1969,16133.980003060098
austria,1970,17222.51097956336
austria,1971,18022.836198540306
austria,1972,19031.556349882434
austria,1973,19850.725791466866
austria,1974,20598.95227735251
austria,1975,20577.891087379434
austria,1976,21557.79066296893
austria,1977,22557.64294484871
austria,1978,22494.45937492948
austria,1979,23761.456224362504
austria,1980,24311.264131028107
austria,1981,24238.10420796373
austria,1982,24668.19587688763
austria,1983,25433.049618015175
austria,1984,25512.860443176312
austria,1985,26064.8853172075
austria,1986,26646.83925067411
austria,1987,27056.978213307724
austria,1988,27836.24224231159
austria,1989,28907.037479890158
austria,1990,29851.46557763026
austria,1991,30693.6596663351
austria,1992,31117.842008746025
austria,1993,31149.753369551392
austria,1994,31903.00328179072
austria,1995,32835.151043050995
austria,1996,33712.487944193286
austria,1997,34554.815937727006
austria,1998,35888.63295949741
austria,1999,37254.24827673752
austria,2000,38571.085878
austria,2001,39098.68475983899
austria,2002,39709.862092028554
austria,2003,39975.38062486751
austria,2004,40966.35583687038
austria,2005,41726.38767397778
austria,2006,43083.26825064585
austria,2007,44677.738892068155
austria,2008,45408.80505290885
austria,2009,43744.8198478614
austria,2010,44658.97780573688
austria,2011,45942.21471706141
austria,2012,46074.12427531384
austria,2013,45863.512375583065
austria,2014,45822.49847931971
austria,2015,45773.72519727679
austria,2016,45941.10623337862
austria,2017,46752.927093236336
austria,2018,47651.57514742217
azerbaijan,1973,2547.7964689642627
azerbaijan,1980,2582.761983606245
azerbaijan,1981,2699.9144811180427
azerbaijan,1982,2822.834486199652
azerbaijan,1983,2887.3584771369187
azerbaijan,1984,3013.522705226547
azerbaijan,1985,3084.895611402965
azerbaijan,1986,3122.7448798298537
azerbaijan,1987,3242.420661903444
azerbaijan,1988,3362.456913200147
azerbaijan,1989,3035.511327836454
azerbaijan,1990,2665.3094356991733
azerbaijan,1991,2638.323448014636
azerbaijan,1992,2032.685192150098
azerbaijan,1993,1555.5532771054432
azerbaijan,1994,1244.8313661133288
azerbaijan,1995,1081.1621897987297
azerbaijan,1996,1108.1615869383666
azerbaijan,1997,1206.7113132060376
azerbaijan,1998,1279.7969888960783
azerbaijan,1999,1427.3793610031141
azerbaijan,2000,1519.3377272915484
azerbaijan,2001,1621.6769223141196
azerbaijan,2002,1759.2339604348529
azerbaijan,2003,1949.606084
azerbaijan,2004,2152.532809902346
azerbaijan,2005,2722.849840095534
azerbaijan,2006,3662.492029181546
azerbaijan,2007,4577.778105894088
azerbaijan,2008,5072.748777664481
azerbaijan,2009,5545.5641458561995
azerbaijan,2010,5822.960929499953
azerbaijan,2011,5830.9501530795005
azerbaijan,2012,5896.916020909221
azerbaijan,2013,6175.919199598855
azerbaijan,2014,6286.222781871502
azerbaijan,2015,6293.792635556879
azerbaijan,2016,6000.010218719603
azerbaijan,2017,5955.783240422016
azerbaijan,2018,5993.902175874716
bahrain,1950,5006.445727511688
bahrain,1951,5199.0013324159845
bahrain,1952,5394.542295535851
bahrain,1953,5593.068616871287
bahrain,1954,5796.07297553008
bahrain,1955,5991.613938649946
bahrain,1956,6181.184185338671
bahrain,1957,6361.798357380685
bahrain,1958,6517.03698459035
bahrain,1959,6652.870783398806
bahrain,1960,6764.821716482699
bahrain,1961,6857.367821165384
bahrain,1962,6973.796791572633
bahrain,1963,7123.0647023511565
bahrain,1964,7311.1422699320965
bahrain,1965,7549.970927177735
bahrain,1966,7811.189771040151
bahrain,1967,8094.798801519347
bahrain,1968,8375.422473782972
bahrain,1969,8675.450974447804
bahrain,1970,9012.796452807268
bahrain,1971,9477.019655328477
bahrain,1972,9989.008589298814
bahrain,1973,10411.436776802037
bahrain,1974,10883.12337486217
bahrain,1975,9332.22978187331
bahrain,1976,10262.168866023512
bahrain,1977,10574.138799550627
bahrain,1978,10503.98288148472
bahrain,1979,10045.730395394652
bahrain,1980,10439.797679849955
bahrain,1981,10262.168866023512
bahrain,1982,10502.490202376935
bahrain,1983,10806.996740365124
bahrain,1984,10842.82103895197
bahrain,1985,10406.958739478681
bahrain,1986,10269.632261562438
bahrain,1987,10129.320425430626
bahrain,1988,10153.20329115519
bahrain,1989,10077.076656658142
bahrain,1990,9765.106723131028
bahrain,1991,10538.250166494236
bahrain,1992,11932.316772434839
bahrain,1993,13586.463905150262
bahrain,1994,14829.77275729486
bahrain,1995,15964.788785045019
bahrain,1996,17376.010901239308
bahrain,1997,18700.865260845945
bahrain,1998,20563.159778086036
bahrain,1999,22783.891926550237
bahrain,2000,25407.969405
bahrain,2001,27096.54816669471
bahrain,2002,29089.093415076404
bahrain,2003,31930.81216498008
bahrain,2004,34913.17084188347
bahrain,2005,37661.637449886475
bahrain,2006,40063.69279296889
bahrain,2007,43115.58434367859
bahrain,2008,45694.63590318157
bahrain,2009,47362.06071509656
bahrain,2010,50837.23695258152
bahrain,2011,54291.724508364685
bahrain,2012,55153.00035355677
bahrain,2013,57457.69689597717
bahrain,2014,59407.135810744694
bahrain,2015,60428.1283204698
bahrain,2016,61316.27238960201
bahrain,2017,60745.645795901
bahrain,2018,58958.98458271283
bangladesh,1950,359.7248083112931
bangladesh,1951,360.1426071595059
bangladesh,1952,365.1561933380606
bangladesh,1953,364.3205956416348
bangladesh,1954,364.3205956416348
bangladesh,1955,338.417067052436
bangladesh,1956,366.8273887309121
bangladesh,1957,353.0400267398869
bangladesh,1958,339.6704635970746
bangladesh,1959,350.11543480239675
bangladesh,1960,363.06719909699615
bangladesh,1961,375.60116454338265
bangladesh,1962,366.4095898826992
bangladesh,1963,395.65550925760107
bangladesh,1964,392.313118471898
bangladesh,1965,404.8470839182845
bangladesh,1966,402.34029082900724
bangladesh,1967,384.7927392040661
bangladesh,1968,412.3674631861164
bangladesh,1969,409.44287124862626
bangladesh,1970,419.47004360573544
bangladesh,1971,390.2241242308336
bangladesh,1972,337.16367050779735
bangladesh,1973,330.89668778460407
bangladesh,1974,364.3205956416348
bangladesh,1975,352.2044290434612
bangladesh,1976,360.1426071595059
bangladesh,1977,352.2044290434612
bangladesh,1978,366.8273887309121
bangladesh,1979,373.5121703023182
bangladesh,1980,365.5739921862734
bangladesh,1981,366.8273887309121
bangladesh,1982,363.06719909699615
bangladesh,1983,372.2587737576796
bangladesh,1984,383.53934265942746
bangladesh,1985,386.4639345969176
bangladesh,1986,394.40211271296243
bangladesh,1987,401.08689428436855
bangladesh,1988,402.7580896772201
bangladesh,1989,403.5936873736459
bangladesh,1990,420.30564130216123
bangladesh,1991,430.9302242323301
bangladesh,1992,443.8947313917999
bangladesh,1993,457.76398195707486
bangladesh,1994,474.79434038781324
bangladesh,1995,494.2357324118185
bangladesh,1996,515.5989155778335
bangladesh,1997,539.5924767324271
bangladesh,1998,563.2554754383146
bangladesh,1999,590.3419596863433
bangladesh,2000,620.560473
bangladesh,2001,648.0881110518568
bangladesh,2002,677.3634852455577
bangladesh,2003,714.7416085216144
bangladesh,2004,757.3125119022243
bangladesh,2005,804.5160524715882
bangladesh,2006,859.7040214894943
bangladesh,2007,916.8271094326677
bangladesh,2008,969.7322255439383
bangladesh,2009,1023.1421262236198
bangladesh,2010,1085.946275785253
bangladesh,2011,1158.1384072461142
bangladesh,2012,1217.4658436923437
bangladesh,2013,1277.211078986786
bangladesh,2014,1344.0588947008475
bangladesh,2015,1421.3516816202311
bangladesh,2016,1505.7470489592338
bangladesh,2017,1603.1151958749008
bangladesh,2018,1712.663181933209
barbados,1950,5790.808928339541
barbados,1951,6000.917924854516
barbados,1952,6243.482782619771
barbados,1953,6496.29685972722
barbados,1954,6742.278123939873
barbados,1955,7060.0039235478835
barbados,1956,7499.012152038521
barbados,1957,7936.31217730546
barbados,1958,8293.326651058547
barbados,1959,8631.550889350945
barbados,1960,9080.808337183777
barbados,1961,9707.718920281302
barbados,1962,10117.687693969057
barbados,1963,10305.590048575945
barbados,1964,10855.631486607015
barbados,1965,11048.658450885001
barbados,1966,11740.480756483088
barbados,1967,12797.858551952755
barbados,1968,14398.4449725587
barbados,1969,15795.755209544466
barbados,1970,17418.548272058495
barbados,1971,17960.04869397107
barbados,1972,18050.58346482712
barbados,1973,18166.74128403865
barbados,1974,17218.688494885715
barbados,1975,16783.096672842476
barbados,1976,17461.25335265097
barbados,1977,18006.170181010944
barbados,1978,18814.150305820564
barbados,1979,20220.00155892482
barbados,1980,21041.647309524033
barbados,1981,20609.47189392819
barbados,1982,19514.513627537144
barbados,1983,19505.97261141865
barbados,1984,20108.968349384388
barbados,1985,20238.79179438551
barbados,1986,21188.552786762146
barbados,1987,21665.141486174158
barbados,1988,22355.25558854855
barbados,1989,23057.327113488827
barbados,1990,22196.39268874454
barbados,1991,21008.34759588124
barbados,1992,19520.093473367357
barbados,1993,19377.169647023366
barbados,1994,19483.014018451493
barbados,1995,19599.682932067553
barbados,1996,20089.879861640842
barbados,1997,20711.125017926646
barbados,1998,21155.689860683655
barbados,1999,20904.903079162093
barbados,2000,21523.399224
barbados,2001,20690.066801045854
barbados,2002,20541.95225756601
barbados,2003,20660.409147496313
barbados,2004,20632.934748486983
barbados,2005,21146.61673926098
barbados,2006,22018.528932022367
barbados,2007,22065.610941734925
barbados,2008,21841.26987924138
barbados,2009,20659.56324525994
barbados,2010,20420.411377535635
barbados,2011,20276.37226530689
barbados,2012,20259.2902330699
barbados,2013,20172.17186866125
barbados,2014,20122.63397517398
barbados,2015,20240.49999760921
barbados,2016,20503.563294058855
barbados,2017,20602.804947566416
barbados,2018,20490.216760631447
belarus,1973,2394.3363267240366
belarus,1980,2723.302809211238
belarus,1981,2825.7818966876175
belarus,1982,2932.8538844430504
belarus,1983,3062.029204791428
belarus,1984,3145.2755223492713
belarus,1985,3157.618941849227
belarus,1986,3223.6418833606203
belarus,1987,3242.8746532791565
belarus,1988,3214.4560828025133
belarus,1989,3413.9601886738965
belarus,1990,3291.674218744099
belarus,1991,3206.636985839319
belarus,1992,2859.322440849834
belarus,1993,2605.7360443181683
belarus,1994,2276.9306003970014
belarus,1995,2007.563055917761
belarus,1996,2046.2388931763605
belarus,1997,2263.444295073856
belarus,1998,2434.8018162819963
belarus,1999,2494.436665029014
belarus,2000,2615.363768
belarus,2001,2716.2337328636136
belarus,2002,2833.3339164995846
belarus,2003,3012.077682525245
belarus,2004,3334.355352102301
belarus,2005,3625.393778907586
belarus,2006,3959.2389548937044
belarus,2007,4264.782277481521
belarus,2008,4657.199964380114
belarus,2009,4618.36934638211
belarus,2010,4929.4623564939875
belarus,2011,5143.47420000495
belarus,2012,5239.06393706275
belarus,2013,5300.206922027648
belarus,2014,5402.973065771469
belarus,2015,5206.052466307053
belarus,2016,5060.227882447107
belarus,2017,5199.560545290745
belarus,2018,5375.793889435127
belgium,1,1017.8509759458614
belgium,1500,2489.2631608383094
belgium,1550,2565.921393336324
belgium,1600,2696.879207187099
belgium,1650,2451.9987422628856
belgium,1700,2333.817300495113
belgium,1750,2309.329254002692
belgium,1812,2510.55711430998
belgium,1820,2510.55711430998
belgium,1846,2874.6837186755497
belgium,1847,2990.7357650961553
belgium,1848,2976.8946953395694
belgium,1849,3037.582462733831
belgium,1850,3134.469951029933
belgium,1851,3200.481206792112
belgium,1852,3265.427764880708
belgium,1853,3329.3096252957203
belgium,1854,3513.502322825672
belgium,1855,3514.5670204992557
belgium,1856,3682.789252925454
belgium,1857,3751.9946017083844
belgium,1858,3754.123997055551
belgium,1859,3728.5712528895465
belgium,1860,3891.4699969478274
belgium,1861,3920.216834134583
belgium,1862,3994.7456712854305
belgium,1863,4079.9214851721135
belgium,1864,4185.326554856883
belgium,1865,4154.450322322961
belgium,1866,4248.143717598313
belgium,1867,4237.496740862477
belgium,1868,4359.936973324584
belgium,1869,4519.641624362114
belgium,1870,4568.617717346957
belgium,1871,4551.582554569621
belgium,1872,4792.2042287995
belgium,1873,4785.816042757999
belgium,1874,4905.0621821993545
belgium,1875,4855.021391540929
belgium,1876,4879.509438033349
belgium,1877,4894.41520546352
belgium,1878,4992.367391433205
belgium,1879,4997.690879801123
belgium,1880,5202.112833129161
belgium,1881,5210.63041451783
belgium,1882,5322.423670244101
belgium,1883,5337.329437674271
belgium,1884,5322.423670244101
belgium,1885,5325.617763264851
belgium,1886,5351.170507430857
belgium,1887,5515.133949162721
belgium,1888,5510.875158468387
belgium,1889,5734.46166992093
belgium,1890,5817.508088460446
belgium,1891,5762.143809434102
belgium,1892,5840.931437279283
belgium,1893,5863.290088424538
belgium,1894,5885.648739569792
belgium,1895,5960.17757672064
belgium,1896,6026.188832482819
belgium,1897,6085.811902203497
belgium,1898,6134.78799518834
belgium,1899,6205.058041644854
belgium,1900,6331.757064801294
belgium,1901,6311.527809003207
belgium,1902,6345.59813455788
belgium,1903,6402.0271112578075
belgium,1904,6485.073529797323
belgium,1905,6588.349204134926
belgium,1906,6647.972273855605
belgium,1907,6673.52501802161
belgium,1908,6674.589715695193
belgium,1909,6739.536273783789
belgium,1910,6897.111529474152
belgium,1911,7039.781017734346
belgium,1912,7137.733203704031
belgium,1913,7162.221250196453
belgium,1914,6657.554552917856
belgium,1915,6547.890692538752
belgium,1916,6923.728971313741
belgium,1917,5971.889251130059
belgium,1918,4855.021391540929
belgium,1919,5751.496832698266
belgium,1920,6723.565808680036
belgium,1921,6883.270459717566
belgium,1922,7489.0834359865985
belgium,1923,7693.505389314638
belgium,1924,7871.309900803089
belgium,1925,7919.221296114348
belgium,1926,8119.384458748053
belgium,1927,8354.682644610015
belgium,1928,8720.93864432275
belgium,1929,8577.204458388973
belgium,1930,8449.440737558949
belgium,1931,8248.21287725166
belgium,1932,7818.0750171239115
belgium,1933,7943.7093426067695
belgium,1934,7847.886551984251
belgium,1935,8305.706551625171
belgium,1936,8337.647481832679
belgium,1937,8419.62920269861
belgium,1938,8200.301481940402
belgium,1939,8740.103202447255
belgium,1940,7742.48148229948
belgium,1941,7396.454738384831
belgium,1942,6783.188878400714
belgium,1943,6630.937111078269
belgium,1944,6978.028552666501
belgium,1945,7353.86683144149
belgium,1946,7762.710738097568
belgium,1947,8146.001900587641
belgium,1948,8526.098970056964
belgium,1949,8813.56734192452
belgium,1950,9269.257946218273
belgium,1951,9753.695387698783
belgium,1952,9619.543480827257
belgium,1953,9874.006224813722
belgium,1954,10231.74464313779
belgium,1955,10657.623712571205
belgium,1956,10899.310084474668
belgium,1957,11022.815014610358
belgium,1958,10932.315712355758
belgium,1959,11214.460595855395
belgium,1960,11797.914920979172
belgium,1961,12308.969804299271
belgium,1962,12869.00078060421
belgium,1963,13342.791245348884
belgium,1964,14155.155570293124
belgium,1965,14525.670360700195
belgium,1966,14894.055755760099
belgium,1967,15396.593057691527
belgium,1968,15980.047382815306
belgium,1969,17002.157149455503
belgium,1970,18008.296450991944
belgium,1971,18617.303520281726
belgium,1972,19522.296542827735
belgium,1973,20654.070169847033
belgium,1974,21456.85221572902
belgium,1975,21114.019564835122
belgium,1976,22269.21654067326
belgium,1977,22385.268587093866
belgium,1978,23002.793237772315
belgium,1979,23523.430400154666
belgium,1980,24551.928352836363
belgium,1981,24232.5190507613
belgium,1982,24563.64002724578
belgium,1983,24563.64002724578
belgium,1984,25173.711794209146
belgium,1985,25417.527561459778
belgium,1986,25788.042351866847
belgium,1987,26374.690770011377
belgium,1988,27580.993234181526
belgium,1989,28416.7809079446
belgium,1990,29185.492628271913
belgium,1991,29650.02469498664
belgium,1992,30024.02062090726
belgium,1993,29659.54862861638
belgium,1994,30563.744405544407
belgium,1995,31270.263408315852
belgium,1996,31749.60350321431
belgium,1997,32893.07102419188
belgium,1998,33517.47426066028
belgium,1999,34678.986064870216
belgium,2000,35901.36045983241
belgium,2001,36118.10330757868
belgium,2002,36646.56791431769
belgium,2003,36826.26993
belgium,2004,38052.67015980555
belgium,2005,38689.39194835731
belgium,2006,39449.07407418473
belgium,2007,40546.7466058866
belgium,2008,40583.45216465316
belgium,2009,39392.375835443156
belgium,2010,40180.974191857196
belgium,2011,40596.92229374027
belgium,2012,40358.43001485755
belgium,2013,40178.49610802194
belgium,2014,40701.26266575145
belgium,2015,41064.32457244344
belgium,2016,41274.07001413939
belgium,2017,41898.15671598944
belgium,2018,42328.336951084595
benin,1950,734.0181052026558
benin,1951,720.4836595013161
benin,1952,706.0469174198871
benin,1953,673.1130995466272
benin,1954,678.9780260172078
benin,1955,664.9924321258234
benin,1956,651.4579864244837
benin,1957,637.923540723144
benin,1958,647.3976527140818
benin,1959,657.3229128950642
benin,1960,662.2855429855555
benin,1961,668.6016176461806
benin,1962,631.6074660625188
benin,1963,645.1419117638585
benin,1964,673.1130995466272
benin,1965,691.1590271484134
benin,1966,698.8285463791726
benin,1967,688.0009898181008
benin,1968,697.0239536189939
benin,1969,699.7308427592619
benin,1970,696.1216572389046
benin,1971,692.5124717185474
benin,1972,739.8830316732364
benin,1973,751.6128846143973
benin,1974,781.8398133473894
benin,1975,708.3026583701104
benin,1976,698.3773981891279
benin,1977,708.3026583701104
benin,1978,685.294100677833
benin,1979,719.1302149311821
benin,1980,762.8915893655138
benin,1981,781.8398133473894
benin,1982,840.03792986315
benin,1983,779.5840723971661
benin,1984,816.1270757907832
benin,1985,850.8654864242218
benin,1986,842.2936708133733
benin,1987,803.9460746595774
benin,1988,803.0437782794882
benin,1989,773.7191459265855
benin,1990,817.0293721708725
benin,1991,817.670679323021
benin,1992,807.7944138354774
benin,1993,808.4409543066304
benin,1994,781.2999694231819
benin,1995,828.1161584819439
benin,1996,830.3318374728913
benin,1997,842.5670215017213
benin,1998,840.3788625503668
benin,1999,848.9242859920977
benin,2000,861.213292
benin,2001,869.8572913212556
benin,2002,872.6995700333559
benin,2003,866.0308779473919
benin,2004,867.8824803489731
benin,2005,846.3175968648386
benin,2006,843.8873517947061
benin,2007,859.2341048902741
benin,2008,866.3426213467127
benin,2009,852.1177835701477
benin,2010,836.7290285780865
benin,2011,828.3080769219889
benin,2012,842.2936708133733
benin,2013,874.7763404965885
benin,2014,905.9055656096698
benin,2015,927.1095305417687
benin,2016,938.388235292885
benin,2017,966.1667827985046
benin,2018,1001.6286546694987
bolivia,1846,571.3970561038947
bolivia,1890,656.8170552005074
bolivia,1891,661.6430438500335
bolivia,1892,670.8124222841332
bolivia,1893,670.8124222841332
bolivia,1894,697.8379587214795
bolivia,1895,697.8379587214795
bolivia,1896,652.4736654159339
bolivia,1897,667.9168290944175
bolivia,1898,682.3947950429958
bolivia,1899,685.2903882327116
bolivia,1900,705.5595405607213
bolivia,1901,730.1720826733047
bolivia,1902,705.5595405607213
bolivia,1903,703.6291451009109
bolivia,1904,704.5943428308161
bolivia,1905,728.7242860784468
bolivia,1906,753.8194270559827
bolivia,1907,756.7150202456984
bolivia,1908,779.8797657634238
bolivia,1909,796.7707260367654
bolivia,1910,827.1744545287801
bolivia,1911,841.6524204773584
bolivia,1912,862.4041716703208
bolivia,1913,898.5990865417668
bolivia,1914,853.7173921011738
bolivia,1915,867.7127591847996
bolivia,1916,887.4993126478568
bolivia,1917,944.4459787122652
bolivia,1918,948.306769631886
bolivia,1919,943.9633798473126
bolivia,1920,932.3810070884498
bolivia,1921,892.3253012973829
bolivia,1922,966.1629276351327
bolivia,1923,969.0585208248485
bolivia,1924,1002.3578425065788
bolivia,1925,1034.6919664584038
bolivia,1926,1040.9657517027879
bolivia,1927,1104.668801876533
bolivia,1928,1137.002925828358
bolivia,1929,1170.784846375041
bolivia,1930,1100.808010956912
bolivia,1931,984.5016845033322
bolivia,1932,906.8032672459613
bolivia,1933,942.9981821174073
bolivia,1934,1012.9750175355364
bolivia,1935,1048.6873335420298
bolivia,1936,1076.1954688443288
bolivia,1937,1149.0678974521734
bolivia,1938,1173.1978406998041
bolivia,1939,1200.7059760021032
bolivia,1940,1287.091172828621
bolivia,1941,1362.3765957612286
bolivia,1942,1380.2327537644753
bolivia,1943,1410.1538833915374
bolivia,1944,1393.7455219831486
bolivia,1945,1431.3882334494524
bolivia,1946,1395.1933185780065
bolivia,1947,1349.8290252724607
bolivia,1948,1441.5228096134574
bolivia,1949,1487.8523006489083
bolivia,1950,1453.10518237232
bolivia,1951,1548.6597576329377
bolivia,1952,1562.1725258516108
bolivia,1953,1384.576143549049
bolivia,1954,1384.0935446840963
bolivia,1955,1425.597047070021
bolivia,1956,1312.186313806157
bolivia,1957,1241.7268795230752
bolivia,1958,1243.1746761179331
bolivia,1959,1211.8057498960131
bolivia,1960,1235.4530942786912
bolivia,1961,1233.0400999539281
bolivia,1962,1272.1306080150898
bolivia,1963,1323.286087700067
bolivia,1964,1355.620211651892
bolivia,1965,1389.4021321985751
bolivia,1966,1454.552978967178
bolivia,1967,1509.0866507068233
bolivia,1968,1599.332638452962
bolivia,1969,1630.7015646748819
bolivia,1970,1674.1354625206172
bolivia,1971,1695.3698125785322
bolivia,1972,1738.3211115593149
bolivia,1973,1813.12393562697
bolivia,1974,1859.9360255273734
bolivia,1975,1935.2214484599813
bolivia,1976,2036.0846112350775
bolivia,1977,2069.8665317817604
bolivia,1978,2088.6878875149123
bolivia,1979,2039.9454021546985
bolivia,1980,1978.6553463057164
bolivia,1981,1959.351391707612
bolivia,1982,1841.5972686591742
bolivia,1983,1730.1169308551205
bolivia,1984,1718.5345580962576
bolivia,1985,1677.5136545752855
bolivia,1986,1595.4718475333411
bolivia,1987,1607.0542202922038
bolivia,1988,1634.0797567295504
bolivia,1989,1644.6969317585078
bolivia,1990,1690.0612250640534
bolivia,1991,1742.2069011001404
bolivia,1992,1733.5610941746277
bolivia,1993,1771.2702595046355
bolivia,1994,1817.0665270542004
bolivia,1995,1865.4559430848149
bolivia,1996,1910.823759362075
bolivia,1997,1968.7803600711695
bolivia,1998,2029.6631989979044
bolivia,1999,2001.081956859497
bolivia,2000,2014.1502515235488
bolivia,2001,2010.744165254486
bolivia,2002,2023.9013546294623
bolivia,2003,2041.5729668267513
bolivia,2004,2089.9213136939584
bolivia,2005,2145.3197543397123
bolivia,2006,2211.2208010438844
bolivia,2007,2274.7048478527136
bolivia,2008,2376.332398970008
bolivia,2009,2418.466175473561
bolivia,2010,2481.407009
bolivia,2011,2572.734549062384
bolivia,2012,2659.6023447538546
bolivia,2013,2793.764829210681
bolivia,2014,2898.971381770351
bolivia,2015,2992.1129627062055
bolivia,2016,3066.9157867738604
bolivia,2017,3147.205663416254
bolivia,2018,3231.3732219385415
bosnia and herzegovina,1952,686.6026994782136
bosnia and herzegovina,1953,680.8024654805096
bosnia and herzegovina,1954,669.5645121099581
bosnia and herzegovina,1955,821.0956252999756
bosnia and herzegovina,1956,700.3782552227607
bosnia and herzegovina,1957,802.607379432294
bosnia and herzegovina,1958,827.9834031722492
bosnia and herzegovina,1959,966.8265044922891
bosnia and herzegovina,1960,1040.7794879630155
bosnia and herzegovina,1961,1060.3552777052664
bosnia and herzegovina,1962,1039.691944088446
bosnia and herzegovina,1963,1150.6214192945354
bosnia and herzegovina,1964,1257.5632336272033
bosnia and herzegovina,1965,1293.8146961128534
bosnia and herzegovina,1966,1381.1807207032703
bosnia and herzegovina,1967,1350.004462965611
bosnia and herzegovina,1968,1395.3187910726738
bosnia and herzegovina,1969,1497.9104299070636
bosnia and herzegovina,1970,1541.0496702649873
bosnia and herzegovina,1971,1627.6906656056913
bosnia and herzegovina,1972,1689.680666456153
bosnia and herzegovina,1973,1740.432713936063
bosnia and herzegovina,1974,1853.174762266435
bosnia and herzegovina,1975,1902.1142366220627
bosnia and herzegovina,1976,1909.7270437440493
bosnia and herzegovina,1977,2047.1200865646633
bosnia and herzegovina,1978,2166.7499127673086
bosnia and herzegovina,1979,2311.3932480850526
bosnia and herzegovina,1980,2388.246348554631
bosnia and herzegovina,1981,2451.323893279662
bosnia and herzegovina,1982,2479.962548643326
bosnia and herzegovina,1983,2455.3115541530838
bosnia and herzegovina,1984,2480.687577893039
bosnia and herzegovina,1985,2492.288045888447
bosnia and herzegovina,1986,2561.528339236039
bosnia and herzegovina,1987,2496.2757067618686
bosnia and herzegovina,1988,2417.2475185431513
bosnia and herzegovina,1989,2432.8356474119805
bosnia and herzegovina,1990,2136.2986842793625
bosnia and herzegovina,1991,1859.3155425027294
bosnia and herzegovina,1992,1388.5104401547062
bosnia and herzegovina,1993,1026.2931497935122
bosnia and herzegovina,1994,1093.707021958152
bosnia and herzegovina,1995,1173.5712776561759
bosnia and herzegovina,1996,1781.877234674245
bosnia and herzegovina,1997,2143.578412964031
bosnia and herzegovina,1998,2388.8398574984462
bosnia and herzegovina,1999,2547.0180388498325
bosnia and herzegovina,2000,2567.34137
bosnia and herzegovina,2001,2584.506981258893
bosnia and herzegovina,2002,2679.5602734752415
bosnia and herzegovina,2003,2737.4958745098456
bosnia and herzegovina,2004,2848.4145467801145
bosnia and herzegovina,2005,2921.0278574546833
bosnia and herzegovina,2006,3049.0383692576866
bosnia and herzegovina,2007,3194.4285572055596
bosnia and herzegovina,2008,3334.866904132281
bosnia and herzegovina,2009,3269.3403918590316
bosnia and herzegovina,2010,3256.2723559078167
bosnia and herzegovina,2011,3248.493553339109
bosnia and herzegovina,2012,3216.5922663517367
bosnia and herzegovina,2013,3296.345483820167
bosnia and herzegovina,2014,3335.497063304669
bosnia and herzegovina,2015,3442.0763630124807
bosnia and herzegovina,2016,3533.0675338514625
bosnia and herzegovina,2017,3650.2451661257287
bosnia and herzegovina,2018,3792.091519855392
botswana,1950,307.7559265099994
botswana,1951,312.7907882933941
botswana,1952,317.19629235386446
botswana,1953,322.86051186018346
botswana,1954,327.8953736435781
botswana,1955,332.9302354269728
botswana,1956,337.9650972103675
botswana,1957,342.3706012708378
botswana,1958,346.1467476083838
botswana,1959,351.81096711470286
botswana,1960,354.9577557293245
botswana,1961,361.8806906814922
botswana,1962,366.2861947419625
botswana,1963,371.9504142482815
botswana,1964,380.13206464629786
botswana,1965,385.1669264296925
botswana,1966,417.2641702988336
botswana,1967,452.5082027825963
botswana,1968,491.528381603905
botswana,1969,530.5485604252137
botswana,1970,570.8274546923711
botswana,1971,700.475145614784
botswana,1972,856.5558609000188
botswana,1973,1000.049421726767
botswana,1974,1042.2163891626974
botswana,1975,1077.4604216464602
botswana,1976,1133.473258986726
botswana,1977,1188.8567386040675
botswana,1978,1261.8622344632902
botswana,1979,1374.517266866746
botswana,1980,1477.7319334263368
botswana,1981,1591.016323552717
botswana,1982,1661.5043885202424
botswana,1983,1792.410794888504
botswana,1984,1966.11352641562
botswana,1985,2077.5098433732273
botswana,1986,2159.955705076315
botswana,1987,2266.3171602505276
botswana,1988,2467.08227386339
botswana,1989,3188.326224334677
botswana,1990,3314.8271266424686
botswana,1991,3534.4800207495578
botswana,1992,3608.5043208906504
botswana,1993,3642.1652040223967
botswana,1994,3742.4298191915523
botswana,1995,3976.5819194551445
botswana,1996,4183.823879266167
botswana,1997,4501.259201683198
botswana,1998,4522.1066133192935
botswana,1999,4956.908591796681
botswana,2000,5062.642892
botswana,2001,5086.987581566615
botswana,2002,5415.036015008407
botswana,2003,5690.979607890435
botswana,2004,5871.598666113628
botswana,2005,6166.501786270293
botswana,2006,6712.527763560752
botswana,2007,7301.851223564829
botswana,2008,7794.689613269001
botswana,2009,7234.313776409689
botswana,2010,7895.1210711705035
botswana,2011,8418.288901835895
botswana,2012,8649.263186149125
botswana,2013,9347.850258595136
botswana,2014,9491.97317714481
botswana,2015,9317.641087894768
botswana,2016,9564.978673004032
botswana,2017,9690.491043136426
botswana,2018,9970.366926007055
brazil,1800,601.0538101601554
brazil,1820,601.0538101601554
brazil,1850,601.0538101601554
brazil,1851,641.9559725585973
brazil,1852,624.6245478134948
brazil,1853,586.4954133742692
brazil,1854,567.0842176597545
brazil,1855,571.243759598579
brazil,1856,592.0414692927021
brazil,1857,634.3301456707522
brazil,1858,675.2323080691941
brazil,1859,669.6862521507613
brazil,1860,687.0176768958638
brazil,1861,680.778363987627
brazil,1862,648.8885424566383
brazil,1863,662.7536822527203
brazil,1864,673.1525370997819
brazil,1865,722.373783375873
brazil,1866,749.4108059782329
brazil,1867,811.1106780707979
brazil,1868,811.1106780707979
brazil,1869,811.1106780707979
brazil,1870,751.4905769476452
brazil,1871,751.4905769476452
brazil,1872,777.8343425602011
brazil,1873,754.9568618966657
brazil,1874,766.7422307233354
brazil,1875,777.8343425602011
brazil,1876,749.4108059782329
brazil,1877,727.9198392943058
brazil,1878,763.275945774315
brazil,1879,768.8220016927478
brazil,1880,733.4658952127386
brazil,1881,740.3984651107796
brazil,1882,757.7298898558821
brazil,1883,736.9321801617591
brazil,1884,786.8466834276544
brazil,1885,731.3861242433263
brazil,1886,754.9568618966657
brazil,1887,705.0423586307705
brazil,1888,677.3120790386065
brazil,1889,687.0176768958638
brazil,1890,751.4905769476452
brazil,1891,798.6320522543241
brazil,1892,692.5637328142967
brazil,1893,589.2684413334856
brazil,1894,589.2684413334856
brazil,1895,698.1097887327295
brazil,1896,634.3301456707522
brazil,1897,624.6245478134948
brazil,1898,639.876201589185
brazil,1899,627.3975757727112
brazil,1900,605.9066090887841
brazil,1901,651.6615704158547
brazil,1902,638.4896876095768
brazil,1903,637.7964306197728
brazil,1904,636.4099166401645
brazil,1905,641.2627155687932
brazil,1906,688.4041908754721
brazil,1907,673.845794089586
brazil,1908,655.1278553648752
brazil,1909,692.5637328142967
brazil,1910,686.3244199060598
brazil,1911,745.9445210292124
brazil,1912,722.373783375873
brazil,1913,725.1468113350894
brazil,1914,696.0300177633172
brazil,1915,712.6681855186156
brazil,1916,718.2142414370484
brazil,1917,752.8770909272534
brazil,1918,721.6805263860689
brazil,1919,800.0185662339323
brazil,1920,861.0251813366932
brazil,1921,861.0251813366932
brazil,1922,901.9273437351351
brazil,1923,933.8171652661238
brazil,1924,915.099226541413
brazil,1925,899.8475727657228
brazil,1926,900.5408297555269
brazil,1927,946.9890480724017
brazil,1928,1034.3394287877184
brazil,1929,1015.6214900630076
brazil,1930,935.896936235536
brazil,1931,897.0745448065064
brazil,1932,909.5531706229802
brazil,1933,961.5474448582878
brazil,1934,1019.7810320018323
brazil,1935,1027.4068588896773
brazil,1936,1102.9718707783243
brazil,1937,1116.1437535846023
brazil,1938,1139.0212342481375
brazil,1939,1127.929122411272
brazil,1940,1116.1437535846023
brazil,1941,1166.7515138403016
brazil,1942,1098.1190718496957
brazil,1943,1222.2120730246297
brazil,1944,1237.4637268003198
brazil,1945,1242.3165257289486
brazil,1946,1340.759018281131
brazil,1947,1356.010672056821
brazil,1948,1453.0666506293953
brazil,1949,1527.938405528238
brazil,1950,1550.1226292019694
brazil,1951,1579.9326797635456
brazil,1952,1647.8718647643475
brazil,1953,1676.2954013463157
brazil,1954,1754.633441194179
brazil,1955,1854.4624477259695
brazil,1956,1852.3826767565572
brazil,1957,1936.2667725228534
brazil,1958,2083.237254361323
brazil,1959,2219.1156243629266
brazil,1960,2355.6872513543344
brazil,1961,2485.326308447701
brazil,1962,2572.676689163018
brazil,1963,2511.6700740602573
brazil,1964,2521.3756719175144
brazil,1965,2507.5105321214323
brazil,1966,2597.633940795966
brazil,1967,2630.9102763065625
brazil,1968,2807.690808706608
brazil,1969,2990.0173970250867
brazil,1970,3213.246147742007
brazil,1971,3482.923116775802
brazil,1972,3799.0483041264724
brazil,1973,4219.162039947757
brazil,1974,4447.93684658311
brazil,1975,4563.017506890591
brazil,1976,4907.5662308232295
brazil,1977,5024.726662100123
brazil,1978,5147.433149295448
brazil,1979,5363.036073124524
brazil,1980,5718.676908894027
brazil,1981,5344.318134399813
brazil,1982,5259.740781643713
brazil,1983,4993.530097558938
brazil,1984,5156.4454901629015
brazil,1985,5450.38645383984
brazil,1986,5740.861132567758
brazil,1987,5824.745228334054
brazil,1988,5705.50502608775
brazil,1989,5776.910496037572
brazil,1990,5436.521314043758
brazil,1991,5468.4447585387525
brazil,1992,5416.274258376637
brazil,1993,5661.299910087085
brazil,1994,5972.886413251206
brazil,1995,6205.824713390226
brazil,1996,6325.634564905054
brazil,1997,6523.511184807634
brazil,1998,6529.862389394026
brazil,1999,6545.565353470079
brazil,2000,6817.783456
brazil,2001,6900.201382558559
brazil,2002,7102.4656259496105
brazil,2003,7178.395637643389
brazil,2004,7590.928400304068
brazil,2005,7837.805256154391
brazil,2006,8157.281647793774
brazil,2007,8665.716809395995
brazil,2008,9126.042847585168
brazil,2009,9137.744748270265
brazil,2010,9855.072799297246
brazil,2011,10281.69441578462
brazil,2012,10388.45599221445
brazil,2013,10610.991485941566
brazil,2014,10577.71515043097
brazil,2015,10971.4851206397
brazil,2016,9617.55421955229
brazil,2017,9672.044149625193
brazil,2018,9728.86744407438
bulgaria,1870,600.2696319212506
bulgaria,1892,808.7277191829246
bulgaria,1899,704.7228240330141
bulgaria,1905,771.9673683109735
bulgaria,1910,812.3140948777492
bulgaria,1911,812.3140948777492
bulgaria,1920,714.5853571937815
bulgaria,1921,714.5853571937815
bulgaria,1924,732.9655326297571
bulgaria,1925,873.7307786516187
bulgaria,1926,886.7313905453575
bulgaria,1927,844.5914761311697
bulgaria,1928,867.0063242238227
bulgaria,1929,876.8688573845901
bulgaria,1930,910.4911295235698
bulgaria,1931,918.1121778750719
bulgaria,1932,871.0409968805003
bulgaria,1933,931.1127897688107
bulgaria,1934,841.0051004363452
bulgaria,1935,893.0075480113004
bulgaria,1936,990.287988733415
bulgaria,1937,1080.3956780658805
bulgaria,1938,1070.9814418669662
bulgaria,1939,1197.849482071383
bulgaria,1940,1202.7807486517665
bulgaria,1941,1069.636550981407
bulgaria,1942,1030.6347153001905
bulgaria,1943,1051.7046725072846
bulgaria,1944,935.5957593873413
bulgaria,1945,766.5878047687368
bulgaria,1948,986.2533160767374
bulgaria,1949,1075.9127084473498
bulgaria,1950,1179.9176035972603
bulgaria,1951,1421.101369074208
bulgaria,1952,1352.5119339106893
bulgaria,1953,1489.6908042377265
bulgaria,1954,1447.1025928616855
bulgaria,1955,1534.9687973848859
bulgaria,1956,1520.6232946055877
bulgaria,1957,1664.9749163222739
bulgaria,1958,1792.2912534885436
bulgaria,1959,1917.8144028074012
bulgaria,1960,2080.994496921916
bulgaria,1961,2195.310222194447
bulgaria,1962,2354.455643652284
bulgaria,1963,2442.3218481754843
bulgaria,1964,2613.122990641501
bulgaria,1965,2751.198454892244
bulgaria,1966,2947.5525241838855
bulgaria,1967,3086.972879320188
bulgaria,1968,3121.491745382874
bulgaria,1969,3248.3597855872904
bulgaria,1970,3410.643285778099
bulgaria,1971,3502.99245991983
bulgaria,1972,3651.3787542931937
bulgaria,1973,3776.005309688345
bulgaria,1974,3868.802780791929
bulgaria,1975,4166.9202604242155
bulgaria,1976,4274.51153126895
bulgaria,1977,4213.094847495081
bulgaria,1978,4300.961052018281
bulgaria,1979,4462.347958285383
bulgaria,1980,4318.892930492404
bulgaria,1981,4420.2080438711955
bulgaria,1982,4552.007350655996
bulgaria,1983,4456.968394743147
bulgaria,1984,4594.595562032037
bulgaria,1985,4448.899049429791
bulgaria,1986,4559.180102045645
bulgaria,1987,4560.524992931204
bulgaria,1988,4526.9027207922245
bulgaria,1989,4441.726298040143
bulgaria,1990,3999.705493653023
bulgaria,1991,3729.6840846812574
bulgaria,1992,3517.3899651467027
bulgaria,1993,3568.0689056011793
bulgaria,1994,3681.5475707865385
bulgaria,1995,3840.3819638122413
bulgaria,1996,3542.0497051055313
bulgaria,1997,3553.8423808355574
bulgaria,1998,3730.764076892058
bulgaria,1999,3551.303316503014
bulgaria,2000,3770.5338452689284
bulgaria,2001,3959.489042183362
bulgaria,2002,4246.1637866940455
bulgaria,2003,4519.184392
bulgaria,2004,4865.718929765734
bulgaria,2005,5271.1133792428
bulgaria,2006,5696.142608033284
bulgaria,2007,6179.875651532983
bulgaria,2008,6617.631851751691
bulgaria,2009,6439.005103030479
bulgaria,2010,6583.895891503185
bulgaria,2011,6774.66368752348
bulgaria,2012,6815.907008013962
bulgaria,2013,6912.739151774223
bulgaria,2014,7043.193567673464
bulgaria,2015,7339.9661564201915
bulgaria,2016,7637.635339090625
bulgaria,2017,7963.409334212335
bulgaria,2018,8268.505811287358
burkina faso,1950,253.86656332167476
burkina faso,1951,260.5826099703963
burkina faso,1952,267.63445895155394
burkina faso,1953,274.0147032678394
burkina faso,1954,281.40235458143314
burkina faso,1955,288.45420356259075
burkina faso,1956,296.5134595410566
burkina faso,1957,303.9011108546503
burkina faso,1958,311.9603668331162
burkina faso,1959,320.01962281158205
burkina faso,1960,326.0640647954315
burkina faso,1961,337.14554176582203
burkina faso,1962,355.95047238224237
burkina faso,1963,348.89862340108476
burkina faso,1964,354.271460720062
burkina faso,1965,365.01713535801645
burkina faso,1966,363.3381236958361
burkina faso,1967,391.20971728803056
burkina faso,1968,399.2689732664964
burkina faso,1969,402.6269965908572
burkina faso,1970,398.93317093406034
burkina faso,1971,409.3430432395787
burkina faso,1972,420.7603225424054
burkina faso,1973,393.5603336150831
burkina faso,1974,380.12824031763995
burkina faso,1975,358.636891041731
burkina faso,1976,348.89862340108476
burkina faso,1977,366.0245423553247
burkina faso,1978,399.2689732664964
burkina faso,1979,393.89613594751916
burkina faso,1980,391.20971728803056
burkina faso,1981,398.26156626918817
burkina faso,1982,397.2541592718799
burkina faso,1983,382.8146589771286
burkina faso,1984,379.1208333203317
burkina faso,1985,417.4022992180446
burkina faso,1986,470.1232654105088
burkina faso,1987,448.6319161345998
burkina faso,1988,471.13067240781703
burkina faso,1989,450.6467301292163
burkina faso,1990,431.84179951279594
burkina faso,1991,447.03023974957944
burkina faso,1992,424.7872641129788
burkina faso,1993,416.4426433124088
burkina faso,1994,399.3097060894209
burkina faso,1995,400.04380356835935
burkina faso,1996,421.6921404346822
burkina faso,1997,425.88574070284375
burkina faso,1998,434.3849648972673
burkina faso,1999,442.8291846696379
burkina faso,2000,428.309797
burkina faso,2001,430.96273616694475
burkina faso,2002,421.6190026866777
burkina faso,2003,429.01464609578335
burkina faso,2004,426.02791941039715
burkina faso,2005,439.89554833300986
burkina faso,2006,444.144656726723
burkina faso,2007,439.4041687799561
burkina faso,2008,441.7324206716684
burkina faso,2009,432.301109943102
burkina faso,2010,445.34021377089516
burkina faso,2011,451.31833479408846
burkina faso,2012,466.09363742127584
burkina faso,2013,477.5109167241025
burkina faso,2014,482.54795171064364
burkina faso,2015,486.91338203231265
burkina faso,2016,497.99485900270327
burkina faso,2017,513.8463073646485
burkina faso,2018,533.799514056834
burundi,1950,210.02813348169587
burundi,1951,218.14686805325724
burundi,1952,220.97077573032206
burundi,1953,226.2656026248186
burundi,1954,234.73732565601304
burundi,1955,237.91422179271098
burundi,1956,242.5030717679413
burundi,1957,247.44491020280472
burundi,1958,249.91582942023643
burundi,1959,259.7995062899633
burundi,1960,258.740540911064
burundi,1961,217.08790267435793
burundi,1962,231.91341797894822
burundi,1963,237.56123333307787
burundi,1964,245.32697944500612
burundi,1965,248.15088712207094
burundi,1966,252.73973709730126
burundi,1967,269.6831831596902
burundi,1968,261.21146012849573
burundi,1969,253.09272555693437
burundi,1970,315.21869445236035
burundi,1971,318.3955905890583
burundi,1972,305.68800604226664
burundi,1973,325.10237132208727
burundi,1974,319.1015675083245
burundi,1975,311.68880985602937
burundi,1976,337.4569674092458
burundi,1977,360.0482288257644
burundi,1978,367.81397493769265
burundi,1979,356.87133268906643
burundi,1980,336.0450135707134
burundi,1981,357.93029806796574
burundi,1982,347.6936327386058
burundi,1983,349.8115634964044
burundi,1984,341.69282892484307
burundi,1985,373.10880183218916
burundi,1986,380.5215594844843
burundi,1987,386.52236329824706
burundi,1988,394.99408632944153
burundi,1989,392.1701786523767
burundi,1990,396.759028627607
burundi,1991,405.865283713838
burundi,1992,398.293610657016
burundi,1993,379.6798232036432
burundi,1994,373.3352086301978
burundi,1995,329.76291325346904
burundi,1996,291.04307963362464
burundi,1997,282.4867805675021
burundi,1998,285.3290789433138
burundi,1999,272.6190587761506
burundi,2000,261.1270605877974
burundi,2001,257.83258399519576
burundi,2002,260.25344944905146
burundi,2003,248.34909014215492
burundi,2004,250.5290409723111
burundi,2005,244.13377255490832
burundi,2006,248.2783159559985
burundi,2007,247.4303317794219
burundi,2008,250.15536738894346
burundi,2009,250.2803253036536
burundi,2010,253.308578
burundi,2011,253.79870247620056
burundi,2012,256.6226101532654
burundi,2013,260.5054832092295
burundi,2014,264.03536780556055
burundi,2015,244.973990985373
burundi,2016,234.73732565601304
burundi,2017,236.9671184566694
burundi,2018,229.92217477931192
cambodia,1950,303.0963370535698
cambodia,1951,305.8589338756727
cambodia,1952,316.9093211640841
cambodia,1953,312.5680975864939
cambodia,1954,340.983379185266
cambodia,1955,325.9864250081363
cambodia,1956,359.92690025111415
cambodia,1957,373.7398843616284
cambodia,1958,382.4223315168088
cambodia,1959,408.86432967122175
cambodia,1960,422.2826570928642
cambodia,1961,406.8910462268626
cambodia,1962,427.8078507370699
cambodia,1963,447.9353418695335
cambodia,1964,423.86128384835155
cambodia,1965,432.1490743146601
cambodia,1966,440.4368647809686
cambodia,1967,451.0925953805082
cambodia,1968,459.38038584681675
cambodia,1969,454.2498488914829
cambodia,1970,406.8910462268626
cambodia,1971,386.76355509439895
cambodia,1972,363.0841537620888
cambodia,1973,488.9796375122044
cambodia,1974,413.9948666265556
cambodia,1975,365.057437206448
cambodia,1976,404.5231060936316
cambodia,1977,451.0925953805082
cambodia,1978,509.5017853335399
cambodia,1979,522.9201127551823
cambodia,1980,520.9468293108231
cambodia,1981,513.4483522222582
cambodia,1982,535.9437834879528
cambodia,1983,557.255244687032
cambodia,1984,582.5132727748295
cambodia,1985,607.771300862627
cambodia,1986,622.7682550397567
cambodia,1987,588.0384664190352
cambodia,1988,581.329302708214
cambodia,1989,574.2254823085209
cambodia,1990,554.0979911760573
cambodia,1991,562.4037779873784
cambodia,1992,563.2878484361202
cambodia,1993,546.3202944801156
cambodia,1994,559.0168737491492
cambodia,1995,568.0240444279333
cambodia,1996,572.4594330914883
cambodia,1997,578.7114264939205
cambodia,1998,582.6300911547355
cambodia,1999,626.0085837837389
cambodia,2000,654.7706107493539
cambodia,2001,681.3634466902537
cambodia,2002,698.9200652200684
cambodia,2003,730.1955027744326
cambodia,2004,775.847139
cambodia,2005,846.4774258433124
cambodia,2006,902.3370151892254
cambodia,2007,956.1570582327175
cambodia,2008,979.5405854453805
cambodia,2009,960.3205284376398
cambodia,2010,957.7082563483283
cambodia,2011,985.0630954241019
cambodia,2012,1039.5257184884151
cambodia,2013,1097.9349084414469
cambodia,2014,1156.3440983944786
cambodia,2015,1217.910541858485
cambodia,2016,1283.0288955223377
cambodia,2017,1351.8549303811349
cambodia,2018,1432.0359090951458
cameroon,1950,628.1545439702116
cameroon,1951,642.8310520068989
cameroon,1952,658.6816806865211
cameroon,1953,673.9452490446757
cameroon,1954,689.7958777242978
cameroon,1955,705.6465064039201
cameroon,1956,721.4971350835422
cameroon,1957,737.3477637631644
cameroon,1958,753.1983924427865
cameroon,1959,769.0490211224087
cameroon,1960,778.4419862658884
cameroon,1961,775.5066846585511
cameroon,1962,786.0737704449658
cameroon,1963,801.924399124588
cameroon,1964,816.0138468398077
cameroon,1965,817.7750278042101
cameroon,1966,840.0833200199746
cameroon,1967,847.1280438775846
cameroon,1968,885.2869647729713
cameroon,1969,910.5305585960732
cameroon,1970,918.749403096618
cameroon,1971,926.3811872756953
cameroon,1972,946.3412382055899
cameroon,1973,938.7094540265126
cameroon,1974,958.0824446349396
cameroon,1975,984.5001591009766
cameroon,1976,976.8683749218993
cameroon,1977,1001.5249084235337
cameroon,1978,1023.8332006392983
cameroon,1979,1047.9026738194652
cameroon,1980,1115.4146107882264
cameroon,1981,1263.9408721195007
cameroon,1982,1324.9951455521193
cameroon,1983,1376.6564538412583
cameroon,1984,1438.2977875953445
cameroon,1985,1517.5509309934553
cameroon,1986,1575.082842497269
cameroon,1987,1450.6260543461617
cameroon,1988,1342.606955196144
cameroon,1989,1186.4489096857924
cameroon,1990,1133.026420432251
cameroon,1991,1076.2896821338647
cameroon,1992,1029.8486316352792
cameroon,1993,984.5823475459821
cameroon,1994,948.4530703000048
cameroon,1995,967.8520676806729
cameroon,1996,1003.9353781034793
cameroon,1997,1045.2589650738007
cameroon,1998,1084.4289212548188
cameroon,1999,1116.7448894766717
cameroon,2000,1151.276893
cameroon,2001,1190.879688756036
cameroon,2002,1223.974157670187
cameroon,2003,1258.645588019864
cameroon,2004,1290.497132821404
cameroon,2005,1304.982787547582
cameroon,2006,1332.3439666562494
cameroon,2007,1359.4009311063323
cameroon,2008,1381.235230818544
cameroon,2009,1391.4095732498972
cameroon,2010,1420.7639395620106
cameroon,2011,1464.128441739914
cameroon,2012,1491.7202768488858
cameroon,2013,1533.4015596730774
cameroon,2014,1582.7146266763464
cameroon,2015,1630.8535730366805
cameroon,2016,1660.2065891100547
cameroon,2017,1673.2819488259713
cameroon,2018,1695.4571544668595
canada,1820,1478.613881912896
canada,1830,1635.6075834622873
canada,1840,1900.3420605847905
canada,1850,2175.337563952352
canada,1860,2373.3753704819765
canada,1870,2772.529291414743
canada,1871,2870.0090407427965
canada,1872,2788.9469334068363
canada,1873,3012.6373055491063
canada,1874,3032.133255414717
canada,1875,2918.2358640945704
canada,1876,2684.284465707242
canada,1877,2824.8605252645402
canada,1878,2677.101747335701
canada,1879,2886.4266827348897
canada,1880,2970.5670979443676
canada,1881,3336.8857348929478
canada,1882,3449.7570235885887
canada,1883,3417.947842228908
canada,1884,3648.820932742719
canada,1885,3390.2430713672506
canada,1886,3394.347481865274
canada,1887,3467.2007682051876
canada,1888,3678.5779088533877
canada,1889,3662.1602668612945
canada,1890,3888.928946877082
canada,1891,3940.2340781023736
canada,1892,3877.6418180075184
canada,1893,3817.1017631616746
canada,1894,3957.6778227189725
canada,1895,3877.6418180075184
canada,1896,3742.196271572749
canada,1897,4108.514908521329
canada,1898,4224.464505090487
canada,1899,4573.339397422468
canada,1900,4761.116177707035
canada,1901,5065.868657185265
canada,1902,5448.604936125938
canada,1903,5452.709346623962
canada,1904,5364.464520916461
canada,1905,5826.210701944083
canada,1906,6290.009088220716
canada,1907,6338.23591157249
canada,1908,5842.628343936176
canada,1909,6297.191806592257
canada,1910,6650.171109422261
canada,1911,6890.279123556625
canada,1912,7159.118011177151
canada,1913,7273.015402497298
canada,1914,6583.474438829383
canada,1915,6923.114407540811
canada,1916,7599.3160370901505
canada,1917,7852.76338534309
canada,1918,7263.780478876745
canada,1919,6573.213412584324
canada,1920,6314.635551208856
canada,1921,5490.6751437306775
canada,1922,6203.816467762227
canada,1923,6503.438434117928
canada,1924,6504.464536742434
canada,1925,7098.577956331307
canada,1926,7355.103612457764
canada,1927,7927.668876932015
canada,1928,8459.190036426033
canada,1929,8284.752590260043
canada,1930,7869.181027335183
canada,1931,6548.586949596184
canada,1932,6004.7525586080965
canada,1933,5512.2232988453
canada,1934,6036.561739967777
canada,1935,6462.394329137695
canada,1936,6745.5986535013035
canada,1937,7316.1117127265425
canada,1938,7435.139617169219
canada,1939,7798.379946244281
canada,1940,8780.360157896357
canada,1941,9896.759813358696
canada,1942,11502.610420710314
canada,1943,11879.190083903954
canada,1944,12173.681537137125
canada,1945,11666.786840631246
canada,1946,11336.38179554037
canada,1947,11592.907451666828
canada,1948,11554.941654560113
canada,1949,11553.915551935606
canada,1950,11925.364702006715
canada,1951,12320.414212441457
canada,1952,12811.917369579749
canada,1953,13058.181999461147
canada,1954,12592.331407935502
canada,1955,13413.213507540164
canada,1956,14150.981294559853
canada,1957,14077.101905595433
canada,1958,13958.074001152758
canada,1959,14189.973194291075
canada,1960,14316.183817105291
canada,1961,14447.524953042037
canada,1962,15172.979508567656
canada,1963,15646.012818464842
canada,1964,16354.023629373862
canada,1965,17129.757213500267
canada,1966,17903.43859237766
canada,1967,18118.920143523883
canada,1968,18774.599720583108
canada,1969,19483.636634116632
canada,1970,19708.35310888341
canada,1971,20546.67895310467
canada,1972,21380.900386827907
canada,1973,22633.77169134952
canada,1974,23234.041726685427
canada,1975,23414.635788598454
canada,1976,24374.041742511403
canada,1977,24898.38018363388
canada,1978,25646.408996898626
canada,1979,26447.795146637676
canada,1980,26457.030070258228
canada,1981,26941.35050902498
canada,1982,25807.50710894604
canada,1983,26293.879752961802
canada,1984,27536.490031238358
canada,1985,28756.526051775785
canada,1986,29215.193924929892
canada,1987,30009.3973562974
canada,1988,31065.256956913898
canada,1989,31253.03373719846
canada,1990,30867.219150384273
canada,1991,29912.632595278104
canada,1992,29901.85390025898
canada,1993,30431.71492831681
canada,1994,31548.36946767108
canada,1995,32148.534122267447
canada,1996,32418.934430251687
canada,1997,33563.50039753618
canada,1998,34667.64294931801
canada,1999,36268.337083150705
canada,2000,37906.860132
canada,2001,38281.021886969254
canada,2002,39119.12250166444
canada,2003,39566.49247187142
canada,2004,40522.40362285556
canada,2005,41541.784454288776
canada,2006,42323.80815011366
canada,2007,42898.134104081306
canada,2008,42990.0322655731
canada,2009,41364.88692708054
canada,2010,42285.10037819917
canada,2011,43298.45244627236
canada,2012,43552.925897149806
canada,2013,44116.2562380035
canada,2014,44745.25714682558
canada,2015,44757.570378319644
canada,2016,44886.85930900738
canada,2017,45755.60057939345
canada,2018,46039.93546362874
cape verde,1950,535.35139416662
cape verde,1951,542.2694539321926
cape verde,1952,548.6553552542597
cape verde,1953,555.5734150198323
cape verde,1954,548.123196810754
cape verde,1955,550.2518305847765
cape verde,1956,557.1698903503491
cape verde,1957,538.5443448276535
cape verde,1958,534.2870772796089
cape verde,1959,578.4562280905725
cape verde,1960,603.9998333788407
cape verde,1961,624.2218542320529
cape verde,1962,642.3152413112429
cape verde,1963,658.2799946164105
cape verde,1964,671.5839557040501
cape verde,1965,684.3557583481843
cape verde,1966,696.5954025488127
cape verde,1967,706.7064129754189
cape verde,1968,716.817423402025
cape verde,1969,726.9284338286311
cape verde,1970,737.0394442552373
cape verde,1971,763.6473664305166
cape verde,1972,775.3548521876395
cape verde,1973,782.2729119532122
cape verde,1974,796.641189927863
cape verde,1975,658.2799946164105
cape verde,1976,665.7302128254887
cape verde,1977,625.8183295625697
cape verde,1978,678.5020154696227
cape verde,1979,692.338135000768
cape verde,1980,719.478215619553
cape verde,1981,770.0332677525837
cape verde,1982,782.2729119532122
cape verde,1983,845.0676082868714
cape verde,1984,865.2896291400837
cape verde,1985,927.0200085867317
cape verde,1986,939.7918112308657
cape verde,1987,966.9318918496507
cape verde,1988,1010.0367257736032
cape verde,1989,1053.6737181410613
cape verde,1990,1045.6913414884775
cape verde,1991,1058.0945179787952
cape verde,1992,1080.0666483051643
cape verde,1993,1149.0472608178213
cape verde,1994,1219.2177263943122
cape verde,1995,1301.0758814338278
cape verde,1996,1380.472058650309
cape verde,1997,1478.051504507088
cape verde,1998,1596.2755050212231
cape verde,1999,1781.070398184133
cape verde,2000,1907.0359736551654
cape verde,2001,2021.6872752429813
cape verde,2002,2127.708723
cape verde,2003,2227.343364765598
cape verde,2004,2324.4972435151058
cape verde,2005,2479.5370294678446
cape verde,2006,2735.7576967596306
cape verde,2007,2978.9433026252805
cape verde,2008,3185.0251189027013
cape verde,2009,3153.8404744657414
cape verde,2010,3210.8951501802158
cape verde,2011,3349.937401867667
cape verde,2012,3338.2299161105443
cape verde,2013,3317.475736813826
cape verde,2014,3332.3761732319826
cape verde,2015,3334.504807006005
cape verde,2016,3415.392890418854
cape verde,2017,3499.975696689118
cape verde,2018,3635.289273810459
central african republic,1950,646.0964372915083
central african republic,1951,661.9151717929071
central african republic,1952,676.7452353879685
central african republic,1953,692.0696344361986
central african republic,1954,707.3940334844287
central african republic,1955,722.7184325326589
central african republic,1956,737.5484961277202
central african republic,1957,752.3785597227817
central african republic,1958,767.7029587710117
central african republic,1959,781.5443514597357
central african republic,1960,774.6236551153737
central african republic,1961,789.4537187104352
central african republic,1962,753.8615660822878
central african republic,1963,737.5484961277202
central african republic,1964,734.582483408708
central african republic,1965,724.6957743453337
central african republic,1966,705.4166916717538
central african republic,1967,717.7750780009717
central african republic,1968,709.3713752971036
central african republic,1969,729.6391288770209
central african republic,1970,745.4578633784197
central african republic,1971,705.4166916717538
central african republic,1972,676.2508999347998
central african republic,1973,693.5526407957047
central african republic,1974,658.9491590738949
central african republic,1975,654.0058045422077
central african republic,1976,664.8811845119194
central african republic,1977,700.4733371400667
central african republic,1978,691.0809635298612
central african republic,1979,655.4888109017138
central african republic,1980,610.0099492101922
central african republic,1981,602.5949174126615
central african republic,1982,597.1572274278057
central african republic,1983,546.2406757514282
central african republic,1984,566.5084293313455
central african republic,1985,567.4971002376828
central african republic,1986,574.4177965820448
central african republic,1987,533.3879539690416
central african republic,1988,530.4219412500294
central african republic,1989,528.9389348905232
central african republic,1990,505.7051685915937
central african republic,1991,497.793725131991
central african republic,1992,477.1293167844512
central african republic,1993,461.24473680069025
central african republic,1994,470.6159528535002
central african republic,1995,483.7352203122353
central african republic,1996,437.925055
central african republic,1997,453.5428915732311
central african republic,1998,462.8157843044057
central african republic,1999,478.43920686825766
central african republic,2000,476.5127816072591
central african republic,2001,470.8603523015468
central african republic,2002,459.12472977623094
central african republic,2003,417.9633444991395
central african republic,2004,421.75811060538916
central african republic,2005,424.39870229558045
central african republic,2006,435.74938580351386
central african republic,2007,443.6553421395864
central african republic,2008,445.81707107629325
central african republic,2009,444.25951893044925
central african republic,2010,449.99870410819267
central african republic,2011,449.3509269303604
central african republic,2012,452.8112751025414
central african republic,2013,280.2882019466604
central african republic,2014,277.32218922764815
central african republic,2015,284.7372210251789
central african republic,2016,291.16358191637215
central african republic,2017,299.9116881304629
central african republic,2018,308.21266792716256
chad,1950,613.3698284502469
chad,1951,627.669247763811
chad,1952,640.4634650443683
chad,1953,654.7628843579323
chad,1954,668.309702654993
chad,1955,682.609121968557
chad,1956,696.9085412821211
chad,1957,711.2079605956851
chad,1958,727.0125819422559
chad,1959,739.8067992228132
chad,1960,733.0333900742829
chad,1961,730.7755870247728
chad,1962,755.611420569384
chad,1963,731.5281880412762
chad,1964,699.1663443316312
chad,1965,687.1247280675773
chad,1966,660.7836924899593
chad,1967,651.7524802919189
chad,1968,634.4426569123414
chad,1969,663.0414955394695
chad,1970,662.2888945229661
chad,1971,660.031091473456
chad,1972,602.0808132026964
chad,1973,561.4403583115144
chad,1974,623.9062426812942
chad,1975,716.4761677112087
chad,1976,690.8877331500942
chad,1977,624.6588436977976
chad,1978,608.1016213347234
chad,1979,468.11783226509647
chad,1980,438.766392621465
chad,1981,392.10512959825604
chad,1982,394.3629326477662
chad,1983,434.2507865224448
chad,1984,452.31321091852567
chad,1985,483.1698525951639
chad,1986,498.2218729252313
chad,1987,498.97447394173463
chad,1988,520.7999034203324
chad,1989,515.5316963048089
chad,1990,520.7999034203324
chad,1991,529.2920275102515
chad,1992,525.8716816705487
chad,1993,512.371148336003
chad,1994,537.2270010676531
chad,1995,527.3532520316371
chad,1996,522.384128560072
chad,1997,541.2353540815501
chad,1998,567.3564043820442
chad,1999,552.244477011063
chad,2000,538.894238099513
chad,2001,589.3281394982502
chad,2002,626.0355014771856
chad,2003,696.5417235466774
chad,2004,903.3263788411434
chad,2005,952.87191
chad,2006,922.3248131214496
chad,2007,1070.4551318942172
chad,2008,1070.3726468228085
chad,2009,1153.8724501821293
chad,2010,1294.7253429056143
chad,2011,1250.0702884120985
chad,2012,1349.4136225905434
chad,2013,1420.9107191583635
chad,2014,1715.1777166111815
chad,2015,1794.2008233440354
chad,2016,1647.443625125878
chad,2017,1555.1343258279787
chad,2018,1540.0949491949884
chile,1800,474.6992477225623
chile,1810,474.6992477225623
chile,1811,453.55203621792293
chile,1812,446.3174638610726
chile,1813,449.65649725654197
chile,1814,452.4390250860998
chile,1815,454.1085417838345
chile,1816,439.0828915042223
chile,1817,434.63084697692983
chile,1818,457.44757517930384
chile,1819,437.9698803723992
chile,1820,458.560586311127
chile,1821,447.9869805588073
chile,1822,461.89961970659635
chile,1823,443.5349360315148
chile,1824,437.41337480648764
chile,1825,474.6992477225623
chile,1826,492.50742583173223
chile,1827,503.0810315840519
chile,1828,506.42006497952127
chile,1829,518.6631874295756
chile,1830,514.7676484681947
chile,1831,516.993670731841
chile,1832,532.0193210114531
chile,1833,534.801848841011
chile,1834,547.0449712910653
chile,1835,558.1750826092965
chile,1836,551.4970158183578
chile,1837,572.0877217570855
chile,1838,574.8702495866434
chile,1839,569.3051939275277
chile,1840,601.5825167503983
chile,1841,601.5825167503983
chile,1842,606.0345612776908
chile,1843,618.2776837277453
chile,1844,621.6167171232146
chile,1845,634.9728507050921
chile,1846,651.1115121165274
chile,1847,658.3460844733777
chile,1848,682.8323293734865
chile,1849,722.3442245532073
chile,1850,752.3955251124316
chile,1851,774.6557477488941
chile,1852,781.3338145398328
chile,1853,759.0735919033704
chile,1854,771.8732199193363
chile,1855,793.0204314239757
chile,1856,794.1334425557988
chile,1857,813.6111373627034
chile,1858,841.9929212241931
chile,1859,867.592177256125
chile,1860,883.7308386675602
chile,1861,876.49626631071
chile,1862,864.2531438606555
chile,1863,888.1828831948527
chile,1864,927.6947783745736
chile,1865,951.6245177087708
chile,1866,973.8847403452332
chile,1867,927.138272808662
chile,1868,953.850539972417
chile,1869,1028.978791370478
chile,1870,1039.5523971227976
chile,1871,1021.7442190136276
chile,1872,1062.925630891083
chile,1873,1126.3672654050013
chile,1874,1087.411875791192
chile,1875,1140.836410118702
chile,1876,1106.333065032185
chile,1877,1061.81261975926
chile,1878,1086.8553702252802
chile,1879,1234.8858507577559
chile,1880,1345.6304583741567
chile,1881,1384.585847987966
chile,1882,1499.2259945657477
chile,1883,1493.1044333407206
chile,1884,1504.2345446589518
chile,1885,1417.4196763767482
chile,1886,1460.8271105178499
chile,1887,1548.7549899318767
chile,1888,1456.3750659905575
chile,1889,1507.0170724885095
chile,1890,1617.7616801049103
chile,1891,1690.663909239325
chile,1892,1672.2992255642434
chile,1893,1716.2631652712569
chile,1894,1657.2735752846313
chile,1895,1838.6943897718004
chile,1896,1880.4323072151676
chile,1897,1786.3828665761137
chile,1898,2008.4285873748267
chile,1899,1929.404797015385
chile,1900,1884.3278461765485
chile,1901,1901.0230131538954
chile,1902,2005.646059545269
chile,1903,1881.5453183469906
chile,1904,2029.5757988794662
chile,1905,1931.0743137131196
chile,1906,2041.262415763609
chile,1907,2120.2862061230508
chile,1908,2237.152374964479
chile,1909,2249.395497414533
chile,1910,2495.927463113355
chile,1911,2493.701440849709
chile,1912,2674.5657497709662
chile,1913,2691.2609167483133
chile,1914,2265.5341588259685
chile,1915,2121.9557228207855
chile,1916,2559.9256031931845
chile,1917,2571.6122200773275
chile,1918,2561.0386143250075
chile,1919,2144.215945457248
chile,1920,2364.035643992315
chile,1921,2074.096244152391
chile,1922,2122.5122283866967
chile,1923,2512.06612452479
chile,1924,2659.5400994913543
chile,1925,2728.5467896643877
chile,1926,2616.6891709161637
chile,1927,2528.7612915021373
chile,1928,3121.4397191979506
chile,1929,3160.3951088117597
chile,1930,2713.521139384776
chile,1931,2172.5977293187375
chile,1932,1641.6914194391074
chile,1933,2013.4371374680309
chile,1934,2375.7222608764578
chile,1935,2510.3966078270555
chile,1936,2551.0215141385997
chile,1937,2828.7177915284688
chile,1938,2821.4832191716187
chile,1939,2841.5174195444347
chile,1940,2881.029314724156
chile,1941,2833.1698360557616
chile,1942,2872.1252256695707
chile,1943,2898.8374928333255
chile,1944,2898.8374928333255
chile,1945,3090.275407506903
chile,1946,3293.399939064623
chile,1947,2886.5943703832713
chile,1948,3305.086555948766
chile,1949,3177.6467813550184
chile,1950,3272.2527275599837
chile,1951,3339.5899010352828
chile,1952,3479.2727980790846
chile,1953,3662.9196348299
chile,1954,3470.9252145904115
chile,1955,3528.8017934452137
chile,1956,3497.6374817541664
chile,1957,3760.864614430335
chile,1958,3872.1657276126475
chile,1959,3566.6441719271997
chile,1960,3773.664242446301
chile,1961,3852.6880328057428
chile,1962,3935.0508565606538
chile,1963,4082.524831527218
chile,1964,4073.6207424726326
chile,1965,4011.292119090538
chile,1966,4365.2296590102915
chile,1967,4414.75865437642
chile,1968,4481.539322285807
chile,1969,4556.111068117957
chile,1970,4560.563112645249
chile,1971,4882.223329742133
chile,1972,4741.427421566507
chile,1973,4402.515531926366
chile,1974,4372.464231367141
chile,1975,3745.838964150723
chile,1976,3822.0802266806068
chile,1977,4139.2883992501975
chile,1978,4416.428171074155
chile,1979,4716.384671100487
chile,1980,5021.906226785934
chile,1981,5246.177969848293
chile,1982,4460.94861634708
chile,1983,4266.728173843945
chile,1984,4447.5924827652025
chile,1985,4465.400660874372
chile,1986,4632.908836213753
chile,1987,4853.285040314731
chile,1988,5119.294700820457
chile,1989,5567.838186945177
chile,1990,5678.026288995666
chile,1991,5980.482389421845
chile,1992,6551.9073687004875
chile,1993,6843.307540000373
chile,1994,7063.475332766918
chile,1995,7632.993056170067
chile,1996,8032.22280328155
chile,1997,8392.009995806828
chile,1998,8492.019388454568
chile,1999,8262.113972596815
chile,2000,8465.353033
chile,2001,8596.902879450787
chile,2002,8631.303827513177
chile,2003,8797.8954381855
chile,2004,9170.640083705235
chile,2005,9537.106344731468
chile,2006,9973.026670755173
chile,2007,10288.61964157026
chile,2008,10464.547022664647
chile,2009,10119.765112315272
chile,2010,10523.435272987721
chile,2011,10965.942176287326
chile,2012,11425.615773730276
chile,2013,11761.74513554086
chile,2014,11873.046248723173
chile,2015,12014.39866246471
chile,2016,12073.944758017245
chile,2017,12048.563540866038
chile,2018,12301.424978269311
china,1000,579.4718178038405
china,1090,577.8655203185907
china,1120,558.589950495594
china,1400,664.2040101507638
china,1410,668.8176219502708
china,1420,667.8716281427032
china,1430,708.5493618681087
china,1440,689.6294857167574
china,1450,650.5504815261411
china,1460,626.2479006097302
china,1470,634.2888479740545
china,1480,587.46215449946
china,1490,562.3933185989193
china,1500,571.0387560062794
china,1510,602.5980554205411
china,1520,551.5143898118923
china,1530,561.4473247913518
china,1540,564.2853062140546
china,1550,565.2313000216221
china,1560,567.596284540541
china,1570,585.495433373527
china,1580,575.6372319048653
china,1590,575.6372319048653
china,1600,575.8576484620286
china,1610,606.3820306508113
china,1620,596.9220925751356
china,1661,629.085882032433
china,1685,605.4360368432438
china,1690,668.3446250464871
china,1700,729.6606326746903
china,1710,665.0336467200005
china,1720,620.5719377643248
china,1724,553.4063774270275
china,1730,583.6781792691896
china,1740,547.7304145816221
china,1750,501.96796414054097
china,1760,483.40283566702743
china,1766,468.7399316497301
china,1770,472.0509099762166
china,1780,464.00996261189226
china,1790,451.71204311351386
china,1800,438.11763910186414
china,1810,426.17021030918954
china,1820,417.18326913729766
china,1830,400.1553806010814
china,1840,401.5743713124328
china,1850,405.8313434464868
china,1870,446.98207407567605
china,1887,431.3731762508112
china,1890,455.96901524756794
china,1900,459.75299047783824
china,1911,428.06219792432466
china,1913,465.9019502270274
china,1929,474.41589449513555
china,1930,478.67286662918957
china,1931,480.0918573405409
china,1932,491.44378303135176
china,1933,436.57614219243277
china,1934,443.19809884540575
china,1935,476.30788211027067
china,1936,503.74170252973016
china,1937,489.07879851243285
china,1938,474.41589449513555
china,1950,377.92452612324354
china,1951,449.34705859459496
china,1952,495.22775826162206
china,1953,547.2574176778382
china,1954,496.1737520691896
china,1955,529.2835353340545
china,1956,562.3933185989193
china,1957,565.2313000216221
china,1958,554.8253681383788
china,1959,528.3375415264869
china,1960,499.95772729945986
china,1961,413.39929390702736
china,1962,437.99513290378417
china,1963,489.07879851243285
china,1964,544.8924331589194
china,1965,592.6651204410815
china,1966,596.4490956713519
china,1967,585.097169980541
china,1968,557.1903526572978
china,1969,597.8680863827032
china,1970,661.2496714897303
china,1971,683.9535228713519
china,1972,676.8585693145951
china,1973,715.6443154248655
china,1974,718.4822968475681
china,1975,753.957064631352
china,1976,718.4822968475681
china,1977,748.7540986897303
china,1978,824.9066001989196
china,1979,879.3012441340547
china,1980,912.8840243027034
china,1981,928.0199252237845
china,1982,1006.5374112518928
china,1983,1053.3641047264873
china,1984,1156.0044328475685
china,1985,1238.7788910097308
china,1986,1299.795491597839
china,1987,1386.3539249902715
china,1988,1440.2755720216228
china,1989,1429.3966432345958
china,1990,1410.4767670832443
china,1991,1443.2625947687077
china,1992,1526.712965506377
china,1993,1658.554230479454
china,1994,1764.3560699054258
china,1995,1891.8595275735922
china,1996,1995.8786416692028
china,1997,2039.0083913438234
china,1998,2038.5443813812117
china,1999,2112.752439918636
china,2000,2237.442985
china,2001,2362.6879770519795
china,2002,2527.2755744690535
china,2003,2672.1786016404294
china,2004,2869.9518510257353
china,2005,3134.357404039013
china,2006,3439.17737340136
china,2007,3734.6477548656835
china,2008,3873.8976649421065
china,2009,4131.174161321865
china,2010,4568.4020932477115
china,2011,4834.501353574058
china,2012,5051.606932410815
china,2013,5358.108926062707
china,2014,5649.475018793518
china,2015,5791.374089928653
china,2016,5945.098083658383
china,2017,6023.110125195108
china,2018,6197.066561484189
colombia,1800,445.3250838135744
colombia,1820,401.8326127829493
colombia,1850,370.63149226097914
colombia,1860,431.61550055392087
colombia,1870,509.6183018588463
colombia,1871,511.5092788601778
colombia,1872,514.818488612508
colombia,1873,516.7094656138395
colombia,1874,520.0186753661696
colombia,1875,522.382396617834
colombia,1876,525.2188621198313
colombia,1877,527.5825833714958
colombia,1878,530.4190488734931
colombia,1879,532.7827701251575
colombia,1880,535.6192356271548
colombia,1881,537.9829568788192
colombia,1882,540.8194223808165
colombia,1883,543.1831436324809
colombia,1884,546.492353384811
colombia,1885,549.3288188868083
colombia,1886,551.6925401384727
colombia,1887,548.3833303861426
colombia,1888,546.492353384811
colombia,1889,543.1831436324809
colombia,1890,540.8194223808165
colombia,1891,537.9829568788192
colombia,1892,535.1464913768219
colombia,1893,532.7827701251575
colombia,1894,529.9463046231602
colombia,1895,527.5825833714958
colombia,1896,524.2733736191656
colombia,1897,522.382396617834
colombia,1898,519.0731868655039
colombia,1899,516.7094656138395
colombia,1900,514.818488612508
colombia,1901,511.5092788601778
colombia,1902,509.6183018588463
colombia,1903,506.3090921065161
colombia,1904,503.9453708548517
colombia,1905,502.0543938535202
colombia,1906,505.83634785618324
colombia,1907,529.0008161224945
colombia,1908,548.3833303861426
colombia,1909,565.8748676484591
colombia,1910,587.1483589134389
colombia,1911,604.1671519254226
colombia,1912,622.604177688405
colombia,1913,636.7865051983914
colombia,1914,648.6051114567134
colombia,1915,665.1511602183643
colombia,1916,686.424651483344
colombia,1917,700.6069789933305
colombia,1918,725.6624242609731
colombia,1919,770.100383792264
colombia,1920,806.9744353182288
colombia,1921,836.2845788388674
colombia,1922,875.0496073661637
colombia,1923,912.3964031424614
colombia,1924,945.488500665763
colombia,1925,945.488500665763
colombia,1926,1009.781718711035
colombia,1927,1073.1294482556411
colombia,1928,1122.7675945405936
colombia,1929,1134.1134565485827
colombia,1930,1110.9489882822716
colombia,1931,1091.0937297682906
colombia,1932,1138.8408990519117
colombia,1933,1188.4790453368641
colombia,1934,1149.714016809568
colombia,1935,1263.6453811397923
colombia,1936,1314.2290159254107
colombia,1937,1319.4292026790724
colombia,1938,1388.9226074780058
colombia,1939,1435.7242882609612
colombia,1940,1428.1603802556351
colombia,1941,1414.4507969959816
colombia,1942,1380.413210972014
colombia,1943,1350.1575789507096
colombia,1944,1404.0504234886582
colombia,1945,1430.9968457576324
colombia,1946,1519.8727648202141
colombia,1947,1538.7825348335293
colombia,1948,1544.9282100878568
colombia,1949,1587.947936868149
colombia,1950,1622.4582671424494
colombia,1951,1620.094545890785
colombia,1952,1668.314459424739
colombia,1953,1715.588884458027
colombia,1954,1777.0456370013017
colombia,1955,1788.3914990092908
colombia,1956,1801.6283380186114
colombia,1957,1808.7195017736046
colombia,1958,1795.482662764284
colombia,1959,1863.557834812219
colombia,1960,1881.5221163248684
colombia,1961,1914.1414695978374
colombia,1962,1954.797475126465
colombia,1963,1957.1611963781295
colombia,1964,2015.7814834194069
colombia,1965,2026.1818569267302
colombia,1966,2072.03804920902
colombia,1967,2098.038982977328
colombia,1968,2165.64141077493
colombia,1969,2242.69872357919
colombia,1970,2331.574642641772
colombia,1971,2406.7409784447
colombia,1972,2528.2362507802504
colombia,1973,2636.4946841064802
colombia,1974,2726.316091669728
colombia,1975,2728.679812921392
colombia,1976,2797.700473469993
colombia,1977,2858.2117375126018
colombia,1978,3045.891204894756
colombia,1979,3147.5312187163254
colombia,1980,3208.042482758934
colombia,1981,3206.1515057576025
colombia,1982,3166.4409887296406
colombia,1983,3146.1129859653265
colombia,1984,3186.768991493954
colombia,1985,3218.9156005165905
colombia,1986,3342.774594103805
colombia,1987,3449.1420504287034
colombia,1988,3518.1627109773044
colombia,1989,3561.1824377575967
colombia,1990,3636.8215178108576
colombia,1991,3646.2868031910225
colombia,1992,3729.0565211441794
colombia,1993,3867.4594915928856
colombia,1994,3993.6759189332356
colombia,1995,4129.838601654039
colombia,1996,4146.242779866165
colombia,1997,4232.230137010363
colombia,1998,4190.055866047366
colombia,1999,3962.6084432108346
colombia,2000,4016.809517
colombia,2001,4031.5788037711995
colombia,2002,4080.0392968541482
colombia,2003,4186.2531112976885
colombia,2004,4354.57923273644
colombia,2005,4502.75789244008
colombia,2006,4746.2024606892
colombia,2007,5012.1786817511365
colombia,2008,5127.7328825439035
colombia,2009,5150.124224863221
colombia,2010,5290.805397128706
colombia,2011,5572.709222924008
colombia,2012,5731.078546785523
colombia,2013,5941.449738183655
colombia,2014,6132.438415318139
colombia,2015,6248.733500900028
colombia,2016,6299.789879935979
colombia,2017,6314.932965585917
colombia,2018,6403.344271599271
comoros,1950,531.6671960846353
comoros,1951,550.5841936981335
comoros,1952,556.5579824181856
comoros,1953,568.5055598582898
comoros,1954,587.4225574717881
comoros,1955,593.3963461918402
comoros,1956,603.3526607252603
comoros,1957,612.3133438053384
comoros,1958,615.3002381653645
comoros,1959,636.2084986855467
comoros,1960,676.0337568192273
comoros,1961,668.0687051924912
comoros,1962,710.8808576861977
comoros,1963,842.3042095273436
comoros,1964,884.1207305677082
comoros,1965,866.1993644075519
comoros,1966,932.9066717814668
comoros,1967,947.841143581597
comoros,1968,923.9459887013886
comoros,1969,913.9896741679685
comoros,1970,956.8018266616751
comoros,1971,969.7450355551213
comoros,1972,961.7799839283851
comoros,1973,1001.6052420620657
comoros,1974,999.6139791553817
comoros,1975,1033.46544856901
comoros,1976,1004.5921364220918
comoros,1977,961.7799839283851
comoros,1978,959.7887210217011
comoros,1979,1018.53097676888
comoros,1980,1060.3474978092445
comoros,1981,1076.2776010627167
comoros,1982,1119.0897535564234
comoros,1983,1143.9805398899737
comoros,1984,1162.897537503472
comoros,1985,1156.9237487834198
comoros,1986,1151.9455915167098
comoros,1987,1143.9805398899737
comoros,1988,1146.9674342499998
comoros,1989,1103.1596503029511
comoros,1990,1087.229547049479
comoros,1991,1096.193814402789
comoros,1992,1180.3351263404493
comoros,1993,1205.3465832061445
comoros,1994,1131.7775829820873
comoros,1995,1161.8389821422786
comoros,1996,1136.614460145568
comoros,1997,1172.4381759051219
comoros,1998,1174.689896
comoros,1999,1184.061376617727
comoros,2000,1199.1409119206091
comoros,2001,1212.1804979387389
comoros,2002,1224.4832171182502
comoros,2003,1234.6340780376534
comoros,2004,1241.8261214040147
comoros,2005,1260.1574885966572
comoros,2006,1381.9390458804937
comoros,2007,1376.4994134351596
comoros,2008,1413.1665285988392
comoros,2009,1448.9248313719083
comoros,2010,1426.3041843151232
comoros,2011,1472.5389194928382
comoros,2012,1502.4078630930985
comoros,2013,1611.9273229607202
comoros,2014,1639.8050036542966
comoros,2015,1688.5909448680552
comoros,2016,1694.5647335881072
comoros,2017,1705.3567811634628
comoros,2018,1716.887388150907
congo,1950,837.303936492749
congo,1951,853.6246865838658
congo,1952,869.4508684904033
congo,1953,885.2770503969408
congo,1954,901.1032323034783
congo,1955,916.9294142100158
congo,1956,931.7664597473946
congo,1957,946.6035052847735
congo,1958,962.429687191311
congo,1959,977.7613009132692
congo,1960,988.6418009740138
congo,1961,999.027732850179
congo,1962,1008.4245283571856
congo,1963,1018.3158920487715
congo,1964,1028.2072557403574
congo,1965,1038.0986194319435
congo,1966,1066.7835741375427
congo,1967,1095.963097027721
congo,1968,1125.1426199178995
congo,1969,1154.8167109926574
congo,1970,1184.9853702519945
congo,1971,1259.170597938889
congo,1972,1276.9750525837437
congo,1973,1458.9761445089248
congo,1974,1408.5301896818364
congo,1975,1357.589666670169
congo,1976,1381.8235077145546
congo,1977,1244.8281205860894
congo,1978,1283.4044389832745
congo,1979,1388.2528941140854
congo,1980,1520.797167581337
congo,1981,1792.8096690999498
congo,1982,2153.8444438428364
congo,1983,2212.2034896231935
congo,1984,2306.666012877839
congo,1985,2217.6437396535657
congo,1986,2006.9576930227852
congo,1987,1955.0280336419592
congo,1988,1932.7724653358907
congo,1989,1911.5060333989811
congo,1990,1876.391692293851
congo,1991,1910.3063593536472
congo,1992,1949.079219147384
congo,1993,1916.0411247379363
congo,1994,1798.2445777939288
congo,1995,1861.3547422962652
congo,1996,1972.771804770566
congo,1997,1928.6985588290559
congo,1998,1999.4295244875746
congo,1999,1941.5195960756341
congo,2000,2057.01922
congo,2001,2105.206333557659
congo,2002,2205.098621997164
congo,2003,2209.6831701545775
congo,2004,2255.484387876189
congo,2005,2384.1684577491624
congo,2006,2480.782500977183
congo,2007,2396.1681161547913
congo,2008,2512.9660310204963
congo,2009,2660.2843420384115
congo,2010,2837.91285773009
congo,2011,2905.5880844033672
congo,2012,2942.186130062235
congo,2013,2982.7407211977375
congo,2014,3126.1654947257334
congo,2015,3101.9316536813476
congo,2016,2954.5503346767173
congo,2017,2842.2958198954684
congo,2018,2826.2552426809157
costa rica,1920,2146.4014740812922
costa rica,1921,2051.8901693129387
costa rica,1922,2234.2804065851997
costa rica,1923,2017.8992614576534
costa rica,1924,2258.322756043816
costa rica,1925,2200.2894987299146
costa rica,1926,2381.0216429360644
costa rica,1927,2162.153358209351
costa rica,1928,2226.818987787698
costa rica,1929,2090.8553563665578
costa rica,1930,2148.888613680459
costa rica,1931,2081.735844502945
costa rica,1932,1877.7903973712346
costa rica,1933,2193.657126465469
costa rica,1934,1899.3456072306838
costa rica,1935,2017.8992614576534
costa rica,1936,2114.0686592921184
costa rica,1937,2381.0216429360644
costa rica,1938,2478.8491338366407
costa rica,1939,2467.2424823738606
costa rica,1940,2329.6207578866088
costa rica,1941,2567.557112873604
costa rica,1942,2230.964220452977
costa rica,1943,2191.9990333993574
costa rica,1944,1928.3622358876344
costa rica,1945,2133.1367295524
costa rica,1946,2324.646478688275
costa rica,1947,2690.2559997658527
costa rica,1948,2768.1863738730917
costa rica,1949,2805.4934678605996
costa rica,1950,2594.0866019313876
costa rica,1951,2578.3347178033287
costa rica,1952,2793.886816397819
costa rica,1953,3109.7535454920535
costa rica,1954,3025.190799120369
costa rica,1955,3250.691456111528
costa rica,1956,3040.942683248428
costa rica,1957,3179.393454268735
costa rica,1958,3442.2012052474024
costa rica,1959,3433.081693383789
costa rica,1960,3588.113395065211
costa rica,1961,3598.06195346188
costa rica,1962,3680.1375602343974
costa rica,1963,3857.5535183083243
costa rica,1964,3913.0996360230583
costa rica,1965,4131.138874216716
costa rica,1966,4305.23864615842
costa rica,1967,4425.450393451501
costa rica,1968,4621.105375252654
costa rica,1969,4786.085635330745
costa rica,1970,4961.014453805505
costa rica,1971,5139.259458412487
costa rica,1972,5441.86144297783
costa rica,1973,5707.156333555664
costa rica,1974,5853.897569906529
costa rica,1975,5809.1290571215195
costa rica,1976,5954.212200406272
costa rica,1977,6302.41174428968
costa rica,1978,6435.888236111653
costa rica,1979,6553.6128438055675
costa rica,1980,6489.776260760275
costa rica,1981,6185.5161831288215
costa rica,1982,5596.893144659251
costa rica,1983,5590.260772394806
costa rica,1984,5857.213756038752
costa rica,1985,5735.343915679559
costa rica,1986,5875.4527797659775
costa rica,1987,5986.5450151954465
costa rica,1988,6027.168295315177
costa rica,1989,6208.7294860543825
costa rica,1990,6273.395115632729
costa rica,1991,6261.259698291166
costa rica,1992,6664.512574630059
costa rica,1993,6933.716585420559
costa rica,1994,7029.957032542907
costa rica,1995,7110.2532567415265
costa rica,1996,7002.7746693403415
costa rica,1997,7199.397397159531
costa rica,1998,7506.064279781099
costa rica,1999,7613.876309697879
costa rica,2000,7726.519857
costa rica,2001,7835.828896241519
costa rica,2002,7951.844009984272
costa rica,2003,8150.563396485559
costa rica,2004,8362.413056168076
costa rica,2005,8546.12180904651
costa rica,2006,9020.421486128678
costa rica,2007,9604.236054706527
costa rica,2008,9894.801195563086
costa rica,2009,9648.445126891029
costa rica,2010,9974.732141859242
costa rica,2011,10251.98942776719
costa rica,2012,10605.163250848933
costa rica,2013,10707.965020947844
costa rica,2014,10961.653260062898
costa rica,2015,11338.869432603256
costa rica,2016,11687.89802301972
costa rica,2017,11996.947751186597
costa rica,2018,12175.587879371233
cote d'ivoire,1887,426.17787888438403
cote d'ivoire,1933,431.31818224812116
cote d'ivoire,1950,1211.3300114261122
cote d'ivoire,1951,1231.0442430768082
cote d'ivoire,1952,1251.4886314553082
cote d'ivoire,1953,1271.2028631060043
cote d'ivoire,1954,1291.647251484504
cote d'ivoire,1955,1311.3614831352004
cote d'ivoire,1956,1331.8058715137001
cote d'ivoire,1957,1352.2502598922
cote d'ivoire,1958,1371.9644915428962
cote d'ivoire,1959,1385.837469371164
cote d'ivoire,1960,1461.7737690627343
cote d'ivoire,1961,1543.5513225767336
cote d'ivoire,1962,1553.7735167659835
cote d'ivoire,1963,1736.3126987168744
cote d'ivoire,1964,1964.8517545193897
cote d'ivoire,1965,1839.9949540649804
cote d'ivoire,1966,1894.7567086502477
cote d'ivoire,1967,1831.9632300591413
cote d'ivoire,1968,2013.7722552822286
cote d'ivoire,1969,1998.4389639983538
cote d'ivoire,1970,2104.3116895298704
cote d'ivoire,1971,2098.470435707442
cote d'ivoire,1972,2107.962473168888
cote d'ivoire,1973,2171.4861084877984
cote d'ivoire,1974,2140.089369192245
cote d'ivoire,1975,2053.200718583621
cote d'ivoire,1976,2202.8828477833517
cote d'ivoire,1977,2214.5653554282085
cote d'ivoire,1978,2337.9618424270107
cote d'ivoire,1979,2291.9619685753864
cote d'ivoire,1980,2375.1998355449928
cote d'ivoire,1981,2367.1681115391534
cote d'ivoire,1982,2286.1207147529576
cote d'ivoire,1983,2118.184667358138
cote d'ivoire,1984,1973.6136352530325
cote d'ivoire,1985,1996.9786505427467
cote d'ivoire,1986,1984.565986170086
cote d'ivoire,1987,1883.0742010053907
cote d'ivoire,1988,1784.5030427519096
cote d'ivoire,1989,1710.7572132437497
cote d'ivoire,1990,1520.916464014823
cote d'ivoire,1991,1486.8172686383234
cote d'ivoire,1992,1468.7609308537778
cote d'ivoire,1993,1448.0713558460816
cote d'ivoire,1994,1424.9306447031488
cote d'ivoire,1995,1485.9917534418687
cote d'ivoire,1996,1591.0375764791477
cote d'ivoire,1997,1671.1889979446555
cote d'ivoire,1998,1747.6293978411018
cote d'ivoire,1999,1765.1228578041835
cote d'ivoire,2000,1717.953857
cote d'ivoire,2001,1710.6312612082036
cote d'ivoire,2002,1678.2335500545043
cote d'ivoire,2003,1652.4122875324592
cote d'ivoire,2004,1665.3327028936344
cote d'ivoire,2005,1688.7375847406865
cote d'ivoire,2006,1711.4339955147507
cote d'ivoire,2007,1737.8572722588701
cote d'ivoire,2008,1778.1291395965484
cote d'ivoire,2009,1831.8333351772649
cote d'ivoire,2010,1865.5623410927683
cote d'ivoire,2011,1784.5030427519096
cote d'ivoire,2012,1924.6931344901939
cote d'ivoire,2013,2061.2324425894603
cote d'ivoire,2014,2198.5019074165302
cote d'ivoire,2015,2349.644350071868
cote d'ivoire,2016,2478.882090893099
cote d'ivoire,2017,2598.5096548943247
cote d'ivoire,2018,2711.5418592046462
croatia,1952,1876.2032928108433
croatia,1953,2022.8459168654526
croatia,1954,2187.9901804035876
croatia,1955,2568.986904582853
croatia,1956,2442.2164118253636
croatia,1957,2880.0885462688
croatia,1958,2936.2787106261735
croatia,1959,3179.5410075391937
croatia,1960,3472.1410097416156
croatia,1961,3703.0688803322855
croatia,1962,3775.0197005459954
croatia,1963,4151.904949284478
croatia,1964,4516.455771700609
croatia,1965,4619.242657720195
croatia,1966,4922.806594431373
croatia,1967,5058.485283977227
croatia,1968,5253.78036741444
croatia,1969,5625.183648898544
croatia,1970,5996.586930382648
croatia,1971,6450.904966589218
croatia,1972,6599.603328364219
croatia,1973,6831.216444861686
croatia,1974,7391.062350715031
croatia,1975,7574.023007829895
croatia,1976,7859.085305057546
croatia,1977,8486.77055568382
croatia,1978,9089.786953665389
croatia,1979,9589.331219720578
croatia,1980,9725.695155173229
croatia,1981,9718.157450198458
croatia,1982,9677.727941697422
croatia,1983,9484.4885959806
croatia,1984,9664.708269468274
croatia,1985,9639.354170916777
croatia,1986,9878.504992389013
croatia,1987,9841.501713421962
croatia,1988,9735.28859786839
croatia,1989,9565.347612982674
croatia,1990,8872.564001210665
croatia,1991,7055.422532778809
croatia,1992,6394.641275346045
croatia,1993,5988.734149339933
croatia,1994,6408.819903977359
croatia,1995,6975.975670541464
croatia,1996,7558.316691973967
croatia,1997,8221.30156319381
croatia,1998,8549.159797137034
croatia,1999,8620.309085213563
croatia,2000,9075.767302084452
croatia,2001,9468.509209630814
croatia,2002,10062.03968
croatia,2003,10786.112236597688
croatia,2004,11394.662543473372
croatia,2005,12047.553879535275
croatia,2006,12819.231565671616
croatia,2007,13693.97982963296
croatia,2008,14196.455783251198
croatia,2009,13363.383764193719
croatia,2010,13370.072929162101
croatia,2011,13576.777151373717
croatia,2012,13321.865674045144
croatia,2013,13223.87550937314
croatia,2014,13214.282066677977
croatia,2015,13497.973872092034
croatia,2016,13962.570596900563
croatia,2017,14549.388261317583
croatia,2018,15083.848547307716
cuba,1690,317.55096775074963
cuba,1750,517.7695440274936
cuba,1775,566.2095221589638
cuba,1792,623.2610519582511
cuba,1829,847.1613953214915
cuba,1844,860.0787228232168
cuba,1850,955.8822351276804
cuba,1862,1149.6421476535616
cuba,1881,1363.854495390508
cuba,1892,1869.783155874753
cuba,1902,1808.4258502415573
cuba,1903,1892.3884790027726
cuba,1904,1947.2871208851057
cuba,1905,2031.2497496463207
cuba,1906,2059.237292566726
cuba,1907,2227.162550089156
cuba,1908,1976.3511077639878
cuba,1909,2227.162550089156
cuba,1910,2227.162550089156
cuba,1911,2031.2497496463207
cuba,1912,2088.301279445608
cuba,1913,2282.0611919714893
cuba,1914,2339.1127217707763
cuba,1915,2310.048734891894
cuba,1916,2420.922462615037
cuba,1917,2448.9100055354425
cuba,1918,2477.9739924143246
cuba,1919,2559.7837332585855
cuba,1920,2559.7837332585855
cuba,1921,2477.9739924143246
cuba,1922,2448.9100055354425
cuba,1923,2420.922462615037
cuba,1924,2504.8850913762526
cuba,1925,2755.696533701421
cuba,1926,2616.8352630578725
cuba,1927,2588.8477201374676
cuba,1928,2448.9100055354425
cuba,1929,2698.6450039021333
cuba,1930,2559.7837332585855
cuba,1931,1892.3884790027726
cuba,1932,1753.5272083592245
cuba,1933,1669.5645795980092
cuba,1934,1808.4258502415573
cuba,1935,1947.2871208851057
cuba,1936,2059.237292566726
cuba,1937,2198.098563210274
cuba,1938,2227.162550089156
cuba,1939,2198.098563210274
cuba,1940,2227.162550089156
cuba,1941,2366.0238207327043
cuba,1942,2366.0238207327043
cuba,1943,2227.162550089156
cuba,1944,2448.9100055354425
cuba,1945,2448.9100055354425
cuba,1946,2588.8477201374676
cuba,1947,2755.696533701421
cuba,1948,2698.6450039021333
cuba,1949,2671.733904940206
cuba,1950,2839.659162462636
cuba,1951,2867.646705383041
cuba,1952,3061.4066179089223
cuba,1953,2810.5951755837536
cuba,1954,2810.5951755837536
cuba,1955,2839.659162462636
cuba,1956,2949.456446227302
cuba,1957,3145.3692466701373
cuba,1958,3145.3692466701373
cuba,1959,3235.790539182215
cuba,1960,3222.87321168049
cuba,1961,3302.5300646077962
cuba,1962,3201.3443325109474
cuba,1963,3184.1212291753136
cuba,1964,3399.410020870737
cuba,1965,3324.0589437773388
cuba,1966,3428.4740077496194
cuba,1967,3755.712971126663
cuba,1968,3475.837541922612
cuba,1969,3376.8046977427175
cuba,1970,3203.4972204279015
cuba,1971,3402.6393527461682
cuba,1972,3501.6721969260634
cuba,1973,3752.4836392512316
cuba,1974,3884.886246143917
cuba,1975,4018.3652969950795
cuba,1976,4075.416826794367
cuba,1977,4212.125209520961
cuba,1978,4428.490445174862
cuba,1979,4502.765078309782
cuba,1980,4419.878893507044
cuba,1981,4757.88229646886
cuba,1982,4830.004041686826
cuba,1983,5064.668824634838
cuba,1984,5437.118434267921
cuba,1985,5511.393067402842
cuba,1986,5462.953089271371
cuba,1987,5260.581625077673
cuba,1988,5375.761128634725
cuba,1989,5372.531796759294
cuba,1990,5073.280376302655
cuba,1991,4286.685853815649
cuba,1992,3659.8714603504654
cuba,1993,2860.6132205583513
cuba,1994,2888.2051703240163
cuba,1995,3079.444912254311
cuba,1996,3498.0502859389753
cuba,1997,3687.425304
cuba,1998,3676.642995445518
cuba,1999,3900.597376295474
cuba,2000,4315.82971283625
cuba,2001,4554.782940870439
cuba,2002,4703.027035278053
cuba,2003,4851.184045369427
cuba,2004,4909.67887122824
cuba,2005,5074.040668670527
cuba,2006,5830.172472999006
cuba,2007,6066.502622395176
cuba,2008,6463.931759951096
cuba,2009,6725.949522105991
cuba,2010,7081.053529080965
cuba,2011,7457.60374432947
cuba,2012,7683.656975609665
cuba,2013,7943.07996960265
cuba,2014,8211.114515263453
cuba,2015,8492.06638842598
cuba,2016,8611.55166781694
cuba,2017,8764.130602045341
cuba,2018,8962.075513392989
cyprus,1950,2892.386923325951
cyprus,1951,2789.123196080692
cyprus,1952,3024.724903873274
cyprus,1953,3282.382941757076
cyprus,1954,3295.41622772007
cyprus,1955,3368.603141204574
cyprus,1956,3697.442971655497
cyprus,1957,3857.852645046191
cyprus,1958,3669.371278812125
cyprus,1959,3823.7655894506684
cyprus,1960,3504.951363586664
cyprus,1961,3854.8449636701152
cyprus,1962,4221.7820915513275
cyprus,1963,4434.324908793998
cyprus,1964,3981.1675814652867
cyprus,1965,4837.354213188116
cyprus,1966,5096.01481153061
cyprus,1967,5746.676549221613
cyprus,1968,5962.227047840358
cyprus,1969,6462.504716727584
cyprus,1970,6606.873422779209
cyprus,1971,7400.901306063144
cyprus,1972,7828.994621924559
cyprus,1973,7933.2609096285105
cyprus,1974,6519.650662873019
cyprus,1975,5542.1542156484775
cyprus,1976,6669.032171218103
cyprus,1977,7723.725773761917
cyprus,1978,8278.141707418503
cyprus,1979,9034.072293272147
cyprus,1980,9475.198895096557
cyprus,1981,9655.659777661087
cyprus,1982,10156.940007007006
cyprus,1983,10570.997476446735
cyprus,1984,11359.009996978519
cyprus,1985,11755.021378161795
cyprus,1986,12152.035319803763
cyprus,1987,12824.753387585986
cyprus,1988,13783.201186095383
cyprus,1989,14749.669468274313
cyprus,1990,15599.840737244991
cyprus,1991,15456.59931017312
cyprus,1992,16612.825117793986
cyprus,1993,16481.33129315288
cyprus,1994,17255.05451997902
cyprus,1995,18799.4989065938
cyprus,1996,18923.617996756813
cyprus,1997,19314.114493368914
cyprus,1998,20264.492883258394
cyprus,1999,21201.672464453146
cyprus,2000,22383.964844
cyprus,2001,23154.871677985586
cyprus,2002,23889.083896878637
cyprus,2003,24409.415080828756
cyprus,2004,25420.16124515372
cyprus,2005,26231.201977885376
cyprus,2006,27211.513614877927
cyprus,2007,28181.970583841765
cyprus,2008,28810.55433613564
cyprus,2009,27806.047306057204
cyprus,2010,27700.849639687127
cyprus,2011,27341.82882944379
cyprus,2012,26077.600091033386
cyprus,2013,24581.779886665165
cyprus,2014,24473.503357126447
cyprus,2015,25026.91673032434
cyprus,2016,25642.488851961127
cyprus,2017,26512.9988644452
cyprus,2018,27254.021175766004
czech republic,1970,6433.708357654135
czech republic,1971,6749.216003451304
czech republic,1972,7079.432630404516
czech republic,1973,7373.612253525419
czech republic,1974,7681.029959686762
czech republic,1975,8056.108979165912
czech republic,1976,8323.076987148132
czech republic,1977,8556.214338471445
czech republic,1978,8865.838391806195
czech republic,1979,8946.002339106642
czech republic,1980,9072.49957704863
czech republic,1981,9050.436105314562
czech republic,1982,8905.552640927517
czech republic,1983,9046.758860025551
czech republic,1984,9246.801003747765
czech republic,1985,9454.197638048001
czech republic,1986,9716.017502625604
czech republic,1987,9938.858567139687
czech republic,1988,10142.577956150912
czech republic,1989,10316.143933792246
czech republic,1990,10427.196741520385
czech republic,1991,9358.25161587127
czech republic,1992,9421.419923805151
czech republic,1993,9541.861180025573
czech republic,1994,9941.492872119828
czech republic,1995,10700.860718994272
czech republic,1996,11315.855061858349
czech republic,1997,11395.280765394571
czech republic,1998,11515.238905128923
czech republic,1999,11842.574042673667
czech republic,2000,12543.936434
czech republic,2001,13141.421205695917
czech republic,2002,13555.081588567753
czech republic,2003,14226.592911631853
czech republic,2004,15117.181565111829
czech republic,2005,16274.443385046752
czech republic,2006,17568.52770642577
czech republic,2007,18667.761860251037
czech republic,2008,19258.5024169971
czech republic,2009,18455.25782642399
czech republic,2010,19064.600316823762
czech republic,2011,19654.87606976529
czech republic,2012,19470.278356256924
czech republic,2013,19370.25728439582
czech republic,2014,19874.775338048166
czech republic,2015,20735.250735676807
czech republic,2016,21197.848193034424
czech republic,2017,22061.8230043699
czech republic,2018,22613.961531604753
denmark,1820,2564.2807148023126
denmark,1821,2656.4483623555225
denmark,1822,2670.336638014225
denmark,1823,2632.459522581399
denmark,1824,2672.8617790430803
denmark,1825,2660.236073898805
denmark,1826,2664.0237854420875
denmark,1827,2714.526606019189
denmark,1828,2730.9400227067467
denmark,1829,2664.0237854420875
denmark,1830,2676.649490586363
denmark,1831,2652.66065081224
denmark,1832,2724.627170134609
denmark,1833,2689.275195730638
denmark,1834,2811.7445356301087
denmark,1835,2771.3422791684275
denmark,1836,2751.141150937587
denmark,1837,2801.6439715146885
denmark,1838,2797.8562599714055
denmark,1839,2807.956824086826
denmark,1840,2873.6104908370576
denmark,1841,2845.8339395196517
denmark,1842,2831.945663860949
denmark,1843,2970.8284204479774
denmark,1844,3073.096632116607
denmark,1845,3121.074311664853
denmark,1846,3157.688856583252
denmark,1847,3113.498888578288
denmark,1848,3244.806222078751
denmark,1849,3402.6275363821924
denmark,1850,3556.661139142351
denmark,1851,3344.549292718526
denmark,1852,3425.353805641888
denmark,1853,3405.1526774110475
denmark,1854,3382.426408151352
denmark,1855,3709.432171388082
denmark,1856,3453.1303569592937
denmark,1857,3465.756062103569
denmark,1858,3397.5772543244825
denmark,1859,3578.124837887619
denmark,1860,3503.6331775363947
denmark,1861,3516.25888268067
denmark,1862,3580.649978916474
denmark,1863,3761.197562479611
denmark,1864,3689.231043157242
denmark,1865,3773.8232676238863
denmark,1866,3740.9964342487706
denmark,1867,3703.1193188159446
denmark,1868,3729.6332996189226
denmark,1869,3903.868030609922
denmark,1870,4031.387652567102
denmark,1871,4011.1865243362618
denmark,1872,4200.572101500391
denmark,1873,4139.96871680787
denmark,1874,4218.248088702377
denmark,1875,4249.812351563065
denmark,1876,4286.426896481463
denmark,1877,4117.242447548174
denmark,1878,4230.873793846652
denmark,1879,4324.304011914289
denmark,1880,4388.695108150093
denmark,1881,4393.745390207803
denmark,1882,4508.639307020709
denmark,1883,4627.320935376896
denmark,1884,4598.281813545063
denmark,1885,4576.818114799795
denmark,1886,4701.812595728121
denmark,1887,4820.494224084308
denmark,1888,4807.868518940033
denmark,1889,4830.594788199728
denmark,1890,5078.058609027525
denmark,1891,5142.449705263329
denmark,1892,5228.3045002444005
denmark,1893,5291.433025965777
denmark,1894,5346.986128600588
denmark,1895,5574.248821197543
denmark,1896,5708.081295726862
denmark,1897,5762.371827847245
denmark,1898,5776.260103505948
denmark,1899,5940.394270381527
denmark,1900,6071.70160388199
denmark,1901,6247.198905387417
denmark,1902,6321.6905657386405
denmark,1903,6620.919777657966
denmark,1904,6694.148867494762
denmark,1905,6733.288553442016
denmark,1906,6846.919899740494
denmark,1907,7016.104348673783
denmark,1908,7148.674252688673
denmark,1909,7331.746977280664
denmark,1910,7456.7414582089905
denmark,1911,7762.2835227004525
denmark,1912,7671.37844566167
denmark,1913,7873.389727970075
denmark,1914,8271.099440014747
denmark,1915,7603.199637882583
denmark,1916,7830.462330479539
denmark,1917,7278.719015674708
denmark,1918,6961.813816553398
denmark,1919,7768.59637527259
denmark,1920,8033.7361833023715
denmark,1921,7700.417567493503
denmark,1922,8384.730786313225
denmark,1923,9175.099928344858
denmark,1924,9113.233973137909
denmark,1925,8810.217049675302
denmark,1926,9253.379300239365
denmark,1927,9374.586069624407
denmark,1928,9629.625313538769
denmark,1929,10212.932891204287
denmark,1930,10748.26278932156
denmark,1931,10784.877334239958
denmark,1932,10402.318468368418
denmark,1933,10648.519718681786
denmark,1934,10871.994699735458
denmark,1935,11028.553443524472
denmark,1936,11219.20159120303
denmark,1937,11407.32459785273
denmark,1938,11596.71017501686
denmark,1939,12061.336124326192
denmark,1940,10296.262545156504
denmark,1941,9205.401620691118
denmark,1942,9316.507825960742
denmark,1943,10223.033455319708
denmark,1944,11154.810494967225
denmark,1945,10195.256904002303
denmark,1946,11625.749296848693
denmark,1947,12145.928348792835
denmark,1948,12342.88934904353
denmark,1949,13068.867394839359
denmark,1950,13972.86788316947
denmark,1951,13958.979607510768
denmark,1952,13996.856722943594
denmark,1953,14674.857089191177
denmark,1954,14833.940974009045
denmark,1955,14883.181224071719
denmark,1956,14971.561160081646
denmark,1957,16029.595251171917
denmark,1958,16290.947347658415
denmark,1959,17381.808272123802
denmark,1960,17734.06544564908
denmark,1961,18740.334145647823
denmark,1962,19616.55808266053
denmark,1963,19586.25639031427
denmark,1964,21251.58689884418
denmark,1965,22043.21861139024
denmark,1966,22459.866881151323
denmark,1967,23016.660478013866
denmark,1968,23822.18046621863
denmark,1969,25218.583455175478
denmark,1970,25530.438372239078
denmark,1971,26030.41629595238
denmark,1972,27245.009130831662
denmark,1973,28064.41739469513
denmark,1974,27674.283105737024
denmark,1975,27412.931009250526
denmark,1976,29113.613492184406
denmark,1977,29493.647217027094
denmark,1978,29837.06639695138
denmark,1979,30818.083686661572
denmark,1980,30645.111526185
denmark,1981,30381.234288669646
denmark,1982,31320.586751403727
denmark,1983,32132.41959218063
denmark,1984,33560.38684399817
denmark,1985,34985.82895478685
denmark,1986,36211.78492429598
denmark,1987,36271.125738474075
denmark,1988,36676.41087360531
denmark,1989,36750.902533956534
denmark,1990,37134.7239703425
denmark,1991,37770.36206566181
denmark,1992,38601.29216926879
denmark,1993,38697.20295962612
denmark,1994,40855.893249746805
denmark,1995,42114.48060671542
denmark,1996,43338.29159517759
denmark,1997,44820.07061237644
denmark,1998,45908.61610877541
denmark,1999,47375.96899527642
denmark,2000,49266.988276000004
denmark,2001,49777.93490731444
denmark,2002,50135.878824693755
denmark,2003,50481.53793096769
denmark,2004,51990.83896526823
denmark,2005,53362.076019960354
denmark,2006,55585.276340459306
denmark,2007,56160.99094530811
denmark,2008,55864.19836822458
denmark,2009,53141.81175572488
denmark,2010,54205.17869215398
denmark,2011,55016.51016617961
denmark,2012,54934.44308274182
denmark,2013,55215.99630745916
denmark,2014,55857.38212878834
denmark,2015,56354.83491147278
denmark,2016,56608.61158487272
denmark,2017,57390.844848766435
denmark,2018,58472.60036719587
djibouti,1950,1983.5320610688618
djibouti,1951,2044.8902369966931
djibouti,1952,2055.785614030607
djibouti,1953,2083.310777063653
djibouti,1954,2146.3892756810496
djibouti,1955,2159.004975404529
djibouti,1956,2184.8098157480094
djibouti,1957,2206.600569815837
djibouti,1958,2202.0130426436626
djibouti,1959,2263.9446594680157
djibouti,1960,2343.6529440845443
djibouti,1961,2359.1358482906326
djibouti,1962,2326.4497171888906
djibouti,1963,2346.5201485671532
djibouti,1964,2325.302835395847
djibouti,1965,2320.7153082236728
djibouti,1966,2329.8903625680214
djibouti,1967,2325.302835395847
djibouti,1968,2309.819931189759
djibouti,1969,2304.085522224541
djibouti,1970,2737.6068399950123
djibouti,1971,2778.894584544581
djibouti,1972,2745.0615716497955
djibouti,1973,2753.0897442011005
djibouti,1974,2531.1681172471685
djibouti,1975,2690.011245583704
djibouti,1976,2797.2446932332778
djibouti,1977,2314.407458361933
djibouti,1978,1960.5944252079905
djibouti,1979,1896.942485694072
djibouti,1980,1816.0873192845002
djibouti,1981,1772.5058111488443
djibouti,1982,1744.9806481157984
djibouti,1983,1699.1053763940554
djibouti,1984,1688.2099993601414
djibouti,1985,1651.5097819827472
djibouti,1986,1572.9483791592622
djibouti,1987,1531.087193713172
djibouti,1988,1520.7652575757797
djibouti,1989,1396.9020239270735
djibouti,1990,1323.5015891722849
djibouti,1991,1154.5330428935956
djibouti,1992,1228.100578325631
djibouti,1993,1313.6295747623037
djibouti,1994,1247.4414781953383
djibouti,1995,1297.3691420446214
djibouti,1996,1193.9013660743267
djibouti,1997,1193.0514693215916
djibouti,1998,1132.2967252491703
djibouti,1999,1107.0321235743031
djibouti,2000,1078.641638228406
djibouti,2001,1058.3993466134557
djibouti,2002,1046.217168207747
djibouti,2003,1115.7241686515115
djibouti,2004,1202.5763226128186
djibouti,2005,1219.5970232711093
djibouti,2006,1343.1242778985431
djibouti,2007,1373.974767346429
djibouti,2008,1412.6400519880244
djibouti,2009,1445.9339157519
djibouti,2010,1458.7609857898374
djibouti,2011,1485.2119219914289
djibouti,2012,1521.9121393688233
djibouti,2013,1562.0530021253483
djibouti,2014,1618.8236508810053
djibouti,2015,1686.4896766705763
djibouti,2016,1757.022906942756
djibouti,2017,1816.9174896703948
djibouti,2018,1889.8785540102685
dominica,1950,1173.6151768300128
dominica,1951,1276.6058964293813
dominica,1952,1342.4720543126982
dominica,1953,1284.988861978167
dominica,1954,1314.9280246524022
dominica,1955,1353.2501528754228
dominica,1956,1440.6725078841891
dominica,1957,1483.7849021350876
dominica,1958,1510.1313652884144
dominica,1959,1468.2165375444854
dominica,1960,1490.970301176904
dominica,1961,1408.3382121960153
dominica,1962,1596.3561537902112
dominica,1963,1643.061247562018
dominica,1964,1699.3468733895797
dominica,1965,1440.6725078841891
dominica,1966,1584.3804887205172
dominica,1967,1586.775621734456
dominica,1968,1542.4656609765882
dominica,1969,1662.2223116735283
dominica,1970,1786.769228398346
dominica,1971,1889.7599479977146
dominica,1972,2004.726332666777
dominica,1973,2147.2367469961355
dominica,1974,2268.190964200045
dominica,1975,2323.2790235206376
dominica,1976,2474.172403398782
dominica,1977,2535.2482952542214
dominica,1978,2832.244788982633
dominica,1979,2313.6984914648824
dominica,1980,2657.4000789651004
dominica,1981,2992.7187009165327
dominica,1982,3104.0923860646867
dominica,1983,3166.365844427096
dominica,1984,3355.581352528261
dominica,1985,3439.411008016119
dominica,1986,3720.8391371539283
dominica,1987,4035.799128486881
dominica,1988,4415.427711196181
dominica,1989,4447.762006884354
dominica,1990,4717.21447095247
dominica,1991,4890.856824197005
dominica,1992,5115.63299191277
dominica,1993,5197.219485576424
dominica,1994,5340.386525621555
dominica,1995,5516.869985647223
dominica,1996,5861.898716350465
dominica,1997,6192.386474769433
dominica,1998,6541.943084678876
dominica,1999,6687.239877
dominica,2000,6822.482739225165
dominica,2001,6945.665627698544
dominica,2002,6911.605159647223
dominica,2003,7570.962404864294
dominica,2004,7907.172375566863
dominica,2005,8020.742996472052
dominica,2006,8543.177552924632
dominica,2007,9219.79340810024
dominica,2008,10124.302337339303
dominica,2009,10193.5161726362
dominica,2010,10500.834851358133
dominica,2011,10711.03483833432
dominica,2012,10566.129290991023
dominica,2013,10951.74570623517
dominica,2014,11385.264781758093
dominica,2015,11160.122278447847
dominica,2016,11436.760141557777
dominica,2017,10588.910239383149
dominica,2018,10803.455476673225
dominican republic,1950,994.3194843664205
dominican republic,1951,1081.1781809237805
dominican republic,1952,1134.6296864975402
dominican republic,1953,1087.2522156480713
dominican republic,1954,1113.3705649625222
dominican republic,1955,1145.5629490012639
dominican republic,1956,1219.6661726376128
dominican republic,1957,1254.8955740385002
dominican republic,1958,1277.9769059908056
dominican republic,1959,1243.3549080623475
dominican republic,1960,1260.362205290362
dominican republic,1961,1192.940419850733
dominican republic,1962,1349.6505157374381
dominican republic,1963,1391.5613553350454
dominican republic,1964,1436.509212294798
dominican republic,1965,1219.0587691651838
dominican republic,1966,1339.9320601785728
dominican republic,1967,1342.9690775407182
dominican republic,1968,1305.9174657225437
dominican republic,1969,1406.7464421457726
dominican republic,1970,1511.219839403576
dominican republic,1971,1626.6264991651033
dominican republic,1972,1778.477367272376
dominican republic,1973,1941.261497883372
dominican republic,1974,2001.3944416538518
dominican republic,1975,2043.912684723888
dominican republic,1976,2128.341767391532
dominican republic,1977,2178.148852130717
dominican republic,1978,2176.32664171343
dominican republic,1979,2216.41527089375
dominican republic,1980,2296.59252925439
dominican republic,1981,2336.0737549622804
dominican republic,1982,2323.9256855136987
dominican republic,1983,2371.910559835597
dominican republic,1984,2326.355299403415
dominican republic,1985,2218.844884783466
dominican republic,1986,2236.45958548391
dominican republic,1987,2354.9032626075823
dominican republic,1988,2320.8886681515532
dominican republic,1989,2562.6352501783313
dominican republic,1990,2392.562277898186
dominican republic,1991,2411.1298124258287
dominican republic,1992,2542.230077185201
dominican republic,1993,2727.251431142868
dominican republic,1994,2792.3253592001697
dominican republic,1995,2946.8961800569796
dominican republic,1996,3157.6274044938887
dominican republic,1997,3411.7184295118846
dominican republic,1998,3652.1303638886943
dominican republic,1999,3899.3973323746436
dominican republic,2000,4123.105732
dominican republic,2001,4201.428283857578
dominican republic,2002,4450.667552158852
dominican republic,2003,4449.046574511981
dominican republic,2004,4519.961112139119
dominican republic,2005,4954.2445120282755
dominican republic,2006,5503.005244366144
dominican republic,2007,5992.920849775775
dominican republic,2008,6211.021700543667
dominican republic,2009,6296.146928331062
dominican republic,2010,6849.361446630515
dominican republic,2011,7093.865154499344
dominican republic,2012,7196.5163413398595
dominican republic,2013,7441.2999407287825
dominican republic,2014,7906.571000609466
dominican republic,2015,8359.086587569138
dominican republic,2016,8800.668912025087
dominican republic,2017,9122.553453407838
dominican republic,2018,9665.246710978916
ecuador,1870,434.9272435436912
ecuador,1880,434.9272435436912
ecuador,1890,511.0395111638371
ecuador,1900,628.3554123828591
ecuador,1901,641.5176842269445
ecuador,1902,654.1076833821566
ecuador,1903,666.6976825373687
ecuador,1904,680.4322270703274
ecuador,1905,694.1667716032861
ecuador,1906,707.9013161362448
ecuador,1907,721.6358606692033
ecuador,1908,743.382222846388
ecuador,1909,765.1285850235726
ecuador,1910,789.1640379562501
ecuador,1911,812.6272182000546
ecuador,1912,836.6626711327323
ecuador,1913,861.8426694431565
ecuador,1914,879.583122798228
ecuador,1915,896.7513034644264
ecuador,1916,905.9076664863989
ecuador,1917,915.0640295083713
ecuador,1918,924.2203925303437
ecuador,1919,942.5331185742887
ecuador,1920,961.4181173071069
ecuador,1921,970.5744803290793
ecuador,1922,980.8753887287983
ecuador,1923,990.604024439644
ecuador,1924,1000.904932839363
ecuador,1925,1010.0612958613355
ecuador,1926,1020.9344769499277
ecuador,1927,1050.692656771338
ecuador,1928,1082.7399273482417
ecuador,1929,1114.7871979251454
ecuador,1930,1126.804924391484
ecuador,1931,1103.914016836553
ecuador,1932,1081.5953819704953
ecuador,1933,1081.5953819704953
ecuador,1934,1081.5953819704953
ecuador,1935,1081.5953819704953
ecuador,1936,1091.8962903702143
ecuador,1937,1102.7694714588065
ecuador,1938,1114.7871979251454
ecuador,1939,1125.6603790137376
ecuador,1940,1173.1590121902195
ecuador,1941,1153.7017407685282
ecuador,1942,1176.5926483234593
ecuador,1943,1292.7640041647346
ecuador,1944,1276.1680961874097
ecuador,1945,1248.6990071214923
ecuador,1946,1362.5812722072747
ecuador,1947,1471.3130830931973
ecuador,1948,1627.5435271556023
ecuador,1949,1610.9476191782771
ecuador,1950,1699.6498859536352
ecuador,1951,1673.8976149543378
ecuador,1952,1832.4171497722357
ecuador,1953,1822.68851406139
ecuador,1954,1918.2580531032274
ecuador,1955,1916.5412350366075
ecuador,1956,1934.8539610805524
ecuador,1957,1966.901231657456
ecuador,1958,1969.1903224129492
ecuador,1959,2016.6889555894313
ecuador,1960,2088.223041698591
ecuador,1961,2079.0666786766187
ecuador,1962,2126.5653118531004
ecuador,1963,2116.2644034533814
ecuador,1964,2199.243943340007
ecuador,1965,2340.5952974917063
ecuador,1966,2331.4389344697342
ecuador,1967,2382.3712037794558
ecuador,1968,2440.170745355657
ecuador,1969,2498.542559620731
ecuador,1970,2595.256644040315
ecuador,1971,2665.6461847717283
ecuador,1972,2747.481179280607
ecuador,1973,3000.997980451469
ecuador,1974,3085.6943384047145
ecuador,1975,3155.511606447254
ecuador,1976,3363.2465925082543
ecuador,1977,3475.4120395274167
ecuador,1978,3613.3297575458764
ecuador,1979,3703.7488423878544
ecuador,1980,3766.698838163915
ecuador,1981,3813.6251986515235
ecuador,1982,3752.964293630956
ecuador,1983,3577.848850835733
ecuador,1984,3625.9197567010888
ecuador,1985,3681.4302075217965
ecuador,1986,3692.303388610389
ecuador,1987,3372.4029555302263
ecuador,1988,3637.937483167427
ecuador,1989,3552.096579836436
ecuador,1990,3560.1083974806616
ecuador,1991,3727.4047640732715
ecuador,1992,3843.0825347203936
ecuador,1993,3874.3883115743242
ecuador,1994,3971.6241370043535
ecuador,1995,3997.413720182966
ecuador,1996,4002.271342447929
ecuador,1997,4109.547921113316
ecuador,1998,4181.693480590537
ecuador,1999,3939.978773536846
ecuador,2000,3953.398797
ecuador,2001,4080.9875652569863
ecuador,2002,4211.759428664023
ecuador,2003,4274.020579804486
ecuador,2004,4554.672949518191
ecuador,2005,4725.128375807919
ecuador,2006,4876.655940140433
ecuador,2007,4940.7645592023855
ecuador,2008,5209.897136916339
ecuador,2009,5197.020314689465
ecuador,2010,5337.709148749254
ecuador,2011,5714.142798399679
ecuador,2012,5950.491418904343
ecuador,2013,6157.65413227647
ecuador,2014,6315.601394405495
ecuador,2015,6240.633672163095
ecuador,2016,6024.314595768996
ecuador,2017,6087.423168307143
ecuador,2018,6088.309046429519
egypt,1,416.1361470342799
egypt,730,434.03447593898005
egypt,1000,356.47505068527914
egypt,1120,392.27170849467956
egypt,1280,398.23781812957964
egypt,1300,362.4411603201792
egypt,1400,434.03447593898005
egypt,1500,404.2039277644797
egypt,1820,356.47505068527914
egypt,1870,445.59381335659896
egypt,1913,624.2042205514198
egypt,1950,541.0412759758799
egypt,1951,538.0685126975501
egypt,1952,535.0854578801
egypt,1953,531.3566393582875
egypt,1954,528.3735845408374
egypt,1955,526.1362934277499
egypt,1956,538.0685126975501
egypt,1957,549.6278501151689
egypt,1958,563.0515967936941
egypt,1959,576.102461620038
egypt,1960,589.1533264463819
egypt,1961,612.6448831338009
egypt,1962,638.3737309343074
egypt,1963,665.5941061435391
egypt,1964,693.1873632049519
egypt,1965,721.1535021185459
egypt,1966,708.4755191443833
egypt,1967,684.2381987526018
egypt,1968,681.2551439351518
egypt,1969,713.6958650749208
egypt,1970,745.3908225103274
egypt,1971,762.5433877106651
egypt,1972,763.2891514150276
egypt,1973,769.2552610499278
egypt,1974,782.6790077284529
egypt,1975,844.5773951905411
egypt,1976,954.5775415840112
egypt,1977,1050.4081775945936
egypt,1978,1095.8997635607066
egypt,1979,1146.9845773095385
egypt,1980,1229.7643484937769
egypt,1981,1233.8660488677706
egypt,1982,1321.1204022781842
egypt,1983,1380.0357349228225
egypt,1984,1420.6798568105792
egypt,1985,1468.7816157419609
egypt,1986,1462.0697424026982
egypt,1987,1465.0527972201485
egypt,1988,1491.9002905771986
egypt,1989,1502.7138642904551
egypt,1990,1499.7308094730051
egypt,1991,1558.6955862512425
egypt,1992,1617.917129472892
egypt,1993,1693.865220378762
egypt,1994,1769.9165995576861
egypt,1995,1864.8070139779936
egypt,1996,1973.7011182215233
egypt,1997,2086.1237661440596
egypt,1998,2194.3357949035794
egypt,1999,2315.9750754310353
egypt,2000,2458.60835
egypt,2001,2578.4544417003162
egypt,2002,2663.3781343818555
egypt,2003,2746.5741535776842
egypt,2004,2856.9685106652805
egypt,2005,2991.214777462243
egypt,2006,3173.0807788202737
egypt,2007,3404.6342564742718
egypt,2008,3616.214392292551
egypt,2009,3788.1075566494383
egypt,2010,3997.029194014406
egypt,2011,4003.632446870128
egypt,2012,4014.8189024355656
egypt,2013,4017.8019572530156
egypt,2014,4107.666483628698
egypt,2015,4160.988588490617
egypt,2016,4232.581904109418
egypt,2017,4332.770932361035
egypt,2018,4458.6274320602915
el salvador,1920,815.8825610099288
el salvador,1921,804.3603459586791
el salvador,1922,831.7941913187977
el salvador,1923,852.6439137924879
el salvador,1924,890.5026203894516
el salvador,1925,809.8471150307028
el salvador,1926,936.0428036872486
el salvador,1927,810.9444688451075
el salvador,1928,922.8745579143916
el salvador,1929,911.3523428631419
el salvador,1930,914.644404306356
el salvador,1931,808.749761216298
el salvador,1932,720.4127791567159
el salvador,1933,807.1037304946909
el salvador,1934,821.918006989155
el salvador,1935,893.7946818326659
el salvador,1936,862.5200981221307
el salvador,1937,932.202065336832
el salvador,1938,855.3872983284998
el salvador,1939,905.8655737911181
el salvador,1940,972.8041564698076
el salvador,1941,940.4322189448676
el salvador,1942,1002.9813863659382
el salvador,1943,1080.8935071886751
el salvador,1944,1007.3708016235571
el salvador,1945,955.2464954393316
el salvador,1946,958.5385568825459
el salvador,1947,1192.2749193507568
el salvador,1948,1494.0472183120621
el salvador,1949,1334.3822383161714
el salvador,1950,1303.1076546056363
el salvador,1951,1295.4261779048031
el salvador,1952,1356.3293146042665
el salvador,1953,1413.9403898605156
el salvador,1954,1391.4446366652182
el salvador,1955,1421.0731896541465
el salvador,1956,1489.657803054443
el salvador,1957,1522.5784174865855
el salvador,1958,1509.4101717137287
el salvador,1959,1529.7112172802165
el salvador,1960,1543.4281399602758
el salvador,1961,1547.8175552178948
el salvador,1962,1680.0486898536667
el salvador,1963,1698.7037046985474
el salvador,1964,1800.7576094381886
el salvador,1965,1838.6163160351525
el salvador,1966,1900.6168065490206
el salvador,1967,1939.0241900531867
el salvador,1968,1933.537420981163
el salvador,1969,1931.3427133523535
el salvador,1970,1913.7850523218776
el salvador,1971,1949.4490512900318
el salvador,1972,2012.5468956183047
el salvador,1973,2066.86590943134
el salvador,1974,2146.424060975684
el salvador,1975,2211.167936025564
el salvador,1976,2240.796489014492
el salvador,1977,2315.9652253012173
el salvador,1978,2400.4614690103826
el salvador,1979,2301.150948806753
el salvador,1980,2074.547386132173
el salvador,1981,1924.2099135587227
el salvador,1982,1832.032193148724
el salvador,1983,1827.0941009839025
el salvador,1984,1841.9083774783667
el salvador,1985,1846.8464696431881
el salvador,1986,1825.4480702622955
el salvador,1987,1838.6163160351525
el salvador,1988,1834.775577684736
el salvador,1989,1822.7046857262837
el salvador,1990,1853.4305925296167
el salvador,1991,1916.8445296241289
el salvador,1992,2057.8221777053045
el salvador,1993,2223.7643507257344
el salvador,1994,2368.307904894509
el salvador,1995,2519.6799626441803
el salvador,1996,2563.0558350138267
el salvador,1997,2679.013870994265
el salvador,1998,2786.122132535364
el salvador,1999,2888.173129287397
el salvador,2000,2964.893469
el salvador,2001,3045.2593278194367
el salvador,2002,3155.4741980091153
el salvador,2003,3268.5786751305754
el salvador,2004,3372.157243259951
el salvador,2005,3534.2999933010765
el salvador,2006,3721.25363874744
el salvador,2007,3917.1043545825437
el salvador,2008,4012.285367779496
el salvador,2009,3931.906066375833
el salvador,2010,4033.3868232182103
el salvador,2011,4173.7852330884525
el salvador,2012,4239.077785045535
el salvador,2013,4304.370337002618
el salvador,2014,4353.751258650831
el salvador,2015,4449.221040504044
el salvador,2016,4543.04479163565
el salvador,2017,4624.266312091869
el salvador,2018,4717.632795889012
equatorial guinea,1950,213.40398978686005
equatorial guinea,1951,221.43676230079456
equatorial guinea,1952,226.25642580915527
equatorial guinea,1953,232.14712565270725
equatorial guinea,1954,241.250934501833
equatorial guinea,1955,244.99956167500244
equatorial guinea,1956,251.69353876994788
equatorial guinea,1957,256.51320227830854
equatorial guinea,1958,260.79734761907366
equatorial guinea,1959,271.77547005478414
equatorial guinea,1960,294.8027512613964
equatorial guinea,1961,318.9010688031999
equatorial guinea,1962,350.76439977514013
equatorial guinea,1963,397.8899985235559
equatorial guinea,1964,452.51285161831055
equatorial guinea,1965,508.20674104825645
equatorial guinea,1966,522.9334906571364
equatorial guinea,1967,551.0481944559072
equatorial guinea,1968,562.829594143011
equatorial guinea,1969,539.534553852601
equatorial guinea,1970,517.8460680649779
equatorial guinea,1971,532.5728176738578
equatorial guinea,1972,537.3924811822185
equatorial guinea,1973,590.1410206903884
equatorial guinea,1974,660.2939006454164
equatorial guinea,1975,824.697978097276
equatorial guinea,1976,924.5721163538617
equatorial guinea,1977,982.1403193703923
equatorial guinea,1978,924.036598186266
equatorial guinea,1979,771.6816795053082
equatorial guinea,1980,699.6544859636955
equatorial guinea,1981,696.9768951257173
equatorial guinea,1982,678.2337592598701
equatorial guinea,1983,678.501518343668
equatorial guinea,1984,652.5288872152797
equatorial guinea,1985,712.7746810697885
equatorial guinea,1986,678.501518343668
equatorial guinea,1987,690.5506771145697
equatorial guinea,1988,690.0151589469741
equatorial guinea,1989,663.774768734788
equatorial guinea,1990,662.435973315799
equatorial guinea,1991,650.0869779228605
equatorial guinea,1992,720.4414536920798
equatorial guinea,1993,771.2007841908074
equatorial guinea,1994,825.006570441353
equatorial guinea,1995,900.9109422922664
equatorial guinea,1996,1185.1921539076445
equatorial guinea,1997,2261.398167281613
equatorial guinea,1998,2600.536788949152
equatorial guinea,1999,3130.139890624609
equatorial guinea,2000,3458.0687514730444
equatorial guinea,2001,5667.8550433331175
equatorial guinea,2002,6652.4857363900965
equatorial guinea,2003,7382.428273083933
equatorial guinea,2004,8948.47800243567
equatorial guinea,2005,9524.112317932244
equatorial guinea,2006,9804.1878108425
equatorial guinea,2007,11052.494047462114
equatorial guinea,2008,12735.243092619039
equatorial guinea,2009,12627.862381999998
equatorial guinea,2010,11256.02889261063
equatorial guinea,2011,11738.82599278009
equatorial guinea,2012,12385.19642106802
equatorial guinea,2013,11569.60225181987
equatorial guinea,2014,11220.979924715111
equatorial guinea,2015,10127.18406740103
equatorial guinea,2016,8920.929394891866
equatorial guinea,2017,8313.338193399471
equatorial guinea,2018,7638.886316990979
estonia,1855,1064.3729306302887
estonia,1973,8218.96030764821
estonia,1980,8960.507201120348
estonia,1981,9219.006278844772
estonia,1982,9486.439656490547
estonia,1983,9744.938734214971
estonia,1984,9923.029112647235
estonia,1985,9852.150333271184
estonia,1986,10045.726831567123
estonia,1987,10064.786671399337
estonia,1988,10519.244727398727
estonia,1989,11185.147881536759
estonia,1990,10272.65804956944
estonia,1991,9143.14507865058
estonia,1992,7870.753473025487
estonia,1993,7270.84298919852
estonia,1994,7189.169431285495
estonia,1995,7672.347032630067
estonia,1996,8069.257714224048
estonia,1997,8978.837704268984
estonia,1998,9287.50561590377
estonia,1999,9133.895934
estonia,2000,10010.57012312861
estonia,2001,10540.454814974017
estonia,2002,11072.069127722196
estonia,2003,11776.445461991547
estonia,2004,12391.133992632424
estonia,2005,13412.493391473361
estonia,2006,14639.634376170798
estonia,2007,15592.063804696527
estonia,2008,14550.414074676206
estonia,2009,12232.872101635607
estonia,2010,12337.330447266057
estonia,2011,13101.853024663938
estonia,2012,13714.745999268622
estonia,2013,13958.950197118884
estonia,2014,14381.840393396165
estonia,2015,14588.520531576754
estonia,2016,14805.326209668207
estonia,2017,15637.527657582308
estonia,2018,16325.148844027155
ethiopia,1950,200.61778358360576
ethiopia,1951,203.19807662005084
ethiopia,1952,205.13329639738467
ethiopia,1953,213.5192487658312
ethiopia,1954,209.64880921116358
ethiopia,1955,217.0671516909432
ethiopia,1956,219.96998135694395
ethiopia,1957,214.48685865449812
ethiopia,1958,217.38968832049886
ethiopia,1959,219.64744472738832
ethiopia,1960,226.09817731850103
ethiopia,1961,232.8714465391694
ethiopia,1962,237.3869593529483
ethiopia,1963,263.8349629765105
ethiopia,1964,270.9307688267345
ethiopia,1965,281.25194097251483
ethiopia,1966,286.412527045405
ethiopia,1967,292.5407230069621
ethiopia,1968,290.9280398591839
ethiopia,1969,295.7660893025185
ethiopia,1970,305.7647248187432
ethiopia,1971,312.2154574098559
ethiopia,1972,320.9239464078581
ethiopia,1973,323.8267760738588
ethiopia,1974,320.2788731487468
ethiopia,1975,313.5056039280785
ethiopia,1976,314.15067718718973
ethiopia,1977,315.11828707585664
ethiopia,1978,307.05487133696573
ethiopia,1979,322.21409292608064
ethiopia,1980,333.1803383309723
ethiopia,1981,325.439459221637
ethiopia,1982,316.08589696452356
ethiopia,1983,322.21409292608064
ethiopia,1984,308.3450178551883
ethiopia,1985,283.8322340089599
ethiopia,1986,296.7336991911854
ethiopia,1987,316.08589696452356
ethiopia,1988,312.53799403941156
ethiopia,1989,308.3450178551883
ethiopia,1990,295.12101604340717
ethiopia,1991,261.50950613107733
ethiopia,1992,228.47507875634835
ethiopia,1993,225.52641663528775
ethiopia,1994,236.01646896030346
ethiopia,1995,240.01298808346436
ethiopia,1996,252.54427797594883
ethiopia,1997,262.9142821674439
ethiopia,1998,253.60377855037615
ethiopia,1999,245.7417224293168
ethiopia,2000,248.9116769319155
ethiopia,2001,252.83530277679688
ethiopia,2002,256.066636
ethiopia,2003,246.58838108190034
ethiopia,2004,248.82578542746484
ethiopia,2005,267.4613068099304
ethiopia,2006,284.04330197934115
ethiopia,2007,302.0150429781812
ethiopia,2008,319.3049415421406
ethiopia,2009,336.57726185978925
ethiopia,2010,356.8490760713165
ethiopia,2011,386.7214188372079
ethiopia,2012,415.1046422381039
ethiopia,2013,440.2624993434435
ethiopia,2014,470.5809425216733
ethiopia,2015,500.8993856999031
ethiopia,2016,527.3473893234653
ethiopia,2017,565.5093105128921
ethiopia,2018,592.9804648327306
finland,1600,1379.6171993339153
finland,1650,1443.3274814190247
finland,1700,1541.7888264596484
finland,1750,1721.3359850631387
finland,1800,1405.1013121679591
finland,1820,1520.9381886863398
finland,1850,1759.5621543142042
finland,1860,1763.0372606097558
finland,1861,1768.8291044356747
finland,1862,1654.1505966824777
finland,1863,1768.8291044356747
finland,1864,1789.6797422089833
finland,1865,1756.087048018653
finland,1866,1768.8291044356747
finland,1867,1635.6166964395368
finland,1868,1852.231655528909
finland,1869,2032.937182897583
finland,1870,2104.756046338979
finland,1871,2080.4303022701192
finland,1872,2114.0229964604496
finland,1873,2203.2173913796028
finland,1874,2222.9096603877274
finland,1875,2235.6517168047494
finland,1876,2324.8461117239026
finland,1877,2235.6517168047494
finland,1878,2166.149590893721
finland,1879,2154.5659032418826
finland,1880,2132.5568967033905
finland,1881,2049.1543456101563
finland,1882,2221.7512916225437
finland,1883,2271.561148525447
finland,1884,2250.710510752139
finland,1885,2272.7195172906313
finland,1886,2356.1220683838656
finland,1887,2356.1220683838656
finland,1888,2403.6151877564016
finland,1889,2449.949938363754
finland,1890,2549.5696521695613
finland,1891,2492.809582675555
finland,1892,2363.072280974968
finland,1893,2476.5924199629812
finland,1894,2583.1623463598917
finland,1895,2754.6009236070954
finland,1896,2899.3970192550714
finland,1897,2999.016733060879
finland,1898,3080.102546623745
finland,1899,2967.740776400916
finland,1900,3080.102546623745
finland,1901,3021.0257395993713
finland,1902,2937.623188506137
finland,1903,3112.536872048892
finland,1904,3195.939423142126
finland,1905,3216.7900609154344
finland,1906,3312.9346684256907
finland,1907,3385.9119006322708
finland,1908,3376.6449505108003
finland,1909,3478.581401846975
finland,1910,3519.1243086284085
finland,1911,3580.5178531831502
finland,1912,3733.422530187413
finland,1913,3897.9108948435137
finland,1914,3695.1963609363474
finland,1915,3475.106295551424
finland,1916,3494.7985645595486
finland,1917,2919.089288263196
finland,1918,2529.8773831614367
finland,1919,3061.5686463808042
finland,1920,3407.920907170763
finland,1921,3478.581401846975
finland,1922,3799.44954980289
finland,1923,4038.0735154307545
finland,1924,4106.417272576599
finland,1925,4298.706487597111
finland,1926,4416.86010164586
finland,1927,4721.511086889202
finland,1928,4998.361221768131
finland,1929,5016.895122011072
finland,1930,4923.067252031184
finland,1931,4765.529099966186
finland,1932,4708.769030472179
finland,1933,4989.094271646661
finland,1934,5517.310428570478
finland,1935,5710.758012356173
finland,1936,6054.793535615764
finland,1937,6353.652677033187
finland,1938,6627.027705616565
finland,1939,6292.259132478444
finland,1940,5945.906871688486
finland,1941,6133.562611648263
finland,1942,6142.829561769733
finland,1943,6826.26713322818
finland,1944,6804.258126689688
finland,1945,6369.86983974576
finland,1946,6800.783020394137
finland,1947,6863.334933714062
finland,1948,7305.831802014277
finland,1949,7649.867325273867
finland,1950,7852.581859181034
finland,1951,8439.874823129225
finland,1952,8629.847300619369
finland,1953,8589.304393837936
finland,1954,9235.6741648105
finland,1955,9595.926850782665
finland,1956,9776.632378151338
finland,1957,10136.885064123504
finland,1958,10106.767476228724
finland,1959,10624.558314265887
finland,1960,11503.760207040397
finland,1961,12293.767704895754
finland,1962,12590.310108782809
finland,1963,12913.494994269091
finland,1964,13491.521008095811
finland,1965,14162.216523137236
finland,1966,14446.016870607269
finland,1967,14673.057148583295
finland,1968,14942.957070871122
finland,1969,16392.076396116066
finland,1970,17683.65756929601
finland,1971,18030.00983008597
finland,1972,19291.473415371136
finland,1973,20467.217712032703
finland,1974,20976.899968713577
finland,1975,21125.171170657104
finland,1976,20971.108124887658
finland,1977,20966.474649826923
finland,1978,21342.94449851166
finland,1979,22770.05481721811
finland,1980,23908.731313393797
finland,1981,24250.45009912302
finland,1982,24899.13660762595
finland,1983,25419.24418319348
finland,1984,26047.080053923106
finland,1985,26813.920176474785
finland,1986,27361.828602406727
finland,1987,28402.043753541788
finland,1988,29705.208614373572
finland,1989,31289.85708514502
finland,1990,31141.585883201493
finland,1991,29161.81666825708
finland,1992,28055.414179269446
finland,1993,27735.6862136891
finland,1994,28724.83409862665
finland,1995,29841.4608136833
finland,1996,30855.776576782002
finland,1997,32712.188553510707
finland,1998,34421.32332453329
finland,1999,35894.243536959584
finland,2000,37866.80723483705
finland,2001,38784.130812
finland,2002,39368.962705669685
finland,2003,40087.921886986245
finland,2004,41572.24855664331
finland,2005,42613.2099289369
finland,2006,44204.165949308524
finland,2007,46333.042476771174
finland,2008,46484.93694037532
finland,2009,42468.82609673245
finland,2010,43572.17246140691
finland,2011,44518.42838354411
finland,2012,43675.13592249029
finland,2013,43144.60302803611
finland,2014,42695.15594714479
finland,2015,42669.67183431075
finland,2016,43136.494446679826
finland,2017,44442.62426820297
finland,2018,45056.7229279094
france,1,951.3770215980661
france,1280,1314.6119723128088
france,1281,1281.771552111202
france,1282,1246.940803412528
france,1283,1231.0181754359912
france,1284,1213.1052189623877
france,1285,1246.940803412528
france,1286,1246.940803412528
france,1287,1263.8585956375982
france,1288,1297.6941800877387
france,1289,1314.6119723128088
france,1290,1314.6119723128088
france,1291,1314.6119723128088
france,1292,1332.5249287864126
france,1293,1348.4475567629493
france,1294,1263.8585956375982
france,1295,1213.1052189623877
france,1296,1246.940803412528
france,1297,1281.771552111202
france,1298,1332.5249287864126
france,1299,1381.2879769645563
france,1300,1416.1187256632302
france,1301,1449.9543101133706
france,1302,1500.7076867885812
france,1303,1533.548106990188
france,1304,1551.4610634637918
france,1305,1602.2144401390024
france,1306,1701.7308649923566
france,1307,1736.5616136910305
france,1308,1770.397198141171
france,1309,1786.3198261177076
france,1310,1803.237618342778
france,1311,1786.3198261177076
france,1312,1821.1505748163818
france,1313,1752.4842416675674
france,1314,1736.5616136910305
france,1315,1685.80823701582
france,1316,1668.8904447907498
france,1317,1685.80823701582
france,1318,1701.7308649923566
france,1319,1701.7308649923566
france,1320,1602.2144401390024
france,1321,1602.2144401390024
france,1322,1602.2144401390024
france,1323,1635.0548603406094
france,1324,1650.977488317146
france,1325,1719.6438214659604
france,1326,1719.6438214659604
france,1327,1685.80823701582
france,1328,1668.8904447907498
france,1329,1635.0548603406094
france,1330,1602.2144401390024
france,1331,1567.3836914403284
france,1332,1567.3836914403284
france,1333,1584.3014836653988
france,1334,1668.8904447907498
france,1335,1685.80823701582
france,1336,1701.7308649923566
france,1337,1736.5616136910305
france,1338,1701.7308649923566
france,1339,1685.80823701582
france,1340,1668.8904447907498
france,1341,1668.8904447907498
france,1342,1650.977488317146
france,1343,1668.8904447907498
france,1344,1668.8904447907498
france,1345,1668.8904447907498
france,1346,1719.6438214659604
france,1347,1786.3198261177076
france,1348,1837.0732027929184
france,1349,1837.0732027929184
france,1350,1887.826579468129
france,1351,1887.826579468129
france,1352,1871.9039514915924
france,1353,1871.9039514915924
france,1354,1938.5799561433396
france,1355,1938.5799561433396
france,1356,1904.7443716931991
france,1357,1887.826579468129
france,1358,1887.826579468129
france,1359,1853.9909950179886
france,1360,1837.0732027929184
france,1361,1837.0732027929184
france,1362,1853.9909950179886
france,1363,1853.9909950179886
france,1364,1871.9039514915924
france,1365,1871.9039514915924
france,1366,1853.9909950179886
france,1367,1853.9909950179886
france,1368,1871.9039514915924
france,1369,1887.826579468129
france,1370,1904.7443716931991
france,1371,1887.826579468129
france,1372,1887.826579468129
france,1373,1871.9039514915924
france,1374,1853.9909950179886
france,1375,1853.9909950179886
france,1376,1837.0732027929184
france,1377,1821.1505748163818
france,1378,1821.1505748163818
france,1379,1821.1505748163818
france,1380,1803.237618342778
france,1381,1786.3198261177076
france,1382,1770.397198141171
france,1383,1752.4842416675674
france,1384,1752.4842416675674
france,1385,1752.4842416675674
france,1386,1770.397198141171
france,1387,1786.3198261177076
france,1388,1803.237618342778
france,1389,1837.0732027929184
france,1390,1871.9039514915924
france,1391,1871.9039514915924
france,1392,1871.9039514915924
france,1393,1853.9909950179886
france,1394,1853.9909950179886
france,1395,1837.0732027929184
france,1396,1871.9039514915924
france,1397,1853.9909950179886
france,1398,1853.9909950179886
france,1399,1837.0732027929184
france,1400,1786.3198261177076
france,1401,1770.397198141171
france,1402,1752.4842416675674
france,1403,1736.5616136910305
france,1404,1719.6438214659604
france,1405,1736.5616136910305
france,1406,1736.5616136910305
france,1407,1752.4842416675674
france,1408,1752.4842416675674
france,1409,1752.4842416675674
france,1410,1752.4842416675674
france,1411,1752.4842416675674
france,1412,1736.5616136910305
france,1413,1736.5616136910305
france,1414,1736.5616136910305
france,1415,1736.5616136910305
france,1416,1736.5616136910305
france,1417,1719.6438214659604
france,1418,1719.6438214659604
france,1419,1719.6438214659604
france,1420,1719.6438214659604
france,1421,1719.6438214659604
france,1422,1736.5616136910305
france,1423,1736.5616136910305
france,1424,1736.5616136910305
france,1425,1736.5616136910305
france,1426,1752.4842416675674
france,1427,1736.5616136910305
france,1428,1752.4842416675674
france,1429,1752.4842416675674
france,1430,1752.4842416675674
france,1431,1770.397198141171
france,1432,1770.397198141171
france,1433,1770.397198141171
france,1434,1770.397198141171
france,1435,1770.397198141171
france,1436,1770.397198141171
france,1437,1786.3198261177076
france,1438,1786.3198261177076
france,1439,1786.3198261177076
france,1440,1786.3198261177076
france,1441,1786.3198261177076
france,1442,1786.3198261177076
france,1443,1803.237618342778
france,1444,1803.237618342778
france,1445,1803.237618342778
france,1446,1803.237618342778
france,1447,1821.1505748163818
france,1448,1803.237618342778
france,1449,1803.237618342778
france,1450,1803.237618342778
france,1451,1803.237618342778
france,1452,1786.3198261177076
france,1453,1803.237618342778
france,1454,1786.3198261177076
france,1455,1786.3198261177076
france,1456,1770.397198141171
france,1457,1770.397198141171
france,1458,1752.4842416675674
france,1459,1752.4842416675674
france,1460,1736.5616136910305
france,1461,1719.6438214659604
france,1462,1719.6438214659604
france,1463,1701.7308649923566
france,1464,1701.7308649923566
france,1465,1701.7308649923566
france,1466,1701.7308649923566
france,1467,1701.7308649923566
france,1468,1701.7308649923566
france,1469,1719.6438214659604
france,1470,1719.6438214659604
france,1471,1736.5616136910305
france,1472,1770.397198141171
france,1473,1770.397198141171
france,1474,1752.4842416675674
france,1475,1736.5616136910305
france,1476,1701.7308649923566
france,1477,1668.8904447907498
france,1478,1668.8904447907498
france,1479,1650.977488317146
france,1480,1668.8904447907498
france,1481,1668.8904447907498
france,1482,1701.7308649923566
france,1483,1701.7308649923566
france,1484,1719.6438214659604
france,1485,1719.6438214659604
france,1486,1719.6438214659604
france,1487,1736.5616136910305
france,1488,1736.5616136910305
france,1489,1736.5616136910305
france,1490,1736.5616136910305
france,1491,1736.5616136910305
france,1492,1736.5616136910305
france,1493,1736.5616136910305
france,1494,1719.6438214659604
france,1495,1719.6438214659604
france,1496,1719.6438214659604
france,1497,1719.6438214659604
france,1498,1719.6438214659604
france,1499,1701.7308649923566
france,1500,1685.80823701582
france,1501,1701.7308649923566
france,1502,1685.80823701582
france,1503,1668.8904447907498
france,1504,1668.8904447907498
france,1505,1668.8904447907498
france,1506,1650.977488317146
france,1507,1650.977488317146
france,1508,1668.8904447907498
france,1509,1650.977488317146
france,1510,1650.977488317146
france,1511,1650.977488317146
france,1512,1650.977488317146
france,1513,1635.0548603406094
france,1514,1635.0548603406094
france,1515,1635.0548603406094
france,1516,1635.0548603406094
france,1517,1618.1370681155393
france,1518,1635.0548603406094
france,1519,1635.0548603406094
france,1520,1635.0548603406094
france,1521,1635.0548603406094
france,1522,1635.0548603406094
france,1523,1635.0548603406094
france,1524,1635.0548603406094
france,1525,1635.0548603406094
france,1526,1635.0548603406094
france,1527,1635.0548603406094
france,1528,1635.0548603406094
france,1529,1635.0548603406094
france,1530,1635.0548603406094
france,1531,1635.0548603406094
france,1532,1635.0548603406094
france,1533,1635.0548603406094
france,1534,1635.0548603406094
france,1535,1635.0548603406094
france,1536,1635.0548603406094
france,1537,1635.0548603406094
france,1538,1602.2144401390024
france,1539,1584.3014836653988
france,1540,1584.3014836653988
france,1541,1567.3836914403284
france,1542,1567.3836914403284
france,1543,1567.3836914403284
france,1544,1567.3836914403284
france,1545,1551.4610634637918
france,1546,1551.4610634637918
france,1547,1551.4610634637918
france,1548,1533.548106990188
france,1549,1500.7076867885812
france,1550,1482.7947303149774
france,1551,1466.8721023384408
france,1552,1449.9543101133706
france,1553,1449.9543101133706
france,1554,1449.9543101133706
france,1555,1432.0413536397668
france,1556,1432.0413536397668
france,1557,1432.0413536397668
france,1558,1432.0413536397668
france,1559,1432.0413536397668
france,1560,1432.0413536397668
france,1561,1449.9543101133706
france,1562,1449.9543101133706
france,1563,1466.8721023384408
france,1564,1466.8721023384408
france,1565,1466.8721023384408
france,1566,1466.8721023384408
france,1567,1449.9543101133706
france,1568,1449.9543101133706
france,1569,1466.8721023384408
france,1570,1482.7947303149774
france,1571,1500.7076867885812
france,1572,1516.6303147651179
france,1573,1500.7076867885812
france,1574,1533.548106990188
france,1575,1533.548106990188
france,1576,1533.548106990188
france,1577,1533.548106990188
france,1578,1533.548106990188
france,1579,1516.6303147651179
france,1580,1516.6303147651179
france,1581,1516.6303147651179
france,1582,1533.548106990188
france,1583,1516.6303147651179
france,1584,1551.4610634637918
france,1585,1551.4610634637918
france,1586,1551.4610634637918
france,1587,1551.4610634637918
france,1588,1567.3836914403284
france,1589,1551.4610634637918
france,1590,1551.4610634637918
france,1591,1567.3836914403284
france,1592,1567.3836914403284
france,1593,1584.3014836653988
france,1594,1618.1370681155393
france,1595,1635.0548603406094
france,1596,1618.1370681155393
france,1597,1618.1370681155393
france,1598,1618.1370681155393
france,1599,1602.2144401390024
france,1600,1602.2144401390024
france,1601,1618.1370681155393
france,1602,1618.1370681155393
france,1603,1618.1370681155393
france,1604,1602.2144401390024
france,1605,1602.2144401390024
france,1606,1618.1370681155393
france,1607,1618.1370681155393
france,1608,1618.1370681155393
france,1609,1618.1370681155393
france,1610,1618.1370681155393
france,1611,1635.0548603406094
france,1612,1635.0548603406094
france,1613,1635.0548603406094
france,1614,1635.0548603406094
france,1615,1635.0548603406094
france,1616,1635.0548603406094
france,1617,1635.0548603406094
france,1618,1635.0548603406094
france,1619,1635.0548603406094
france,1620,1635.0548603406094
france,1621,1635.0548603406094
france,1622,1635.0548603406094
france,1623,1635.0548603406094
france,1624,1635.0548603406094
france,1625,1635.0548603406094
france,1626,1635.0548603406094
france,1627,1635.0548603406094
france,1628,1635.0548603406094
france,1629,1635.0548603406094
france,1630,1635.0548603406094
france,1631,1635.0548603406094
france,1632,1635.0548603406094
france,1633,1650.977488317146
france,1634,1650.977488317146
france,1635,1650.977488317146
france,1636,1650.977488317146
france,1637,1650.977488317146
france,1638,1650.977488317146
france,1639,1650.977488317146
france,1640,1650.977488317146
france,1641,1650.977488317146
france,1642,1685.80823701582
france,1643,1719.6438214659604
france,1644,1736.5616136910305
france,1645,1736.5616136910305
france,1646,1736.5616136910305
france,1647,1701.7308649923566
france,1648,1668.8904447907498
france,1649,1650.977488317146
france,1650,1650.977488317146
france,1651,1650.977488317146
france,1652,1650.977488317146
france,1653,1650.977488317146
france,1654,1650.977488317146
france,1655,1650.977488317146
france,1656,1668.8904447907498
france,1657,1668.8904447907498
france,1658,1668.8904447907498
france,1659,1668.8904447907498
france,1660,1668.8904447907498
france,1661,1668.8904447907498
france,1662,1685.80823701582
france,1663,1701.7308649923566
france,1664,1701.7308649923566
france,1665,1719.6438214659604
france,1666,1719.6438214659604
france,1667,1719.6438214659604
france,1668,1736.5616136910305
france,1669,1736.5616136910305
france,1670,1736.5616136910305
france,1671,1736.5616136910305
france,1672,1736.5616136910305
france,1673,1736.5616136910305
france,1674,1736.5616136910305
france,1675,1736.5616136910305
france,1676,1736.5616136910305
france,1677,1736.5616136910305
france,1678,1719.6438214659604
france,1679,1701.7308649923566
france,1680,1685.80823701582
france,1681,1685.80823701582
france,1682,1685.80823701582
france,1683,1685.80823701582
france,1684,1701.7308649923566
france,1685,1701.7308649923566
france,1686,1701.7308649923566
france,1687,1701.7308649923566
france,1688,1701.7308649923566
france,1689,1701.7308649923566
france,1690,1701.7308649923566
france,1691,1701.7308649923566
france,1692,1701.7308649923566
france,1693,1701.7308649923566
france,1694,1685.80823701582
france,1695,1685.80823701582
france,1696,1685.80823701582
france,1697,1668.8904447907498
france,1698,1668.8904447907498
france,1699,1668.8904447907498
france,1700,1685.80823701582
france,1701,1602.2144401390024
france,1702,1602.2144401390024
france,1703,1602.2144401390024
france,1704,1602.2144401390024
france,1705,1584.3014836653988
france,1706,1602.2144401390024
france,1707,1602.2144401390024
france,1708,1602.2144401390024
france,1709,1618.1370681155393
france,1710,1635.0548603406094
france,1711,1635.0548603406094
france,1712,1650.977488317146
france,1713,1650.977488317146
france,1714,1650.977488317146
france,1715,1650.977488317146
france,1716,1650.977488317146
france,1717,1668.8904447907498
france,1718,1685.80823701582
france,1719,1701.7308649923566
france,1720,1719.6438214659604
france,1721,1736.5616136910305
france,1722,1736.5616136910305
france,1723,1719.6438214659604
france,1724,1701.7308649923566
france,1725,1701.7308649923566
france,1726,1701.7308649923566
france,1727,1701.7308649923566
france,1728,1701.7308649923566
france,1729,1719.6438214659604
france,1730,1719.6438214659604
france,1731,1719.6438214659604
france,1732,1719.6438214659604
france,1733,1719.6438214659604
france,1734,1719.6438214659604
france,1735,1701.7308649923566
france,1736,1701.7308649923566
france,1737,1685.80823701582
france,1738,1668.8904447907498
france,1739,1668.8904447907498
france,1740,1650.977488317146
france,1741,1650.977488317146
france,1742,1650.977488317146
france,1743,1650.977488317146
france,1744,1650.977488317146
france,1745,1668.8904447907498
france,1746,1668.8904447907498
france,1747,1668.8904447907498
france,1748,1668.8904447907498
france,1749,1668.8904447907498
france,1750,1668.8904447907498
france,1751,1650.977488317146
france,1752,1650.977488317146
france,1753,1650.977488317146
france,1754,1650.977488317146
france,1755,1650.977488317146
france,1756,1650.977488317146
france,1757,1635.0548603406094
france,1758,1635.0548603406094
france,1759,1635.0548603406094
france,1760,1635.0548603406094
france,1761,1650.977488317146
france,1762,1668.8904447907498
france,1763,1668.8904447907498
france,1764,1685.80823701582
france,1765,1701.7308649923566
france,1766,1701.7308649923566
france,1767,1701.7308649923566
france,1768,1685.80823701582
france,1769,1685.80823701582
france,1770,1685.80823701582
france,1771,1685.80823701582
france,1772,1685.80823701582
france,1773,1701.7308649923566
france,1774,1701.7308649923566
france,1775,1701.7308649923566
france,1776,1719.6438214659604
france,1777,1719.6438214659604
france,1778,1701.7308649923566
france,1779,1701.7308649923566
france,1780,1701.7308649923566
france,1781,1719.6438214659604
france,1782,1719.6438214659604
france,1783,1770.397198141171
france,1784,1786.3198261177076
france,1785,1770.397198141171
france,1786,1752.4842416675674
france,1787,1853.9909950179886
france,1788,1803.237618342778
france,1789,1770.397198141171
france,1820,1800.2521255971774
france,1821,1943.5557773860073
france,1822,1865.9329660003912
france,1823,1924.64765666387
france,1824,1976.3961975876143
france,1825,1888.8217437166625
france,1826,1939.5751203918733
france,1827,1898.773386201998
france,1828,1887.826579468129
france,1829,1936.5896276462724
france,1830,1888.8217437166625
france,1831,1916.6863426756017
france,1832,2080.888443683636
france,1833,2043.0722022393616
france,1834,2046.0576949849622
france,1835,2114.7240281337768
france,1836,2079.8932794351026
france,1837,2107.7578783940417
france,1838,2200.3081535076612
france,1839,2119.699849376444
france,1840,2264.9938296623413
france,1841,2309.776220846351
france,1842,2249.0712016858047
france,1843,2358.5392690244944
france,1844,2432.1814234159765
france,1845,2347.5924622906255
france,1846,2344.6069695450246
france,1847,2593.39803167841
france,1848,2425.215273676242
france,1849,2493.881606825056
france,1850,2533.6881767663976
france,1851,2486.915457085321
france,1852,2639.175587110953
france,1853,2502.838085061858
france,1854,2614.2964808976144
france,1855,2564.5382684709375
france,1856,2674.006335809627
france,1857,2822.285808841125
france,1858,3014.3525088080983
france,1859,2814.3244948528563
france,1860,3001.4153735771624
france,1861,2806.3631808645882
france,1862,3036.2461222758366
france,1863,3129.791561637989
france,1864,3153.6755036027944
france,1865,3052.1687502523732
france,1866,3068.09137822891
france,1867,2876.024678261936
france,1868,3143.723861117459
france,1869,3182.535266810267
france,1870,2975.5411031152903
france,1871,3012.3621803110314
france,1872,3295.983991143091
france,1873,3049.1832575067724
france,1874,3421.3746864583172
france,1875,3519.8959470631376
france,1876,3217.366015508941
france,1877,3373.6068025287072
france,1878,3316.8824403622953
france,1879,3097.946305684916
france,1880,3362.6599957948383
france,1881,3480.089377121796
france,1882,3629.3640144018273
france,1883,3629.3640144018273
france,1884,3573.634816483949
france,1885,3500.9878263410005
france,1886,3548.7557102706105
france,1887,3567.6638309927475
france,1888,3599.509086945821
france,1889,3683.1028838226384
france,1890,3768.6870091965234
france,1891,3858.251791564542
france,1892,3954.7827236722956
france,1893,4021.458728324043
france,1894,4165.757544361407
france,1895,4075.197597744854
france,1896,4259.302983723559
france,1897,4186.655993580611
france,1898,4377.727529299051
france,1899,4617.562113195634
france,1900,4561.832915277756
france,1901,4483.214939643606
france,1902,4401.6114712638555
france,1903,4491.176253631875
france,1904,4516.055359845213
france,1905,4590.6926784852285
france,1906,4668.315489870845
france,1907,4870.333832323154
france,1908,4830.527262381813
france,1909,5023.58912659732
france,1910,4703.1462385695195
france,1911,5154.950807403747
france,1912,5573.9149560363685
france,1913,5528.137400603825
france,1914,5133.057193936009
france,1915,5151.965314658147
france,1916,5493.306651905152
france,1917,4725.039852037257
france,1918,3800.5322651495967
france,1919,4459.330997678801
france,1920,5119.12489445654
france,1921,4877.299982062889
france,1922,5726.175086062
france,1923,5955.062863224714
france,1924,6628.789059481923
france,1925,6608.885774511252
france,1926,6740.247455317679
france,1927,6588.982489540581
france,1928,7028.845087392407
france,1929,7471.693177989832
france,1930,7189.066531406307
france,1931,6718.353841849941
france,1932,6280.481572495183
france,1933,6724.324827341143
france,1934,6649.687508701127
france,1935,6481.504750698959
france,1936,6732.286141329411
france,1937,7117.414705511892
france,1938,7084.574285310285
france,1939,7603.05485879626
france,1940,6411.84325330161
france,1941,5248.4962467659
france,1942,4729.020509031391
france,1943,4536.953809064417
france,1944,3842.3291635880055
france,1945,4081.1685832360554
france,1946,6115.284307238615
france,1947,6564.103383327242
france,1948,6968.140068231861
france,1949,7845.8749354384445
france,1950,8226.027678378257
france,1951,8662.904783484482
france,1952,8826.111720243984
france,1953,9016.18809171389
france,1954,9382.408535174232
france,1955,9833.217939759928
france,1956,10228.298146427744
france,1957,10726.875434943047
france,1958,10874.159743726012
france,1959,11070.207100687121
france,1960,11734.976818707526
france,1961,12242.510585459633
france,1962,12796.817071892816
france,1963,13265.539432952113
france,1964,13989.023841635999
france,1965,14538.354506826514
france,1966,15139.433712940772
france,1967,15715.633812841694
france,1968,16285.862927251414
france,1969,17268.09004055402
france,1970,18099.052188079528
france,1971,18789.696176561803
france,1972,19454.465894582212
france,1973,20342.15240427413
france,1974,20800.923122848093
france,1975,20553.127224963242
france,1976,21361.200594772476
france,1977,22069.757539728358
france,1978,22588.238113214335
france,1979,23213.201261293398
france,1980,23423.180917733975
france,1981,23540.610299060932
france,1982,24003.36167462903
france,1983,24182.491239365067
france,1984,24400.432209793915
france,1985,24635.29097244783
france,1986,25115.95530448953
france,1987,25631.450385229906
france,1988,26633.58078350318
france,1989,27442.64931756095
france,1990,27992.975147
france,1991,28157.4397723368
france,1992,28481.405840353684
france,1993,28199.133671275482
france,1994,28768.18560589561
france,1995,29276.601784786893
france,1996,29592.845776300856
france,1997,30195.080467624088
france,1998,31171.60698156182
france,1999,32128.49124211127
france,2000,33248.12058369248
france,2001,33756.068239255546
france,2002,33987.62017062801
france,2003,34126.2023651561
france,2004,34924.1190886448
france,2005,35323.81745452436
france,2006,35991.26914019456
france,2007,36667.50852424502
france,2008,36584.021209942795
france,2009,35363.08912368212
france,2010,35912.22015892438
france,2011,36513.57144294419
france,2012,36394.15173312016
france,2013,36454.856752280706
france,2014,36350.364506184684
france,2015,36648.91378074475
france,2016,36944.47756255921
france,2017,37711.74959624427
france,2018,38329.66588676305
gabon,1950,2112.2096267056054
gabon,1951,2177.189706499456
gabon,1952,2244.3119867260707
gabon,1953,2311.434266952686
gabon,1954,2381.4128144229862
gabon,1955,2454.2476291369726
gabon,1956,2527.0824438509594
gabon,1957,2600.631325375867
gabon,1958,2677.0364741444605
gabon,1959,2754.1556897239757
gabon,1960,2843.414041089155
gabon,1961,3152.6049702181363
gabon,1962,3211.1584487136943
gabon,1963,3283.9932634276806
gabon,1964,3296.132399213345
gabon,1965,3303.273067322559
gabon,1966,3399.672086796953
gabon,1967,3486.0741709184467
gabon,1968,3518.2071774099113
gabon,1969,3750.278890959378
gabon,1970,3989.4912726180587
gabon,1971,4303.68066942349
gabon,1972,4683.564212833693
gabon,1973,4952.053333740153
gabon,1974,6485.868843599396
gabon,1975,7129.957107050531
gabon,1976,9102.209638815535
gabon,1977,7746.91083168665
gabon,1978,5721.81735591346
gabon,1979,5777.514567165333
gabon,1980,5999.589345361898
gabon,1981,6158.826244197378
gabon,1982,5783.227101652704
gabon,1983,5913.187261240405
gabon,1984,6149.5433756554
gabon,1985,5806.077239602189
gabon,1986,5582.57432778378
gabon,1987,4512.902245023471
gabon,1988,4985.61447385346
gabon,1989,5299.803870658892
gabon,1990,5459.754836305294
gabon,1991,5924.308066347014
gabon,1992,5851.4201250622955
gabon,1993,6106.027215910994
gabon,1994,6564.104145604381
gabon,1995,7022.1251638664735
gabon,1996,7418.589909879722
gabon,1997,7999.575375182918
gabon,1998,8396.111884910662
gabon,1999,7603.44731167102
gabon,2000,7596.099706999999
gabon,2001,7929.392747418056
gabon,2002,7955.748739189123
gabon,2003,8330.183667205272
gabon,2004,8584.873375583993
gabon,2005,8881.534217348331
gabon,2006,8813.569052658104
gabon,2007,9608.206306869599
gabon,2008,9518.692533806154
gabon,2009,9724.08763958645
gabon,2010,10658.660780954262
gabon,2011,11712.837899544302
gabon,2012,12090.57924252174
gabon,2013,12519.019329074603
gabon,2014,12891.04813756467
gabon,2015,13130.974586034272
gabon,2016,13148.112189496387
gabon,2017,12826.79119323024
gabon,2018,12577.256047532836
gambia,1950,446.332486334284
gambia,1951,461.33143954103696
gambia,1952,464.5130356758027
gambia,1953,470.8762279453343
gambia,1954,485.4206674185492
gambia,1955,488.147749819777
gambia,1956,493.60191462223264
gambia,1957,498.60156569115026
gambia,1958,498.60156569115026
gambia,1959,513.1460051643652
gambia,1960,530.417527038808
gambia,1961,599.049100803041
gambia,1962,573.5963317249149
gambia,1963,559.9609197187758
gambia,1964,579.0504965273705
gambia,1965,621.7747874799394
gambia,1966,702.2237183161596
gambia,1967,703.5872595167735
gambia,1968,690.4063612441726
gambia,1969,740.4028719333489
gambia,1970,646.3185290909897
gambia,1971,625.4108973482432
gambia,1972,606.3213205396486
gambia,1973,641.318878022072
gambia,1974,659.9539410971287
gambia,1975,680.4070591063372
gambia,1976,652.6817213605212
gambia,1977,644.0459604232998
gambia,1978,657.2268586959009
gambia,1979,618.1386776116357
gambia,1980,602.2306969378068
gambia,1981,691.3153887112485
gambia,1982,718.5862127235265
gambia,1983,673.5893531032677
gambia,1984,664.4990784325083
gambia,1985,659.4994273635907
gambia,1986,646.3185290909897
gambia,1987,639.0463093543822
gambia,1988,644.0459604232998
gambia,1989,639.5008230879201
gambia,1990,636.3192269531544
gambia,1991,632.094521799919
gambia,1992,632.4129086702624
gambia,1993,629.770047663859
gambia,1994,611.3368795892401
gambia,1995,598.7048066498861
gambia,1996,607.6154574931511
gambia,1997,594.7251753017742
gambia,1998,602.1963811509247
gambia,1999,629.7886827269342
gambia,2000,654.8915216816096
gambia,2001,679.539756
gambia,2002,669.6808531544547
gambia,2003,672.2059042011249
gambia,2004,720.7675150335219
gambia,2005,700.6836439814396
gambia,2006,695.7170815123236
gambia,2007,708.0630380564154
gambia,2008,735.605252218989
gambia,2009,769.3291713172923
gambia,2010,805.728721862187
gambia,2011,758.5834212748676
gambia,2012,784.0361903529938
gambia,2013,803.1257671615884
gambia,2014,792.2174375566772
gambia,2015,811.7615280988098
gambia,2016,812.6705555658857
gambia,2017,826.94678648494
gambia,2018,855.5038843631305
georgia,1973,3017.9289457458863
georgia,1980,3357.1906282044183
georgia,1981,3527.6193567395603
georgia,1982,3705.707803411113
georgia,1983,3904.5413200354456
georgia,1984,4189.865820616751
georgia,1985,4426.040463156086
georgia,1986,4416.784970407923
georgia,1987,4374.656520657663
georgia,1988,4680.406936269397
georgia,1989,4519.552855404769
georgia,1990,3874.540757334503
georgia,1991,3043.158333850643
georgia,1992,1687.3480740166856
georgia,1993,1210.4326075484546
georgia,1994,1105.3854457581508
georgia,1995,1152.4176151438487
georgia,1996,1286.47669343213
georgia,1997,1430.1006213348091
georgia,1998,1474.4653577104864
georgia,1999,1520.246790870985
georgia,2000,1561.198676
georgia,2001,1635.7096373831807
georgia,2002,1725.6557606140273
georgia,2003,1919.0814843185613
georgia,2004,2024.3065430625834
georgia,2005,2186.143876411989
georgia,2006,2361.124903097569
georgia,2007,2649.0317819020884
georgia,2008,2700.662558817457
georgia,2009,2573.0537291718474
georgia,2010,2694.7641928665143
georgia,2011,2855.159935347155
georgia,2012,3029.099368028152
georgia,2013,3136.9737317826052
georgia,2014,3286.3382354426176
georgia,2015,3383.9996416818562
georgia,2016,3478.4694986975906
georgia,2017,3648.171766798478
georgia,2018,3825.041392737067
germany,1500,1922.0997262434948
germany,1600,1352.9393803771945
germany,1650,1589.651169323438
germany,1700,1574.9224357890048
germany,1750,1761.1357097600496
germany,1800,1653.8263654377527
germany,1820,1653.8263654377527
germany,1850,2394.4712517406647
germany,1851,2360.8055750905323
germany,1852,2391.315094554715
germany,1853,2369.2219942530655
germany,1854,2419.720509228264
germany,1855,2380.7945706015485
germany,1856,2567.007844572593
germany,1857,2673.2651364995736
germany,1858,2639.5994598494412
germany,1859,2624.870726315008
germany,1860,2749.012908962371
germany,1861,2654.328193383874
germany,1862,2758.481380520221
germany,1863,2933.122078142783
germany,1864,2984.672645513298
germany,1865,2967.8398071882316
germany,1866,2969.943911978865
germany,1867,2961.5274928163317
germany,1868,3120.387404509144
germany,1869,3119.3353521138274
germany,1870,3083.5655706730618
germany,1871,3046.743736836979
germany,1872,3238.2172727846073
germany,1873,3351.838931478804
germany,1874,3562.249410542131
germany,1875,3541.2083626357985
germany,1876,3472.8249569402174
germany,1877,3409.701813221219
germany,1878,3526.479629101366
germany,1879,3402.3374464540025
germany,1880,3339.2143027350044
germany,1881,3396.0251320821026
germany,1882,3427.5867039416016
germany,1883,3593.8109824016306
germany,1884,3652.725916539362
germany,1885,3715.84906025836
germany,1886,3707.432641095827
germany,1887,3814.741985418124
germany,1888,3926.2595393216875
germany,1889,3989.3826830406856
germany,1890,4071.4427698753834
germany,1891,4019.8922025048682
germany,1892,4140.878227966281
germany,1893,4301.842244449726
germany,1894,4356.548969006192
germany,1895,4503.836304350521
germany,1896,4595.364862743068
germany,1897,4653.2277444854835
germany,1898,4776.31787473753
germany,1899,4872.054642711344
germany,1900,5005.665296916556
germany,1901,4814.191760968929
germany,1902,4851.013594805011
germany,1903,5044.591235543272
germany,1904,5169.785470585952
germany,1905,5205.555252026717
germany,1906,5285.511234070782
germany,1907,5441.214988577644
germany,1908,5456.995774507393
germany,1909,5491.713503552843
germany,1910,5614.803633804889
germany,1911,5714.74861135997
germany,1912,5909.378304493547
germany,1913,6117.684678766242
germany,1914,5129.8074795639195
germany,1915,4861.534118758177
germany,1916,4921.501105291226
germany,1917,4949.906519964775
germany,1918,5002.509139730607
germany,1919,4336.559973495176
germany,1920,4688.997525926249
germany,1921,5161.369051423419
germany,1922,5586.39821913134
germany,1923,4611.1456486728175
germany,1924,5364.41516371953
germany,1925,5923.054985632663
germany,1926,6045.093063489394
germany,1927,6608.99314737911
germany,1928,6858.329565069153
germany,1929,6793.1023165595225
germany,1930,6662.647819540259
germany,1931,6123.996993138141
germany,1932,5637.9487865018555
germany,1933,5963.032976654696
germany,1934,6470.122231197314
germany,1935,6908.828080044352
germany,1936,7464.311744771536
germany,1937,7856.727288224642
germany,1938,8374.337066720427
germany,1939,9065.535490443457
germany,1940,9060.275228466873
germany,1941,9576.832954567342
germany,1942,9625.227364751907
germany,1943,9877.719939627901
germany,1944,10202.804129780741
germany,1945,7569.5169843032
germany,1946,3717.9531650489935
germany,1947,4085.1194510144996
germany,1948,4752.120669645247
germany,1949,5503.286079901326
germany,1950,6507.996117428714
germany,1951,7052.959258202732
germany,1952,7634.744232812831
germany,1953,8224.945626585464
germany,1954,8799.366234428348
germany,1955,9720.964132725721
germany,1956,10358.507884287603
germany,1957,10886.638186736554
germany,1958,11297.99067330536
germany,1959,12035.479402422321
germany,1960,12921.30751927893
germany,1961,13334.764110638367
germany,1962,13788.198693019838
germany,1963,14062.784368197481
germany,1964,14793.960782942542
germany,1965,15404.151172226191
germany,1966,15742.912043518148
germany,1967,15758.692829447898
germany,1968,16541.419811563475
germany,1969,17507.203910464148
germany,1970,18176.309233885528
germany,1971,18576.089144105852
germany,1972,19253.610886689767
germany,1973,20066.847388269525
germany,1974,20228.863457148287
germany,1975,20192.041623312205
germany,1976,21270.395328511757
germany,1977,21921.615761212754
germany,1978,22563.367722355903
germany,1979,23466.02867753758
germany,1980,23668.022737438372
germany,1981,23726.937671576103
germany,1982,23544.932607186325
germany,1983,24028.876709031978
germany,1984,24790.562643241225
germany,1985,25389.18045617639
germany,1986,25940.455911322308
germany,1987,26329.71529758946
germany,1988,27099.81765096124
germany,1989,27766.81886959199
germany,1990,26712.66236948472
germany,1991,28163.400856146265
germany,1992,28810.51333985927
germany,1993,28669.164840286503
germany,1994,29604.81321393905
germany,1995,30371.64399997711
germany,1996,30877.719707242086
germany,1997,31758.247163310127
germany,1998,32749.9538332314
germany,1999,33757.84064817169
germany,2000,35104.130847
germany,2001,36043.617633816866
germany,2002,36391.47097314058
germany,2003,36523.514384892485
germany,2004,37378.06814019352
germany,2005,38090.16190256613
germany,2006,39992.863781539534
germany,2007,41821.40427785705
germany,2008,42834.770076466906
germany,2009,40991.052987910276
germany,2010,43249.434003155206
germany,2011,45437.090901330215
germany,2012,45574.909765116696
germany,2013,45672.750637881145
germany,2014,46208.245307097306
germany,2015,46598.55674575978
germany,2016,47015.16949430517
germany,2017,47994.40366225901
germany,2018,48581.2743633533
ghana,1870,340.7108488334319
ghana,1913,605.978581139461
ghana,1950,870.2728538773946
ghana,1951,880.0074495583498
ghana,1952,841.069066834529
ghana,1953,932.5742662355078
ghana,1954,1021.645816716248
ghana,1955,931.1140768833646
ghana,1956,958.8576745740869
ghana,1957,962.751512846469
ghana,1958,920.8927514183616
ghana,1959,1025.0529252045822
ghana,1960,1069.3453355529284
ghana,1961,1076.6462823136449
ghana,1962,1098.549122595794
ghana,1963,1104.876609788415
ghana,1964,1097.0889332436507
ghana,1965,1080.540120586027
ghana,1966,1050.3628739750657
ghana,1967,1038.6813591579196
ghana,1968,1022.6192762843434
ghana,1969,1027.9733039088687
ghana,1970,1104.876609788415
ghana,1971,1156.9566966815253
ghana,1972,1087.8410673467433
ghana,1973,1083.947229074361
ghana,1974,1128.7263692067552
ghana,1975,967.6188106869466
ghana,1976,914.078534441693
ghana,1977,916.025453577884
ghana,1978,977.3534063679018
ghana,1979,938.9017534281287
ghana,1980,897.5297217840691
ghana,1981,885.8482069669229
ghana,1982,808.4581713033291
ghana,1983,723.7671888790189
ghana,1984,744.6965695930726
ghana,1985,758.8117333304576
ghana,1986,766.5994098752218
ghana,1987,781.2013033966546
ghana,1988,802.1306841107082
ghana,1989,820.1396861204754
ghana,1990,824.0335243928574
ghana,1991,848.1887554236661
ghana,1992,862.290680110925
ghana,1993,871.7878976762
ghana,1994,882.7388310874906
ghana,1995,903.6492780129448
ghana,1996,928.6486931812059
ghana,1997,956.3813881247655
ghana,1998,982.2156422186254
ghana,1999,1005.944497958608
ghana,2000,1022.275207
ghana,2001,1043.1136179174152
ghana,2002,1066.9215672473058
ghana,2003,1098.4601970642486
ghana,2004,1133.8446735968662
ghana,2005,1173.6454928250412
ghana,2006,1218.7507905857253
ghana,2007,1242.7018871451044
ghana,2008,1326.722399291889
ghana,2009,1359.8601798143204
ghana,2010,1433.9250722852134
ghana,2011,1597.9338810287957
ghana,2012,1707.4480824395416
ghana,2013,1792.6257946478995
ghana,2014,1823.7765008269562
ghana,2015,1853.9537474379172
ghana,2016,1887.5381025372128
ghana,2017,1997.3229743808674
ghana,2018,2076.9084534083872
greece,1,1094.8410431441393
greece,1833,1319.8201437745429
greece,1834,1403.9726317966024
greece,1835,1835.8981570526823
greece,1836,1774.9305381795577
greece,1837,1820.4415776200592
greece,1838,1914.898451930534
greece,1839,1734.571691883264
greece,1840,1659.0061924348843
greece,1841,1646.9844084317328
greece,1842,1682.191061583819
greece,1843,1419.4292112292255
greece,1844,1375.63556950346
greece,1845,1324.9723369187507
greece,1846,1452.0597678092076
greece,1847,1237.3850534672194
greece,1848,1334.418024349798
greece,1849,1366.1898820724125
greece,1850,1379.9290637902996
greece,1851,1690.7780501574985
greece,1852,1428.016199802905
greece,1853,1564.5493181244094
greece,1854,1638.3974198580534
greece,1855,1723.4086067374806
greece,1856,1508.7338923954926
greece,1857,1956.1159970841957
greece,1858,1886.5613896373916
greece,1859,1855.6482307721453
greece,1860,1824.735071906899
greece,1861,1942.3768153663086
greece,1862,1960.4094913710355
greece,1863,1750.8869701732551
greece,1864,1592.027681560184
greece,1865,1701.0824364459138
greece,1866,1622.9408404254302
greece,1867,1714.821618163801
greece,1868,1734.571691883264
greece,1869,1710.5281238769614
greece,1870,1664.1583855790918
greece,1871,1596.3211758470236
greece,1872,1550.8101364065221
greece,1873,1827.3111684790028
greece,1874,1728.5607998816884
greece,1875,1656.4300958627803
greece,1876,1649.5605050038366
greece,1877,1549.0927386917863
greece,1878,1704.5172318753857
greece,1879,1771.495742750086
greece,1880,1741.4412827422077
greece,1881,1691.6367490148664
greece,1882,1801.5502027579644
greece,1883,1795.5393107563887
greece,1884,2018.8010136720563
greece,1885,2177.6603022851273
greece,1886,2083.2034279746526
greece,1887,2156.1928308509287
greece,1888,2203.421268006166
greece,1889,2053.1489679667743
greece,1890,1938.0833210794688
greece,1891,1689.0606524427626
greece,1892,1762.9087541764065
greece,1893,1876.2570033489762
greece,1894,1917.4745485026378
greece,1895,1845.34384448373
greece,1896,2025.670604531
greece,1897,1720.8325101653768
greece,1898,1859.083026201617
greece,1899,1896.865775925807
greece,1900,1693.3541467296022
greece,1901,1622.9408404254302
greece,1902,2080.627331402549
greece,1903,2032.5401953899436
greece,1904,2145.029745705145
greece,1905,2198.2690748619584
greece,1906,2172.5081091409197
greece,1907,2202.562569148798
greece,1908,2189.6820862882787
greece,1909,2233.4757280140443
greece,1910,2225.747438297733
greece,1911,2774.4560081558543
greece,1912,2692.020917848531
greece,1913,1610.9190564222788
greece,1914,2055.725064538878
greece,1915,1564.5493181244094
greece,1916,1330.1245300629585
greece,1917,1160.9608551614717
greece,1918,1956.9746959415638
greece,1919,1744.0173793143115
greece,1920,1961.2681902284035
greece,1921,2625.0424069738306
greece,1922,2686.8687247043235
greece,1923,2721.2166789990415
greece,1924,2815.673553309516
greece,1925,2929.021802482086
greece,1926,2983.9785293536347
greece,1927,3038.935256225184
greece,1928,3057.8266310872787
greece,1929,3205.5228345545665
greece,1930,3090.4571876672608
greece,1931,2921.2935127657743
greece,1932,3133.3921305356585
greece,1933,3278.5122374308426
greece,1934,3309.425396296089
greece,1935,3394.4365831755163
greece,1936,3360.0886288807983
greece,1937,3790.296756422142
greece,1938,3664.0680243890533
greece,1939,3610.82869523224
greece,1940,3042.3700516546555
greece,1941,2564.933486958074
greece,1942,2161.345023995136
greece,1943,1816.1480833332196
greece,1944,1527.6252672575874
greece,1945,1283.754791765089
greece,1946,1896.865775925807
greece,1947,2412.9437892039464
greece,1948,2461.0309252165516
greece,1949,2558.0638960991305
greece,1950,2620.748912686991
greece,1951,2822.54314416846
greece,1952,2809.6626613079407
greece,1953,3160.870493971433
greece,1954,3227.8490048461335
greece,1955,3440.8063214733857
greece,1956,3703.568171827979
greece,1957,3913.0906930257593
greece,1958,4055.6347033488396
greece,1959,4161.254662805098
greece,1960,4306.374769700282
greece,1961,4643.843420645887
greece,1962,4788.963527541071
greece,1963,5256.954404806605
greece,1964,5668.271157485854
greece,1965,6171.468687903474
greece,1966,6500.3503502754
greece,1967,6776.851382347881
greece,1968,7207.918208746593
greece,1969,7892.301198068852
greece,1970,8501.11868794273
greece,1971,9067.00123494821
greece,1972,10128.353022655
greece,1973,10477.843457603756
greece,1974,10060.515812922931
greece,1975,10569.724235342128
greece,1976,11093.530538336578
greece,1977,11298.75956524752
greece,1978,11901.566163119822
greece,1979,12187.51288262335
greece,1980,12279.39366036172
greece,1981,12176.349797477566
greece,1982,12153.164928328632
greece,1983,12135.132252323905
greece,1984,12410.774585539017
greece,1985,12751.678031914094
greece,1986,12920.841706815581
greece,1987,12832.395724506681
greece,1988,13392.267379510587
greece,1989,13839.64948419929
greece,1990,13708.268559021993
greece,1991,14090.981537543
greece,1992,14208.000209111506
greece,1993,14023.681272206446
greece,1994,14361.127081762446
greece,1995,14725.137341560321
greece,1996,15215.763692445847
greece,1997,15961.748106267853
greece,1998,16640.47604839503
greece,1999,17239.718616659826
greece,2000,18002.906461
greece,2001,18817.353045582466
greece,2002,19659.01651979864
greece,2003,20935.135074364924
greece,2004,22137.58722787579
greece,2005,22404.76201752828
greece,2006,23812.67324337397
greece,2007,24750.20469173293
greece,2008,24823.20216637847
greece,2009,23906.088172490916
greece,2010,22770.516981664558
greece,2011,20908.458478052275
greece,2012,19486.453170250945
greece,2013,18992.701327264374
greece,2014,19186.76726902953
greece,2015,19270.91975705159
greece,2016,19384.26800622416
greece,2017,19714.971741701534
greece,2018,20137.14579686346
guatemala,1920,1089.6730036128972
guatemala,1921,1183.702971873379
guatemala,1922,1105.7924267432657
guatemala,1923,1203.5835937341667
guatemala,1924,1287.9419081164274
guatemala,1925,1250.3299208122348
guatemala,1926,1250.3299208122348
guatemala,1927,1318.0314979597815
guatemala,1928,1333.6136069858044
guatemala,1929,1473.315274115663
guatemala,1930,1521.1362294024223
guatemala,1931,1387.3450174203654
guatemala,1932,1182.0910295603423
guatemala,1933,1163.2850359082458
guatemala,1934,1294.9269914729205
guatemala,1935,1466.33019075917
guatemala,1936,1974.0920193657716
guatemala,1937,1889.1963908791652
guatemala,1938,1904.7784999051878
guatemala,1939,2104.1220326174093
guatemala,1940,2348.599950094662
guatemala,1941,2419.5254118682824
guatemala,1942,2398.032847694458
guatemala,1943,1571.6437552109096
guatemala,1944,1491.0466395590681
guatemala,1945,1483.5242420982295
guatemala,1946,1714.5693069668419
guatemala,1947,1691.4648004799806
guatemala,1948,1702.7483966712384
guatemala,1949,1808.0619611229781
guatemala,1950,1785.4947687404624
guatemala,1951,1753.2559224797258
guatemala,1952,1733.3753006189381
guatemala,1953,1740.3603839754312
guatemala,1954,1716.1812492798788
guatemala,1955,1703.285710775584
guatemala,1956,1798.390307244757
guatemala,1957,1839.763493279369
guatemala,1958,1864.4799420792672
guatemala,1959,1893.49490371393
guatemala,1960,1878.4501087922529
guatemala,1961,1897.793416548695
guatemala,1962,1903.7038716964967
guatemala,1963,2021.3756605481851
guatemala,1964,2049.3159939741568
guatemala,1965,2095.5250069478793
guatemala,1966,2166.9877828258454
guatemala,1967,2210.51022527784
guatemala,1968,2356.1223475555003
guatemala,1969,2416.3015272422085
guatemala,1970,2500.1225275201236
guatemala,1971,2579.645014963274
guatemala,1972,2706.451143588838
guatemala,1973,2823.585618336181
guatemala,1974,2934.272323831377
guatemala,1975,2922.4514135357736
guatemala,1976,3065.376965291706
guatemala,1977,3226.5711965953888
guatemala,1978,3307.705626351576
guatemala,1979,3384.0042291686523
guatemala,1980,3430.213242142375
guatemala,1981,3361.437036786137
guatemala,1982,3171.7651579521366
guatemala,1983,3000.8992727702325
guatemala,1984,2938.5708366661415
guatemala,1985,2843.4662401969686
guatemala,1986,2759.6452399190534
guatemala,1987,2739.2273039539205
guatemala,1988,2732.779534701773
guatemala,1989,2763.9437527538184
guatemala,1990,2775.2273489450763
guatemala,1991,2776.0601320754013
guatemala,1992,2849.698277836221
guatemala,1993,2892.3503789019965
guatemala,1994,2909.309355320405
guatemala,1995,2955.7875626604045
guatemala,1996,2961.624137118859
guatemala,1997,3009.6077911164143
guatemala,1998,3079.1568153489325
guatemala,1999,3129.791953257202
guatemala,2000,3148.8067471702466
guatemala,2001,3160.868266721776
guatemala,2002,3213.268374
guatemala,2003,3226.1116318419417
guatemala,2004,3261.600959776917
guatemala,2005,3293.9946062311155
guatemala,2006,3388.205273224889
guatemala,2007,3517.125088074128
guatemala,2008,3548.7890082432145
guatemala,2009,3486.4411213685466
guatemala,2010,3506.7577198936
guatemala,2011,3573.138793898307
guatemala,2012,3607.526896576426
guatemala,2013,3669.3180185761717
guatemala,2014,3750.989762436704
guatemala,2015,3835.348076818965
guatemala,2016,3879.9451474796506
guatemala,2017,3926.83628070884
guatemala,2018,3977.260576562564
guinea,1950,305.1417937750957
guinea,1951,318.0516388963498
guinea,1952,322.74612803135125
guinea,1953,330.37467287572866
guinea,1954,344.45814028073306
guinea,1955,350.9130628413601
guinea,1956,357.9547965438623
guinea,1957,364.9965302463645
guinea,1958,369.691019381366
guinea,1959,384.3612979282456
guinea,1960,393.75027619824857
guinea,1961,412.5282327382544
guinea,1962,434.82705612951145
guinea,1963,404.31287675200184
guinea,1964,422.5040221501326
guinea,1965,443.6292232576392
guinea,1966,445.3896566832648
guinea,1967,450.0841458182662
guinea,1968,455.3654460951429
guinea,1969,460.05993523014433
guinea,1970,466.5148577907714
guinea,1971,482.35875862140136
guinea,1972,484.7060031889021
guinea,1973,481.77194747952615
guinea,1974,497.61584831015614
guinea,1975,501.13671516140727
guinea,1976,531.0640833970416
guinea,1977,503.48395972890796
guinea,1978,526.3695942620402
guinea,1979,509.938882289535
guinea,1980,511.69931571516054
guinea,1981,504.0707708707832
guinea,1982,503.48395972890796
guinea,1983,498.7894705939065
guinea,1984,483.53238090515174
guinea,1985,481.77194747952615
guinea,1986,480.59832519577583
guinea,1987,484.7060031889021
guinea,1988,502.3103374451576
guinea,1989,509.938882289535
guinea,1990,505.24439315453355
guinea,1991,485.2968633276562
guinea,1992,488.94676994900567
guinea,1993,506.2603392844621
guinea,1994,517.8575465624555
guinea,1995,531.8060474048286
guinea,1996,544.0499205611685
guinea,1997,573.0190848832349
guinea,1998,593.143949037187
guinea,1999,605.226742535082
guinea,2000,614.137235
guinea,2001,640.0067455084534
guinea,2002,673.9788269016907
guinea,2003,672.6823263648317
guinea,2004,680.5982326253854
guinea,2005,696.3129176425746
guinea,2006,697.4160052270714
guinea,2007,735.5136036721482
guinea,2008,757.2232686769626
guinea,2009,736.5899326685757
guinea,2010,757.9817220778363
guinea,2011,790.434608105873
guinea,2012,819.7751651996323
guinea,2013,833.8586326046367
guinea,2014,820.9487874833826
guinea,2015,800.4103975177511
guinea,2016,831.5113880371359
guinea,2017,916.896751582425
guinea,2018,942.6924999303446
guinea-bissau,1950,217.52193777605135
guinea-bissau,1951,230.23425881491147
guinea-bissau,1952,242.94657985377162
guinea-bissau,1953,257.54220771320365
guinea-bissau,1954,306.97901175321533
guinea-bissau,1955,292.8542105989263
guinea-bissau,1956,330.9911737155067
guinea-bissau,1957,350.2950686263684
guinea-bissau,1958,358.7699493189418
guinea-bissau,1959,360.1824294343707
guinea-bissau,1960,376.66136411437463
guinea-bissau,1961,400.673526076666
guinea-bissau,1962,423.27320792352845
guinea-bissau,1963,438.81048919324644
guinea-bissau,1964,483.5390261818284
guinea-bissau,1965,516.4968955418362
guinea-bissau,1966,548.513111491558
guinea-bissau,1967,580.0585007361369
guinea-bissau,1968,597.9499155315697
guinea-bissau,1969,627.6119979555767
guinea-bissau,1970,656.8032536744407
guinea-bissau,1971,627.6119979555767
guinea-bissau,1972,664.8073076618712
guinea-bissau,1973,664.3364809567282
guinea-bissau,1974,686.4653360984478
guinea-bissau,1975,696.3526969064501
guinea-bissau,1976,679.4029355213032
guinea-bissau,1977,620.0787706732892
guinea-bissau,1978,689.7611230344485
guinea-bissau,1979,691.1736031498774
guinea-bissau,1980,568.2878331075627
guinea-bissau,1981,552.2797251327017
guinea-bissau,1982,562.6379126458471
guinea-bissau,1983,531.5633501064111
guinea-bissau,1984,547.1006313761292
guinea-bissau,1985,557.4588188892744
guinea-bissau,1986,539.5674040938417
guinea-bissau,1987,556.9879921841315
guinea-bissau,1988,581.4709808515659
guinea-bissau,1989,592.770821774997
guinea-bissau,1990,597.9499155315697
guinea-bissau,1991,603.9429744959936
guinea-bissau,1992,606.0841531029722
guinea-bissau,1993,602.8192053161583
guinea-bissau,1994,604.9779457592388
guinea-bissau,1995,616.8711695791617
guinea-bissau,1996,629.7154633434734
guinea-bissau,1997,653.5558206410581
guinea-bissau,1998,532.4168176748238
guinea-bissau,1999,591.3971848627424
guinea-bissau,2000,579.4184589131655
guinea-bissau,2001,580.5632269640502
guinea-bissau,2002,563.2182065599358
guinea-bissau,2003,556.4905637701479
guinea-bissau,2004,562.482916494514
guinea-bissau,2005,577.4976272041938
guinea-bissau,2006,580.9122037179021
guinea-bissau,2007,589.7452422850779
guinea-bissau,2008,598.290229074047
guinea-bissau,2009,608.3218982671757
guinea-bissau,2010,625.904027
guinea-bissau,2011,665.2781343670141
guinea-bissau,2012,640.7951456995798
guinea-bissau,2013,648.7991996870103
guinea-bissau,2014,637.970185468722
guinea-bissau,2015,655.8616002641547
guinea-bissau,2016,676.1071485853024
guinea-bissau,2017,698.221549347174
guinea-bissau,2018,706.9056183448425
haiti,1945,1591.6306043804518
haiti,1946,1588.05390639308
haiti,1947,1596.1014768646667
haiti,1948,1595.2073023678236
haiti,1949,1593.4189533741378
haiti,1950,1600.5723493488813
haiti,1951,1598.7840003551955
haiti,1952,1663.1645641278878
haiti,1953,1583.5830339088652
haiti,1954,1684.6247520521188
haiti,1955,1588.05390639308
haiti,1956,1696.249020511077
haiti,1957,1566.5937184688491
haiti,1958,1658.6936916436732
haiti,1959,1550.4985775256762
haiti,1960,1617.5616647888974
haiti,1961,1521.8849936267018
haiti,1962,1634.5509802289134
haiti,1963,1497.742282211942
haiti,1964,1434.2558929360926
haiti,1965,1419.9491009866053
haiti,1966,1382.3937721192015
haiti,1967,1325.1666043212526
haiti,1968,1350.2034902328553
haiti,1969,1365.4044566791854
haiti,1970,1401.1714365529033
haiti,1971,1476.2820942877113
haiti,1972,1461.975302338224
haiti,1973,1500.4248057024708
haiti,1974,1557.6519735004197
haiti,1975,1543.3451815509325
haiti,1976,1640.810201706814
haiti,1977,1616.6674902920545
haiti,1978,1662.270389631045
haiti,1979,1751.68783931534
haiti,1980,1844.681986987007
haiti,1981,1756.1587117995548
haiti,1982,1658.6936916436732
haiti,1983,1640.810201706814
haiti,1984,1612.1966178078396
haiti,1985,1588.05390639308
haiti,1986,1546.0277050414613
haiti,1987,1504.0015036898426
haiti,1988,1520.9908191298587
haiti,1989,1447.6685103887369
haiti,1990,1432.4675439424066
haiti,1991,1456.3588134886543
haiti,1992,1373.4258278380146
haiti,1993,1290.4554656934067
haiti,1994,1128.7496412386893
haiti,1995,1232.6568309745255
haiti,1996,1275.461768895445
haiti,1997,1302.1272148181474
haiti,1998,1323.8941045947954
haiti,1999,1353.1827008214366
haiti,2000,1359.7972672443825
haiti,2001,1342.247572647195
haiti,2002,1336.060958138438
haiti,2003,1337.5885658488446
haiti,2004,1286.902821
haiti,2005,1307.104279485025
haiti,2006,1335.0366812523043
haiti,2007,1378.609089143864
haiti,2008,1390.882349452631
haiti,2009,1434.3566664018867
haiti,2010,1391.8276707306934
haiti,2011,1473.5995707971824
haiti,2012,1496.848107715099
haiti,2013,1539.7684835635607
haiti,2014,1563.9111949783203
haiti,2015,1557.6519735004197
haiti,2016,1545.1335305446185
haiti,2017,1542.993234468975
haiti,2018,1546.066333379725
honduras,1920,967.4239658801133
honduras,1921,951.1107360006837
honduras,1922,994.6126823458294
honduras,1923,951.1107360006837
honduras,1924,866.5785448072758
honduras,1925,1009.442891327129
honduras,1926,984.2315360589196
honduras,1927,1068.269386952951
honduras,1928,1175.0468916183083
honduras,1929,1138.4657094644358
honduras,1930,1187.4053991027247
honduras,1931,1187.4053991027247
honduras,1932,1042.5636913853648
honduras,1933,959.0201807907102
honduras,1934,919.4729568405778
honduras,1935,862.1294821128859
honduras,1936,860.646461214756
honduras,1937,806.7633685827005
honduras,1938,839.3898283415598
honduras,1939,847.2992731315862
honduras,1940,880.9144134891988
honduras,1941,863.6125030110159
honduras,1942,769.6878461294515
honduras,1943,765.2387834350616
honduras,1944,763.7557625369316
honduras,1945,925.8993807324744
honduras,1946,973.3560494726332
honduras,1947,1012.4089331233889
honduras,1948,1010.9259122252589
honduras,1949,995.107022645206
honduras,1950,997.5787241420893
honduras,1951,1021.3070585121687
honduras,1952,1029.710843601572
honduras,1953,1079.639213838614
honduras,1954,987.1975778551795
honduras,1955,981.7598345620363
honduras,1956,1028.227822703442
honduras,1957,1041.5750107866115
honduras,1958,1041.0806704872348
honduras,1959,1033.1712256972085
honduras,1960,1061.3486227616777
honduras,1961,1052.9448376722746
honduras,1962,1074.6958108448475
honduras,1963,1076.1788317429773
honduras,1964,1091.9977213230304
honduras,1965,1143.903452757579
honduras,1966,1168.6204677264118
honduras,1967,1191.360121497738
honduras,1968,1217.5601573647007
honduras,1969,1184.4393573064647
honduras,1970,1181.9676558095814
honduras,1971,1188.394079701478
honduras,1972,1210.1450528740509
honduras,1973,1257.6017216142097
honduras,1974,1382.6698173565032
honduras,1975,1366.3565874770736
honduras,1976,1460.281244358638
honduras,1977,1558.6549639345924
honduras,1978,1654.0626417142869
honduras,1979,1671.8588924918463
honduras,1980,1622.424862554181
honduras,1981,1597.2135072859714
honduras,1982,1520.59076088259
honduras,1983,1456.8208622630016
honduras,1984,1467.2020085499114
honduras,1985,1474.1227727411845
honduras,1986,1432.5981875935454
honduras,1987,1468.1906891486647
honduras,1988,1487.469960824354
honduras,1989,1505.2662116019137
honduras,1990,1463.2472861548981
honduras,1991,1479.6218142314503
honduras,1992,1529.7596858873683
honduras,1993,1590.233669428923
honduras,1994,1535.4071283355072
honduras,1995,1564.006840317734
honduras,1996,1586.9659811819834
honduras,1997,1632.9382448711738
honduras,1998,1647.5900958724585
honduras,1999,1589.3953671492397
honduras,2000,1648.9785494713176
honduras,2001,1663.5702886921981
honduras,2002,1696.205745444506
honduras,2003,1743.5984465499253
honduras,2004,1822.4680190480037
honduras,2005,1903.731879352083
honduras,2006,1999.753626651663
honduras,2007,2094.669139229298
honduras,2008,2154.7121568978555
honduras,2009,2076.308599
honduras,2010,2128.5759403635425
honduras,2011,2185.4784635441906
honduras,2012,2233.4294725837262
honduras,2013,2254.686105456922
honduras,2014,2283.852183120145
honduras,2015,2326.365448866537
honduras,2016,2370.8560758104363
honduras,2017,2442.683276403595
honduras,2018,2492.2835529839404
hungary,1870,1190.7528988353513
hungary,1890,1605.909136395982
hungary,1900,1833.6637115322094
hungary,1910,2180.425181784664
hungary,1913,2287.121018785419
hungary,1920,1863.0734614747253
hungary,1924,2084.6725075532167
hungary,1925,2484.781896306049
hungary,1926,2356.883681439759
hungary,1927,2438.957402209571
hungary,1928,2632.5145936917097
hungary,1929,2699.5414656537228
hungary,1930,2620.8874832493198
hungary,1931,2472.470838190577
hungary,1932,2389.713169747684
hungary,1933,2588.0579949413955
hungary,1934,2583.954308902905
hungary,1935,2694.0698842690686
hungary,1936,2854.1136397702016
hungary,1937,2772.03991900039
hungary,1938,2894.4665524820257
hungary,1939,3094.179273021901
hungary,1940,2863.0049595202645
hungary,1941,2863.0049595202645
hungary,1942,2990.2192267134724
hungary,1946,1876.0684672632788
hungary,1947,1934.2040194752287
hungary,1948,2398.6044894977467
hungary,1949,2566.1716694027787
hungary,1950,2703.6451516922134
hungary,1951,2938.2392035592584
hungary,1952,3011.421604579007
hungary,1953,3037.411616156114
hungary,1954,3107.1742788104543
hungary,1955,3347.2399120621535
hungary,1956,3168.045621714731
hungary,1957,3454.61969673599
hungary,1958,3670.747161429828
hungary,1959,3797.9614286230358
hungary,1960,3977.8396666435397
hungary,1961,4160.453695356371
hungary,1962,4319.12955551134
hungary,1963,4544.148339955241
hungary,1964,4783.530025533858
hungary,1965,4807.46819409172
hungary,1966,5065.316466843545
hungary,1967,5335.475797710841
hungary,1968,5379.248448788075
hungary,1969,5518.773774096754
hungary,1970,5481.840599750339
hungary,1971,5710.279122559648
hungary,1972,5816.9749595604035
hungary,1973,6100.813243889335
hungary,1974,6231.447249447952
hungary,1975,6328.567819025563
hungary,1976,6313.520970217764
hungary,1977,6678.749027643426
hungary,1978,6816.906457605943
hungary,1979,6814.854614586698
hungary,1980,6875.042009817893
hungary,1981,6923.602294606698
hungary,1982,7176.6629336469505
hungary,1983,7113.739747723428
hungary,1984,7315.504311282549
hungary,1985,7148.621079050598
hungary,1986,7303.193253167076
hungary,1987,7428.355677341039
hungary,1988,7665.00157222733
hungary,1989,7525.47624691865
hungary,1990,7041.925242049843
hungary,1991,6330.557833175162
hungary,1992,6260.80283073476
hungary,1993,6356.9270253422255
hungary,1994,6683.689523659932
hungary,1995,6931.696062975179
hungary,1996,7085.138013561891
hungary,1997,7483.9783374073195
hungary,1998,7976.901203661298
hungary,1999,8423.994719790318
hungary,2000,8979.735786
hungary,2001,9529.82682887712
hungary,2002,10190.345874417468
hungary,2003,10826.82320172225
hungary,2004,11626.430256429108
hungary,2005,12407.23305899656
hungary,2006,13168.087706941375
hungary,2007,13517.39866054001
hungary,2008,13939.285695546205
hungary,2009,13310.353747365627
hungary,2010,13703.804495152404
hungary,2011,14284.931099985724
hungary,2012,14110.524443349874
hungary,2013,14449.078541525349
hungary,2014,15074.20671472208
hungary,2015,15585.79957418724
hungary,2016,15921.617881670385
hungary,2017,16654.097250528223
hungary,2018,17524.662850395805
iceland,1950,11235.233699504763
iceland,1951,10682.594527182688
iceland,1952,11664.917266501592
iceland,1953,11748.209773334824
iceland,1954,12488.587611852436
iceland,1955,13347.954745846091
iceland,1956,13648.072191102337
iceland,1957,13325.47899003395
iceland,1958,13971.987495453794
iceland,1959,14149.149335384793
iceland,1960,14488.929879133055
iceland,1961,14183.52402074454
iceland,1962,15118.251041873025
iceland,1963,16349.129198408555
iceland,1964,17697.674547137063
iceland,1965,18641.656291247018
iceland,1966,19908.231236425363
iceland,1967,19358.236270669422
iceland,1968,18044.06560730066
iceland,1969,18350.793568972244
iceland,1970,19606.79168788605
iceland,1971,21954.847118613332
iceland,1972,22959.64561374438
iceland,1973,24164.081704618562
iceland,1974,25191.35595556175
iceland,1975,25034.025664876757
iceland,1976,26279.446957526026
iceland,1977,28378.946971036683
iceland,1978,29851.770028373507
iceland,1979,30994.067264943536
iceland,1980,32428.549327071407
iceland,1981,33428.059409070185
iceland,1982,33683.22534270215
iceland,1983,32530.35127986758
iceland,1984,33524.57294873409
iceland,1985,34361.4643269156
iceland,1986,36277.191984079924
iceland,1987,39102.52669999446
iceland,1988,38253.73639226533
iceland,1989,37880.90326644039
iceland,1990,38023.69042101165
iceland,1991,37360.01678424709
iceland,1992,35510.744780816465
iceland,1993,35477.05666369162
iceland,1994,36302.05664831424
iceland,1995,36008.584623
iceland,1996,37386.155162784315
iceland,1997,39582.63898809666
iceland,1998,41573.03004838629
iceland,1999,42554.44727916662
iceland,2000,43772.58022784305
iceland,2001,44679.75527760406
iceland,2002,44251.451060962456
iceland,2003,44846.68033623493
iceland,2004,47872.3602375697
iceland,2005,50086.63613560359
iceland,2006,51174.93351789036
iceland,2007,54353.19207071078
iceland,2008,53955.337875833124
iceland,2009,49845.74111701938
iceland,2010,47956.238568367655
iceland,2011,48574.07461988762
iceland,2012,48904.60044065441
iceland,2013,50581.027403583576
iceland,2014,50984.26890491906
iceland,2015,52523.19712640924
iceland,2016,55640.716667881614
iceland,2017,56821.66546172179
iceland,2018,57430.23793216828
india,1600,341.87505502296364
india,1650,321.5897471695441
india,1700,314.2870363423131
india,1750,288.862783832694
india,1801,279.3963068344315
india,1811,265.8727682654852
india,1821,253.43111278205456
india,1831,255.59487895308595
india,1841,255.32440818170704
india,1850,256.1358204958438
india,1851,256.1358204958438
india,1861,242.34181115551854
india,1870,229.9001556720879
india,1884,237.47333727069787
india,1885,244.50557732654997
india,1886,236.39145418518214
india,1887,246.66934349758137
india,1888,248.29216812585494
india,1889,240.9894572986239
india,1890,251.80828815378098
india,1891,228.0068602724354
india,1892,246.12840195482352
india,1893,251.80828815378098
india,1894,255.32440818170704
india,1895,248.8331096686128
india,1896,229.9001556720879
india,1897,271.55265446444264
india,1898,271.55265446444264
india,1899,250.18546352550743
india,1900,258.29958666687526
india,1901,262.08617746618023
india,1902,282.37148531959974
india,1903,284.53525149063114
india,1904,283.9943099478733
india,1905,277.23254066340013
india,1906,283.1828976337365
india,1907,264.79088517996945
india,1908,266.9546513510009
india,1909,301.8453808588825
india,1910,300.49302700198785
india,1911,297.7883192881986
india,1912,296.97690697406176
india,1913,290.21513768958863
india,1914,305.63197165818747
india,1915,297.7883192881986
india,1916,306.1729132009453
india,1917,300.49302700198785
india,1918,261.8157066948013
india,1919,297.51784851681964
india,1920,273.7164206354741
india,1921,292.64937463199897
india,1922,302.1158516302614
india,1923,289.4037253754518
india,1924,300.49302700198785
india,1925,301.0339685447457
india,1926,307.5252670578399
india,1927,304.27961780129283
india,1928,304.27961780129283
india,1929,313.74609479955524
india,1930,312.9346824854185
india,1931,306.4433839723242
india,1932,305.63197165818747
india,1933,301.8453808588825
india,1934,300.49302700198785
india,1935,293.1903161747568
india,1936,300.49302700198785
india,1937,291.56749154648327
india,1938,288.0513715185572
india,1939,290.4856084609675
india,1940,295.6245531171671
india,1941,297.7883192881986
india,1942,292.64937463199897
india,1943,301.0339685447457
india,1944,294.5426700316514
india,1945,286.1580761189047
india,1946,268.0365344365166
india,1947,266.413709808243
india,1948,265.8727682654852
india,1949,269.1184175220323
india,1950,266.9546513510009
india,1951,268.5774759792745
india,1952,271.2821836930637
india,1953,283.1828976337365
india,1954,289.67419614683075
india,1955,291.56749154648327
india,1956,302.1158516302614
india,1957,293.1903161747568
india,1958,308.6071501433556
india,1959,309.1480916861135
india,1960,324.56492565471234
india,1961,326.72869182574374
india,1962,326.72869182574374
india,1963,335.92469805262726
india,1964,354.0462397350154
india,1965,332.4085780247012
india,1966,328.62198722539625
india,1967,347.82541199330007
india,1968,348.90729507881576
india,1969,364.3241290474146
india,1970,374.3315475884349
india,1971,368.92213216085634
india,1972,359.4556551625939
india,1973,367.84024907534064
india,1974,363.5127167332778
india,1975,386.7732030718655
india,1976,383.2570830439395
india,1977,404.08333244011686
india,1978,416.5249879235475
india,1979,385.96179075772875
india,1980,404.3538032114958
india,1981,421.1229910369893
india,1982,424.6391110649153
india,1983,449.7928928031555
india,1984,457.09560363038656
india,1985,465.20972677175433
india,1986,474.6762037700168
india,1987,484.954093082416
india,1988,524.1723549323605
india,1989,547.4328412709482
india,1990,564.4724998678205
india,1991,557.7946306166291
india,1992,572.1153006429834
india,1993,588.6601059165409
india,1994,609.8842448644939
india,1995,637.2191840443652
india,1996,669.5688136080645
india,1997,679.9693884623612
india,1998,706.4105299311337
india,1999,732.3646887760385
india,2000,744.6291588571388
india,2001,767.5569661469304
india,2002,776.5009206619659
india,2003,821.1283004216403
india,2004,868.890328233288
india,2005,918.6941939922294
india,2006,981.6496198682397
india,2007,1046.910917258564
india,2008,1090.174204729866
india,2009,1155.101633
india,2010,1224.0818764497074
india,2011,1289.6046379347238
india,2012,1333.9618444408677
india,2013,1398.87482957181
india,2014,1476.2294701861833
india,2015,1567.1076493695027
india,2016,1656.6334746959276
india,2017,1744.2966760081742
india,2018,1840.9589267315862
indonesia,1815,269.91776328026367
indonesia,1816,292.6655496196066
indonesia,1817,288.93083842956526
indonesia,1818,283.15901204495583
indonesia,1819,283.4985312440505
indonesia,1820,280.78237765129313
indonesia,1821,284.17756964223986
indonesia,1822,283.4985312440505
indonesia,1823,284.17756964223986
indonesia,1824,269.91776328026367
indonesia,1825,277.7267048594411
indonesia,1826,294.36314561508
indonesia,1827,296.7397800087427
indonesia,1828,291.30747282322795
indonesia,1829,283.15901204495583
indonesia,1830,279.08478165581977
indonesia,1831,275.3500704657784
indonesia,1832,275.3500704657784
indonesia,1833,285.1961272395239
indonesia,1834,294.36314561508
indonesia,1835,284.5170888413345
indonesia,1836,278.74526245672513
indonesia,1837,292.6655496196066
indonesia,1838,291.6469920223226
indonesia,1839,286.21468483680786
indonesia,1840,299.7954528005947
indonesia,1841,297.7583376060267
indonesia,1842,298.09785680512135
indonesia,1843,292.326030420512
indonesia,1844,282.4799736467665
indonesia,1845,265.8435328911276
indonesia,1846,257.6950721128555
indonesia,1847,253.96036092281412
indonesia,1848,263.1273792983702
indonesia,1849,253.28132252462476
indonesia,1850,245.811900144542
indonesia,1851,252.60228412643542
indonesia,1852,243.4352657508793
indonesia,1853,252.26276492734075
indonesia,1854,241.39815055631126
indonesia,1855,253.28132252462476
indonesia,1856,270.596801678453
indonesia,1857,259.39266810832885
indonesia,1858,276.70814726215707
indonesia,1859,277.04766646125177
indonesia,1860,278.06622405853574
indonesia,1861,279.7638200540091
indonesia,1862,261.42978330289685
indonesia,1863,262.4483409001809
indonesia,1864,259.39266810832885
indonesia,1865,266.18305209022225
indonesia,1866,271.61535927573703
indonesia,1867,280.44285845219844
indonesia,1868,271.61535927573703
indonesia,1869,267.2016096875063
indonesia,1870,275.0105512666837
indonesia,1871,275.3500704657784
indonesia,1872,281.80093524857716
indonesia,1873,276.02910886396774
indonesia,1874,272.29439767392637
indonesia,1875,282.4799736467665
indonesia,1876,280.78237765129313
indonesia,1877,284.5170888413345
indonesia,1878,293.34458801779596
indonesia,1879,291.6469920223226
indonesia,1880,353.4394862575528
indonesia,1881,372.4525614068544
indonesia,1882,357.8532358457835
indonesia,1883,349.7047750675114
indonesia,1884,376.18727259689575
indonesia,1885,376.18727259689575
indonesia,1886,369.736407814097
indonesia,1887,370.0759270131917
indonesia,1888,367.02025422133966
indonesia,1889,363.28554303129823
indonesia,1890,349.7047750675114
indonesia,1891,356.15563985031014
indonesia,1892,367.02025422133966
indonesia,1893,374.4896766014224
indonesia,1894,375.5082341987064
indonesia,1895,372.4525614068544
indonesia,1896,370.754965411381
indonesia,1897,370.754965411381
indonesia,1898,368.0388118186236
indonesia,1899,382.6381373796945
indonesia,1900,390.78659815796664
indonesia,1901,380.6010221851265
indonesia,1902,369.05736941590766
indonesia,1903,385.3542909724519
indonesia,1904,386.3728485697359
indonesia,1905,387.0518869679252
indonesia,1906,392.82371335253464
indonesia,1907,398.93505893623876
indonesia,1908,393.84227094981867
indonesia,1909,409.1206349090789
indonesia,1910,429.1522676556645
indonesia,1911,444.43063161492466
indonesia,1912,446.4677468094927
indonesia,1913,462.0856299678476
indonesia,1914,456.65332278233285
indonesia,1915,458.0113995787115
indonesia,1916,456.31380358323815
indonesia,1917,452.5790923931968
indonesia,1918,461.06707237056355
indonesia,1919,498.41418427097744
indonesia,1920,478.38255152439183
indonesia,1921,473.62928273706643
indonesia,1922,481.09870511714917
indonesia,1923,484.8334163071906
indonesia,1924,504.5255298546815
indonesia,1925,508.2602410447229
indonesia,1926,531.3475465831606
indonesia,1927,558.5090825107342
indonesia,1928,572.0898504745211
indonesia,1929,577.8616768591305
indonesia,1930,578.5407152573198
indonesia,1931,532.3661041804445
indonesia,1932,502.82793385920814
indonesia,1933,499.0932226691668
indonesia,1934,497.3956266736934
indonesia,1935,501.8093762619241
indonesia,1936,523.8781242030777
indonesia,1937,575.1455232663732
indonesia,1938,561.9042745016809
indonesia,1939,556.4719673161662
indonesia,1940,599.5909056011894
indonesia,1941,613.8507119631656
indonesia,1949,393.502751750724
indonesia,1950,434.58457484117923
indonesia,1951,460.3880339723742
indonesia,1952,475.66639793163444
indonesia,1953,492.642357886368
indonesia,1954,515.0506250266163
indonesia,1955,521.8410090085098
indonesia,1956,520.482932212131
indonesia,1957,547.6444681397047
indonesia,1958,519.4643746148471
indonesia,1959,533.0451425786339
indonesia,1960,547.6444681397047
indonesia,1961,573.7874464699944
indonesia,1962,561.2252361034916
indonesia,1963,528.6313929904031
indonesia,1964,537.4588921668646
indonesia,1965,532.0265849813499
indonesia,1966,521.1619706103204
indonesia,1967,499.0932226691668
indonesia,1968,536.4403345695806
indonesia,1969,590.4238872256333
indonesia,1970,638.9751326961713
indonesia,1971,660.7043614382303
indonesia,1972,718.7621444834191
indonesia,1973,806.3580978498443
indonesia,1974,828.0873265919032
indonesia,1975,810.0928090398857
indonesia,1976,861.0206889040863
indonesia,1977,906.5162615827722
indonesia,1978,925.8688559311686
indonesia,1979,954.0489494560262
indonesia,1980,1012.106732501215
indonesia,1981,1058.9603819762797
indonesia,1982,998.5259645374282
indonesia,1983,1016.5204820894457
indonesia,1984,1064.0531699626997
indonesia,1985,1067.1088427545517
indonesia,1986,1109.8882618404803
indonesia,1987,1144.1797009490422
indonesia,1988,1188.3171968313495
indonesia,1989,1272.1784390077332
indonesia,1990,1360.4534307723477
indonesia,1991,1463.591860083009
indonesia,1992,1540.1982560131376
indonesia,1993,1642.298944891766
indonesia,1994,1745.1371713265876
indonesia,1995,1865.6253033263458
indonesia,1996,1986.627161826254
indonesia,1997,2056.0768325586664
indonesia,1998,1766.71511031353
indonesia,1999,1760.988779501599
indonesia,2000,1828.10266
indonesia,2001,1876.23310537518
indonesia,2002,1942.1455292837445
indonesia,2003,2016.3630341771234
indonesia,2004,2098.5376128762446
indonesia,2005,2200.767556713968
indonesia,2006,2302.831237999895
indonesia,2007,2430.0452453337184
indonesia,2008,2591.6063389728356
indonesia,2009,2694.371500876012
indonesia,2010,2847.355083324961
indonesia,2011,3004.405392788746
indonesia,2012,3152.435763594023
indonesia,2013,3294.3547888155954
indonesia,2014,3425.748718865233
indonesia,2015,3559.5192833085334
indonesia,2016,3704.493981321958
indonesia,2017,3858.484034484703
indonesia,2018,4023.8923220245215
iran,1,476.23390600546105
iran,1820,374.24474513153166
iran,1870,407.9566434957175
iran,1913,544.0844356245186
iran,1950,1170.1015862607296
iran,1951,1138.523352349973
iran,1952,1108.2253171112745
iran,1953,1080.0609463260053
iran,1954,1051.4698426500502
iran,1955,1022.8787389740951
iran,1956,1084.3282752328641
iran,1957,1202.1065530621718
iran,1958,1304.522446826787
iran,1959,1376.6403053527038
iran,1960,1466.680945287428
iran,1961,1545.6265300643188
iran,1962,1530.2641459996266
iran,1963,1650.1760882823637
iran,1964,1718.0266179014213
iran,1965,1872.503924329716
iran,1966,1999.6703257541133
iran,1967,2160.1218926520105
iran,1968,2414.881428391491
iran,1969,2650.8647169407923
iran,1970,2849.295511109734
iran,1971,3113.4431704443045
iran,1972,3519.2661494865924
iran,1973,3715.136546311419
iran,1974,3930.2099232171113
iran,1975,4001.474315961656
iran,1976,4551.106279165091
iran,1977,4354.809149449578
iran,1978,3716.8434778741625
iran,1979,3276.4551346863173
iran,1980,2702.9261296044715
iran,1981,2512.1765274678755
iran,1982,2788.699440632337
iran,1983,3033.217386995356
iran,1984,2966.22032315767
iran,1985,2924.400499870452
iran,1986,2553.5696178644075
iran,1987,2437.9250044885293
iran,1988,2239.9209432102734
iran,1989,2262.9645193073115
iran,1990,2398.238845654741
iran,1991,2722.790502992611
iran,1992,3002.627082399826
iran,1993,2950.7583396362916
iran,1994,2937.930578249117
iran,1995,3027.1299996364323
iran,1996,3305.6475050052486
iran,1997,3462.3929820941166
iran,1998,3609.4716790102775
iran,1999,3718.81780026621
iran,2000,3885.301834
iran,2001,4105.437841900922
iran,2002,4466.771314018572
iran,2003,4908.6453704386295
iran,2004,5293.332909504582
iran,2005,5594.528920982454
iran,2006,6053.527512266002
iran,2007,6600.323451351229
iran,2008,6716.768828996478
iran,2009,7073.128003827271
iran,2010,7575.076705805596
iran,2011,7691.433621722607
iran,2012,7145.642254535345
iran,2013,6933.556007864454
iran,2014,7038.105566082499
iran,2015,6935.689672317883
iran,2016,7161.858104381409
iran,2017,7547.541339301199
iran,2018,7259.28301560314
iraq,1,921.9259284272163
iraq,730,1211.06040418844
iraq,1000,1079.7107423426269
iraq,1120,895.4907763576186
iraq,1820,724.4883864074092
iraq,1870,789.7501680792283
iraq,1913,1053.2755902730294
iraq,1950,1795.9381437282868
iraq,1951,1902.5048505088523
iraq,1952,2050.3764823981637
iraq,1953,2803.7783163816953
iraq,1954,3243.2627195387554
iraq,1955,3025.99881346675
iraq,1956,3145.7830962821145
iraq,1957,3028.477108973275
iraq,1958,3282.9154476431518
iraq,1959,3322.568175747548
iraq,1960,3601.7894694826728
iraq,1961,3899.184930265646
iraq,1962,3972.707696959214
iraq,1963,3781.8789429568064
iraq,1964,4101.579063298503
iraq,1965,4329.582249898782
iraq,1966,4409.71380460975
iraq,1967,4166.014746468147
iraq,1968,4745.935894994944
iraq,1969,4745.935894994944
iraq,1970,4573.281308040385
iraq,1971,4697.1960833666235
iraq,1972,4375.843766020577
iraq,1973,4941.721240010401
iraq,1974,5036.722567760517
iraq,1975,5681.905497959134
iraq,1976,6614.570706914625
iraq,1977,6573.265781805878
iraq,1978,7496.843907237444
iraq,1979,8896.254769921767
iraq,1980,8397.291274608113
iraq,1981,6637.701464975522
iraq,1982,6364.262860755622
iraq,1983,5621.600307300365
iraq,1984,5446.46742483928
iraq,1985,5177.9854116324295
iraq,1986,4949.98222503215
iraq,1987,4999.548135162646
iraq,1988,3828.966557580777
iraq,1989,3385.3516619128427
iraq,1990,3236.653931521356
iraq,1991,1254.630574
iraq,1992,1690.34697666894
iraq,1993,1761.5578240943216
iraq,1994,1741.860083578912
iraq,1995,1649.6590645314682
iraq,1996,1931.0240012698864
iraq,1997,1931.3752583530113
iraq,1998,2308.768941548701
iraq,1999,2608.085907447733
iraq,2000,3014.8406183880234
iraq,2001,3426.3662133980747
iraq,2002,3826.201192844747
iraq,2003,3124.678427407651
iraq,2004,5007.441175911526
iraq,2005,5321.239318114284
iraq,2006,5879.849851410026
iraq,2007,6268.109703863924
iraq,2008,7093.926506449607
iraq,2009,7656.866787214946
iraq,2010,8487.608871680448
iraq,2011,9486.915198976838
iraq,2012,10451.79824951715
iraq,2013,10869.804091617663
iraq,2014,10588.104502376013
iraq,2015,10750.845907304474
iraq,2016,11481.116983227108
iraq,2017,10913.803997870054
iraq,2018,10603.64556305803
ireland,1820,1534.6416564111084
ireland,1870,3105.508759647372
ireland,1913,4787.247684984867
ireland,1921,4432.677402423502
ireland,1922,4545.744706150501
ireland,1923,4506.2260368866955
ireland,1924,4495.24862875786
ireland,1925,4501.835073635161
ireland,1926,4500.737332822278
ireland,1927,4642.345897684248
ireland,1928,4789.443166610634
ireland,1929,4940.931398788554
ireland,1930,5069.367073895922
ireland,1931,5199.998230629057
ireland,1932,5048.509998451136
ireland,1933,4899.217247898982
ireland,1934,5043.021294386718
ireland,1935,5190.118563313105
ireland,1936,5340.509054678142
ireland,1937,5173.652451119853
ireland,1938,5340.509054678142
ireland,1939,5340.509054678142
ireland,1940,5340.509054678142
ireland,1941,5340.509054678142
ireland,1942,5340.509054678142
ireland,1943,5340.509054678142
ireland,1944,5340.509054678142
ireland,1945,5282.328791595318
ireland,1946,5340.509054678142
ireland,1947,5410.764466702685
ireland,1948,5652.267445537052
ireland,1949,5956.3416507057755
ireland,1950,6041.965434110687
ireland,1951,6201.137851978792
ireland,1952,6372.385418788615
ireland,1953,6556.80587535304
ireland,1954,6639.1364363193015
ireland,1955,6858.6845988959985
ireland,1956,6819.165929632193
ireland,1957,6848.804931580047
ireland,1958,6771.963074678203
ireland,1959,7066.157612530977
ireland,1960,7492.081047929768
ireland,1961,7888.365481380705
ireland,1962,8112.3046072089355
ireland,1963,8436.138147009562
ireland,1964,8724.84398079792
ireland,1965,8837.911284524916
ireland,1966,8888.407361917558
ireland,1967,9364.82687470899
ireland,1968,10095.922256089389
ireland,1969,10654.67232984708
ireland,1970,10846.77697210169
ireland,1971,11117.91895288391
ireland,1972,11659.105173635468
ireland,1973,12015.8709378226
ireland,1974,12322.14062461709
ireland,1975,12801.853359847173
ireland,1976,12776.605321150852
ireland,1977,13639.42960007727
ireland,1978,14435.291689417794
ireland,1979,14638.373739801238
ireland,1980,14944.64342659573
ireland,1981,15250.913113390221
ireland,1982,15435.333569954648
ireland,1983,15292.627264279794
ireland,1984,15845.888633973069
ireland,1985,16283.887218313579
ireland,1986,16211.43632466327
ireland,1987,16968.87748555287
ireland,1988,17907.445880568248
ireland,1989,19038.118917838237
ireland,1990,20679.241433099043
ireland,1991,21135.839588902643
ireland,1992,21990.732910004142
ireland,1993,22643.186029775487
ireland,1994,24155.582297935754
ireland,1995,26637.934664174176
ireland,1996,29159.18931820997
ireland,1997,32334.965894353074
ireland,1998,35027.425083758826
ireland,1999,38834.954790938806
ireland,2000,42599.480392000005
ireland,2001,44970.41568827543
ireland,2002,47216.92206341052
ireland,2003,48709.785680416746
ireland,2004,51625.50416476531
ireland,2005,54034.51657706907
ireland,2006,56309.92613848514
ireland,2007,57436.24871913959
ireland,2008,54429.438055526734
ireland,2009,52006.277300982045
ireland,2010,53376.341263762406
ireland,2011,53767.34501503297
ireland,2012,53057.10670909736
ireland,2013,53507.180442379584
ireland,2014,57797.15153912824
ireland,2015,59583.17584168966
ireland,2016,62128.83678676646
ireland,2017,66461.92417874497
ireland,2018,71006.59825828068
israel,1,1264.3831066055668
israel,1950,5086.989380518813
israel,1951,5704.452456773324
israel,1952,5469.929783773904
israel,1953,5254.667426914533
israel,1954,6093.057658893135
israel,1955,6683.329700596989
israel,1956,6971.101482924779
israel,1957,7209.023035243031
israel,1958,7420.886512783569
israel,1959,8128.986370873605
israel,1960,8421.28999229317
israel,1961,9022.891631726465
israel,1962,9512.330253638298
israel,1963,10100.336375796263
israel,1964,10683.810658862452
israel,1965,11326.198850121731
israel,1966,11178.914079639004
israel,1967,11236.695028059152
israel,1968,12700.479054702872
israel,1969,13946.734804941334
israel,1970,14629.9095480266
israel,1971,15731.146447328223
israel,1972,17116.7562496388
israel,1973,17418.123549241922
israel,1974,18104.69717164602
israel,1975,18326.757287143057
israel,1976,18187.40323507094
israel,1977,17811.26059045351
israel,1978,18284.837775544125
israel,1979,18989.53875431533
israel,1980,19835.85970470454
israel,1981,20509.970769606254
israel,1982,20568.884677799342
israel,1983,20923.501086730834
israel,1984,20738.82864374095
israel,1985,21078.71657562417
israel,1986,21707.50924960812
israel,1987,22881.255574378163
israel,1988,22949.233160754804
israel,1989,22762.294798219038
israel,1990,23598.41911065175
israel,1991,23693.52043376854
israel,1992,24394.432228579128
israel,1993,24341.61738273173
israel,1994,25071.04554843537
israel,1995,26486.514278969935
israel,1996,27168.370030287537
israel,1997,27447.911879528685
israel,1998,27764.494262402557
israel,1999,27920.89210811494
israel,2000,29523.618129361355
israel,2001,28808.130014
israel,2002,28124.08685724877
israel,2003,27808.775202056233
israel,2004,28562.911520968122
israel,2005,29101.664369620914
israel,2006,30104.16348482253
israel,2007,31297.881284582098
israel,2008,31561.561357114097
israel,2009,31320.330202707122
israel,2010,32374.92767999573
israel,2011,33275.02853136694
israel,2012,33441.573617989714
israel,2013,34279.96384996831
israel,2014,34766.00359256131
israel,2015,35069.63681171032
israel,2016,35915.95776209953
israel,2017,36638.890896016834
israel,2018,37336.42884991958
italy,1,1402.384999477412
italy,1310,2847.710688754032
italy,1311,2740.5387725388164
italy,1312,2778.8144141848234
italy,1313,2778.8144141848234
italy,1314,2832.4003722924317
italy,1315,2916.6068636512446
italy,1316,2916.6068636512446
italy,1317,2801.7798390412263
italy,1318,2801.7798390412263
italy,1319,2855.365797148834
italy,1320,2778.8144141848234
italy,1321,2809.4349474360283
italy,1322,2663.9873895748055
italy,1323,2579.7808982159922
italy,1324,2641.021964718402
italy,1325,2725.2284560772155
italy,1326,2748.1938809336184
italy,1327,2679.2977060364065
italy,1328,2610.401431467197
italy,1329,2464.9538736059744
italy,1330,2480.264090395578
italy,1331,2663.9873895748055
italy,1332,2732.883564472017
italy,1333,2610.401431467197
italy,1334,2579.7808982159922
italy,1335,2564.4705817543913
italy,1336,2633.3668563236
italy,1337,2702.263031220812
italy,1338,2656.3322811800035
italy,1339,2541.5052565699852
italy,1340,2633.3668563236
italy,1341,2778.8144141848234
italy,1342,2671.6424979696076
italy,1343,2441.9884487495715
italy,1344,2441.9884487495715
italy,1345,2503.2295152519814
italy,1346,2380.747382247161
italy,1347,2441.9884487495715
italy,1348,2663.9873895748055
italy,1349,2625.7117479287986
italy,1350,2962.5377133640504
italy,1351,2725.2284560772155
italy,1352,2503.2295152519814
italy,1353,2625.7117479287986
italy,1354,2771.1593057900213
italy,1355,2832.4003722924317
italy,1356,2901.2966468616405
italy,1357,2924.2619720460466
italy,1358,3016.1236714716583
italy,1359,2786.469522579625
italy,1360,2870.6761136104356
italy,1361,3184.5366541892845
italy,1362,3230.4675039020904
italy,1363,3062.0544215124673
italy,1364,3169.226337727683
italy,1365,3261.0880371532953
italy,1366,3054.3993131176653
italy,1367,3146.2610125432775
italy,1368,2717.5733476824134
italy,1369,2748.1938809336184
italy,1370,2089.8521668527183
italy,1371,2235.299724713941
italy,1372,2380.747382247161
italy,1373,2472.6089820007765
italy,1374,2066.8867419963153
italy,1375,2840.0554806872333
italy,1376,2549.1603649647873
italy,1377,2641.021964718402
italy,1378,2441.9884487495715
italy,1379,2365.4370657855607
italy,1380,2939.5722885076475
italy,1381,2786.469522579625
italy,1382,2832.4003722924317
italy,1383,2648.677073113204
italy,1384,2633.3668563236
italy,1385,2694.60792282601
italy,1386,2671.6424979696076
italy,1387,2916.6068636512446
italy,1388,2618.056539861999
italy,1389,2503.2295152519814
italy,1390,2564.4705817543913
italy,1391,2587.4360066107943
italy,1392,2480.264090395578
italy,1393,2702.263031220812
italy,1394,3023.7787798664604
italy,1395,2931.9171801128455
italy,1396,2840.0554806872333
italy,1397,2817.0901555028277
italy,1398,2755.8489893284204
italy,1399,2794.1247306464243
italy,1400,3077.3647379740682
italy,1401,3107.985271225273
italy,1402,3016.1236714716583
italy,1403,3314.673995260903
italy,1404,3230.4675039020904
italy,1405,2924.2619720460466
italy,1406,2985.503138220454
italy,1407,2885.9863304000396
italy,1408,2847.710688754032
italy,1409,2870.6761136104356
italy,1410,3138.6058044764786
italy,1411,2832.4003722924317
italy,1412,2656.3322811800035
italy,1413,3682.1204939473605
italy,1414,3414.19070340932
italy,1415,3107.985271225273
italy,1416,2847.710688754032
italy,1417,2947.227396902449
italy,1418,3261.0880371532953
italy,1419,3130.9506960816766
italy,1420,2924.2619720460466
italy,1421,3176.8815457944825
italy,1422,3536.6729360861373
italy,1423,3429.5010198709215
italy,1424,3590.2588941937456
italy,1425,3307.0187871941043
italy,1426,3230.4675039020904
italy,1427,3276.3982539428994
italy,1428,3636.189644234554
italy,1429,3620.87942744495
italy,1430,3421.8459114761195
italy,1431,3000.8133550100574
italy,1432,2840.0554806872333
italy,1433,3245.7777206916944
italy,1434,3314.673995260903
italy,1435,3261.0880371532953
italy,1436,3077.3647379740682
italy,1437,3276.3982539428994
italy,1438,3268.7431455480973
italy,1439,2970.1928217588525
italy,1440,2970.1928217588525
italy,1441,2954.8826049692484
italy,1442,2732.883564472017
italy,1443,3276.3982539428994
italy,1444,3100.330162830471
italy,1445,3276.3982539428994
italy,1446,3184.5366541892845
italy,1447,3597.9140025885476
italy,1448,3475.4318695837273
italy,1449,3483.0869779785294
italy,1450,3207.5020790456874
italy,1451,3199.8468709788885
italy,1452,3314.673995260903
italy,1453,3314.673995260903
italy,1454,3238.1226122968924
italy,1455,3069.709629579266
italy,1456,2916.6068636512446
italy,1457,2893.641438794841
italy,1458,3307.0187871941043
italy,1459,3483.0869779785294
italy,1460,3651.4999606961555
italy,1461,3651.4999606961555
italy,1462,3490.7420863733314
italy,1463,3345.2945285121086
italy,1464,2947.227396902449
italy,1465,2924.2619720460466
italy,1466,2924.2619720460466
italy,1467,2977.8479301536545
italy,1468,3130.9506960816766
italy,1469,3176.8815457944825
italy,1470,3375.9150617633136
italy,1471,3322.3291036557052
italy,1472,3138.6058044764786
italy,1473,2870.6761136104356
italy,1474,2801.7798390412263
italy,1475,2840.0554806872333
italy,1476,2748.1938809336184
italy,1477,2801.7798390412263
italy,1478,2954.8826049692484
italy,1479,2885.9863304000396
italy,1480,2924.2619720460466
italy,1481,2916.6068636512446
italy,1482,2671.6424979696076
italy,1483,2564.4705817543913
italy,1484,2732.883564472017
italy,1485,2931.9171801128455
italy,1486,2809.4349474360283
italy,1487,2778.8144141848234
italy,1488,2809.4349474360283
italy,1489,2893.641438794841
italy,1490,2786.469522579625
italy,1491,2863.020905543636
italy,1492,2970.1928217588525
italy,1493,2901.2966468616405
italy,1494,2709.9182392876114
italy,1495,2709.9182392876114
italy,1496,2472.6089820007765
italy,1497,2533.8500485031864
italy,1498,2686.952814431208
italy,1499,2725.2284560772155
italy,1500,2694.60792282601
italy,1501,2587.4360066107943
italy,1502,2549.1603649647873
italy,1503,2572.1257898211907
italy,1504,2426.67813228797
italy,1505,2625.7117479287986
italy,1506,2878.3312220052376
italy,1507,2855.365797148834
italy,1508,2970.1928217588525
italy,1509,2985.503138220454
italy,1510,3062.0544215124673
italy,1511,2863.020905543636
italy,1512,2916.6068636512446
italy,1513,3000.8133550100574
italy,1514,2916.6068636512446
italy,1515,2840.0554806872333
italy,1516,2885.9863304000396
italy,1517,3069.709629579266
italy,1518,3092.6750544356696
italy,1519,3000.8133550100574
italy,1520,2878.3312220052376
italy,1521,2656.3322811800035
italy,1522,2625.7117479287986
italy,1523,2671.6424979696076
italy,1524,3000.8133550100574
italy,1525,2985.503138220454
italy,1526,2702.263031220812
italy,1527,2480.264090395578
italy,1528,2449.6435571443735
italy,1529,2595.0911150055963
italy,1530,2457.2986655391755
italy,1531,2533.8500485031864
italy,1532,2526.1949401083843
italy,1533,2495.5744068571794
italy,1534,2855.365797148834
italy,1535,2954.8826049692484
italy,1536,2870.6761136104356
italy,1537,2924.2619720460466
italy,1538,2656.3322811800035
italy,1539,2434.3333403547695
italy,1540,2541.5052565699852
italy,1541,2824.7452638976297
italy,1542,2855.365797148834
italy,1543,2725.2284560772155
italy,1544,2748.1938809336184
italy,1545,2694.60792282601
italy,1546,2863.020905543636
italy,1547,2549.1603649647873
italy,1548,2556.8154733595893
italy,1549,2686.952814431208
italy,1550,2518.5398317135828
italy,1551,2610.401431467197
italy,1552,2817.0901555028277
italy,1553,2702.263031220812
italy,1554,2411.3679154983665
italy,1555,2365.4370657855607
italy,1556,2472.6089820007765
italy,1557,2396.057599036765
italy,1558,2449.6435571443735
italy,1559,2403.7128071035645
italy,1560,2510.8846236467834
italy,1561,2526.1949401083843
italy,1562,2357.7819573907586
italy,1563,2625.7117479287986
italy,1564,2495.5744068571794
italy,1565,2526.1949401083843
italy,1566,2564.4705817543913
italy,1567,2725.2284560772155
italy,1568,2579.7808982159922
italy,1569,2411.3679154983665
italy,1570,2564.4705817543913
italy,1571,2503.2295152519814
italy,1572,2533.8500485031864
italy,1573,2625.7117479287986
italy,1574,2610.401431467197
italy,1575,2533.8500485031864
italy,1576,2618.056539861999
italy,1577,2579.7808982159922
italy,1578,2533.8500485031864
italy,1579,2434.3333403547695
italy,1580,2449.6435571443735
italy,1581,2510.8846236467834
italy,1582,2518.5398317135828
italy,1583,2564.4705817543913
italy,1584,2518.5398317135828
italy,1585,2472.6089820007765
italy,1586,2487.9192984623774
italy,1587,2526.1949401083843
italy,1588,2533.8500485031864
italy,1589,2472.6089820007765
italy,1590,2388.402490641963
italy,1591,2319.506216072754
italy,1592,2342.4716409291573
italy,1593,2457.2986655391755
italy,1594,2396.057599036765
italy,1595,2388.402490641963
italy,1596,2265.920257965146
italy,1597,2319.506216072754
italy,1598,2388.402490641963
italy,1599,2487.9192984623774
italy,1600,2396.057599036765
italy,1601,2296.5408908883483
italy,1602,2311.8511076779523
italy,1603,2419.0230238931686
italy,1604,2342.4716409291573
italy,1605,2365.4370657855607
italy,1606,2288.8856828215494
italy,1607,2304.1959992831503
italy,1608,2380.747382247161
italy,1609,2487.9192984623774
italy,1610,2556.8154733595893
italy,1611,2526.1949401083843
italy,1612,2487.9192984623774
italy,1613,2472.6089820007765
italy,1614,2503.2295152519814
italy,1615,2457.2986655391755
italy,1616,2549.1603649647873
italy,1617,2503.2295152519814
italy,1618,2419.0230238931686
italy,1619,2441.9884487495715
italy,1620,2510.8846236467834
italy,1621,2618.056539861999
italy,1622,2579.7808982159922
italy,1623,2572.1257898211907
italy,1624,2595.0911150055963
italy,1625,2679.2977060364065
italy,1626,2633.3668563236
italy,1627,2533.8500485031864
italy,1628,2434.3333403547695
italy,1629,2396.057599036765
italy,1630,2549.1603649647873
italy,1631,2694.60792282601
italy,1632,2847.710688754032
italy,1633,2840.0554806872333
italy,1634,2885.9863304000396
italy,1635,2587.4360066107943
italy,1636,2648.677073113204
italy,1637,2748.1938809336184
italy,1638,2870.6761136104356
italy,1639,2870.6761136104356
italy,1640,2931.9171801128455
italy,1641,2993.158246615256
italy,1642,2809.4349474360283
italy,1643,2648.677073113204
italy,1644,2656.3322811800035
italy,1645,2748.1938809336184
italy,1646,2778.8144141848234
italy,1647,2648.677073113204
italy,1648,2533.8500485031864
italy,1649,2480.264090395578
italy,1650,2457.2986655391755
italy,1651,2709.9182392876114
italy,1652,2732.883564472017
italy,1653,2702.263031220812
italy,1654,2732.883564472017
italy,1655,2740.5387725388164
italy,1656,2663.9873895748055
italy,1657,2587.4360066107943
italy,1658,2564.4705817543913
italy,1659,2564.4705817543913
italy,1660,2610.401431467197
italy,1661,2663.9873895748055
italy,1662,2686.952814431208
italy,1663,2679.2977060364065
italy,1664,2671.6424979696076
italy,1665,2702.263031220812
italy,1666,2778.8144141848234
italy,1667,2786.469522579625
italy,1668,2755.8489893284204
italy,1669,2663.9873895748055
italy,1670,2625.7117479287986
italy,1671,2663.9873895748055
italy,1672,2686.952814431208
italy,1673,2702.263031220812
italy,1674,2679.2977060364065
italy,1675,2533.8500485031864
italy,1676,2556.8154733595893
italy,1677,2464.9538736059744
italy,1678,2464.9538736059744
italy,1679,2518.5398317135828
italy,1680,2526.1949401083843
italy,1681,2595.0911150055963
italy,1682,2625.7117479287986
italy,1683,2648.677073113204
italy,1684,2564.4705817543913
italy,1685,2449.6435571443735
italy,1686,2518.5398317135828
italy,1687,2648.677073113204
italy,1688,2625.7117479287986
italy,1689,2618.056539861999
italy,1690,2464.9538736059744
italy,1691,2472.6089820007765
italy,1692,2533.8500485031864
italy,1693,2503.2295152519814
italy,1694,2411.3679154983665
italy,1695,2380.747382247161
italy,1696,2388.402490641963
italy,1697,2419.0230238931686
italy,1698,2495.5744068571794
italy,1699,2518.5398317135828
italy,1700,2595.0911150055963
italy,1701,2572.1257898211907
italy,1702,2556.8154733595893
italy,1703,2587.4360066107943
italy,1704,2602.746323072395
italy,1705,2610.401431467197
italy,1706,2579.7808982159922
italy,1707,2656.3322811800035
italy,1708,2648.677073113204
italy,1709,2503.2295152519814
italy,1710,2656.3322811800035
italy,1711,2794.1247306464243
italy,1712,2824.7452638976297
italy,1713,2824.7452638976297
italy,1714,2863.020905543636
italy,1715,2809.4349474360283
italy,1716,2801.7798390412263
italy,1717,2824.7452638976297
italy,1718,2801.7798390412263
italy,1719,2878.3312220052376
italy,1720,3023.7787798664604
italy,1721,2985.503138220454
italy,1722,2962.5377133640504
italy,1723,3069.709629579266
italy,1724,3138.6058044764786
italy,1725,3000.8133550100574
italy,1726,2939.5722885076475
italy,1727,3000.8133550100574
italy,1728,3016.1236714716583
italy,1729,3023.7787798664604
italy,1730,2970.1928217588525
italy,1731,2870.6761136104356
italy,1732,2901.2966468616405
italy,1733,2717.5733476824134
italy,1734,2618.056539861999
italy,1735,2656.3322811800035
italy,1736,2717.5733476824134
italy,1737,2809.4349474360283
italy,1738,2832.4003722924317
italy,1739,2840.0554806872333
italy,1740,2763.5041973952193
italy,1741,2725.2284560772155
italy,1742,2794.1247306464243
italy,1743,2771.1593057900213
italy,1744,2778.8144141848234
italy,1745,2763.5041973952193
italy,1746,2663.9873895748055
italy,1747,2618.056539861999
italy,1748,2641.021964718402
italy,1749,2717.5733476824134
italy,1750,2694.60792282601
italy,1751,2686.952814431208
italy,1752,2748.1938809336184
italy,1753,2885.9863304000396
italy,1754,2885.9863304000396
italy,1755,2817.0901555028277
italy,1756,2778.8144141848234
italy,1757,2778.8144141848234
italy,1758,2801.7798390412263
italy,1759,2794.1247306464243
italy,1760,2847.710688754032
italy,1761,2878.3312220052376
italy,1762,2893.641438794841
italy,1763,2840.0554806872333
italy,1764,2778.8144141848234
italy,1765,2725.2284560772155
italy,1766,2625.7117479287986
italy,1767,2671.6424979696076
italy,1768,2717.5733476824134
italy,1769,2748.1938809336184
italy,1770,2618.056539861999
italy,1771,2595.0911150055963
italy,1772,2518.5398317135828
italy,1773,2533.8500485031864
italy,1774,2495.5744068571794
italy,1775,2464.9538736059744
italy,1776,2579.7808982159922
italy,1777,2503.2295152519814
italy,1778,2441.9884487495715
italy,1779,2549.1603649647873
italy,1780,2648.677073113204
italy,1781,2579.7808982159922
italy,1782,2541.5052565699852
italy,1783,2510.8846236467834
italy,1784,2503.2295152519814
italy,1785,2533.8500485031864
italy,1786,2564.4705817543913
italy,1787,2495.5744068571794
italy,1788,2549.1603649647873
italy,1789,2541.5052565699852
italy,1790,2419.0230238931686
italy,1791,2464.9538736059744
italy,1792,2480.264090395578
italy,1793,2403.7128071035645
italy,1794,2434.3333403547695
italy,1795,2503.2295152519814
italy,1796,2510.8846236467834
italy,1797,2541.5052565699852
italy,1798,2595.0911150055963
italy,1799,2518.5398317135828
italy,1800,2396.057599036765
italy,1801,2365.4370657855607
italy,1802,2441.9884487495715
italy,1803,2510.8846236467834
italy,1804,2618.056539861999
italy,1805,2533.8500485031864
italy,1806,2595.0911150055963
italy,1807,2602.746323072395
italy,1808,2748.1938809336184
italy,1809,2763.5041973952193
italy,1810,2549.1603649647873
italy,1811,2464.9538736059744
italy,1812,2518.5398317135828
italy,1813,2587.4360066107943
italy,1814,2618.056539861999
italy,1815,2503.2295152519814
italy,1816,2464.9538736059744
italy,1817,2487.9192984623774
italy,1818,2679.2977060364065
italy,1819,2656.3322811800035
italy,1820,2656.3322811800035
italy,1821,2610.401431467197
italy,1822,2641.021964718402
italy,1823,2663.9873895748055
italy,1824,2732.883564472017
italy,1825,2694.60792282601
italy,1826,2771.1593057900213
italy,1827,2725.2284560772155
italy,1828,2694.60792282601
italy,1829,2686.952814431208
italy,1830,2648.677073113204
italy,1831,2740.5387725388164
italy,1832,2763.5041973952193
italy,1833,2778.8144141848234
italy,1834,2801.7798390412263
italy,1835,2878.3312220052376
italy,1836,2671.6424979696076
italy,1837,2602.746323072395
italy,1838,2641.021964718402
italy,1839,2618.056539861999
italy,1840,2702.263031220812
italy,1841,2755.8489893284204
italy,1842,2778.8144141848234
italy,1843,2641.021964718402
italy,1844,2641.021964718402
italy,1845,2663.9873895748055
italy,1846,2641.021964718402
italy,1847,2579.7808982159922
italy,1848,2648.677073113204
italy,1849,2633.3668563236
italy,1850,2602.746323072395
italy,1851,2602.746323072395
italy,1852,2564.4705817543913
italy,1853,2510.8846236467834
italy,1854,2342.4716409291573
italy,1855,2365.4370657855607
italy,1856,2373.0921741803622
italy,1857,2564.4705817543913
italy,1858,2663.9873895748055
italy,1859,2579.7808982159922
italy,1860,2564.4705817543913
italy,1861,2549.1603649647873
italy,1862,2625.7117479287986
italy,1863,2679.2977060364065
italy,1864,2633.3668563236
italy,1865,2771.1593057900213
italy,1866,2579.7808982159922
italy,1867,2602.746323072395
italy,1868,2618.056539861999
italy,1869,2686.952814431208
italy,1870,2817.0901555028277
italy,1871,2801.8994454377703
italy,1872,2584.4948853197793
italy,1873,2572.534245665388
italy,1874,2706.0947218060937
italy,1875,2718.0553614604855
italy,1876,2653.268563332531
italy,1877,2669.2160828717197
italy,1878,2735.9963209420725
italy,1879,2743.970080711667
italy,1880,2786.829039473237
italy,1881,2870.553517053978
italy,1882,2905.4387160459532
italy,1883,2932.350155268334
italy,1884,2888.4944765355654
italy,1885,2931.353435297135
italy,1886,2995.14351345389
italy,1887,3070.894231265037
italy,1888,3054.946711725848
italy,1889,2961.255034433114
italy,1890,2964.2451943467117
italy,1891,3004.1139931946836
italy,1892,3007.104153108282
italy,1893,3053.9499917546486
italy,1894,3070.894231265037
italy,1895,3096.8089505162184
italy,1896,3142.6580691913864
italy,1897,3147.641669047383
italy,1898,3134.684309421792
italy,1899,3169.5695084137674
italy,1900,3253.293985994508
italy,1901,3306.120144468071
italy,1902,3359.9430229128334
italy,1903,3390.8413420200113
italy,1904,3449.64782032077
italy,1905,3520.41493827592
italy,1906,3640.021334819836
italy,1907,3703.811412976591
italy,1908,3782.5522907013356
italy,1909,3813.450609808514
italy,1910,3816.440769722112
italy,1911,3857.306288541283
italy,1912,3862.2898883972794
italy,1913,4043.6929231555514
italy,1914,3822.4210895493075
italy,1915,3630.0541351078427
italy,1916,3929.0701264676322
italy,1917,3942.027486093223
italy,1918,3843.3522089444928
italy,1919,3688.8606134086017
italy,1920,3776.57197087414
italy,1921,3647.99509458943
italy,1922,3915.116046870842
italy,1923,4234.066437654617
italy,1924,4309.817155465764
italy,1925,4564.977468092784
italy,1926,4560.9905882079875
italy,1927,4439.390751721673
italy,1928,4677.606824838305
italy,1929,4872.963939193367
italy,1930,4615.8101866239485
italy,1931,4523.115229302414
italy,1932,4586.905307459169
italy,1933,4499.193949993631
italy,1934,4451.351391376064
italy,1935,4654.682265500721
italy,1936,4456.334991232061
italy,1937,4862.996739481375
italy,1938,4964.662176543703
italy,1939,5228.792968911517
italy,1940,5082.27513314522
italy,1941,4950.7080969469125
italy,1942,4645.711785759928
italy,1943,3918.10620678444
italy,1944,3151.62854893218
italy,1945,2821.7142384652125
italy,1946,3792.5194904133286
italy,1947,4483.246430454442
italy,1948,4798.20994135342
italy,1949,5170.983210581958
italy,1950,5563.690879234481
italy,1951,5938.457588405417
italy,1952,6350.102936510727
italy,1953,6767.728604443233
italy,1954,7068.73803574542
italy,1955,7428.553945348367
italy,1956,7719.596176938562
italy,1957,8131.241525043873
italy,1958,8515.975433926802
italy,1959,8981.443660476873
italy,1960,9399.06932840938
italy,1961,10124.681467442468
italy,1962,10846.30672659076
italy,1963,11538.030386603072
italy,1964,11894.856136292421
italy,1965,12071.275571194697
italy,1966,12617.478115411912
italy,1967,13431.798331881739
italy,1968,14465.39694201541
italy,1969,15197.986120846894
italy,1970,15441.185793819523
italy,1971,15631.559308318589
italy,1972,15982.404738180741
italy,1973,16894.4035118281
italy,1974,17549.248532906036
italy,1975,17066.83606684558
italy,1976,18087.47731735366
italy,1977,18537.99474433574
italy,1978,19166.925046162498
italy,1979,20208.497416065766
italy,1980,20890.253876366085
italy,1981,20971.984914004428
italy,1982,21053.71595164277
italy,1983,21274.987785249014
italy,1984,21796.272330186246
italy,1985,22395.301032877025
italy,1986,23030.211654530976
italy,1987,23745.856593852073
italy,1988,24661.84224738423
italy,1989,25370.510146906927
italy,1990,25917.709411095344
italy,1991,26483.21144411489
italy,1992,26872.17922009148
italy,1993,26814.157559096042
italy,1994,27577.505316894745
italy,1995,28572.325838844925
italy,1996,29135.39617415074
italy,1997,29862.42784176681
italy,1998,30549.09743382116
italy,1999,31237.683718380133
italy,2000,32609.667463
italy,2001,33401.51483362319
italy,2002,33669.25444999072
italy,2003,33806.548041111564
italy,2004,34359.05802865052
italy,2005,34757.74502041027
italy,2006,35596.661893641365
italy,2007,36191.63464375334
italy,2008,35825.04542391411
italy,2009,33943.52347921759
italy,2010,34651.904622404574
italy,2011,35035.70370762652
italy,2012,33956.25597881768
italy,2013,32985.45072686957
italy,2014,32721.31993450175
italy,2015,33009.372006178346
italy,2016,33309.38471750934
italy,2017,33915.72675331679
italy,2018,34251.452738591826
jamaica,1820,888.8744771739244
jamaica,1850,689.9321143328492
jamaica,1860,681.1786503678419
jamaica,1870,672.4251864028346
jamaica,1880,687.5448059787562
jamaica,1890,701.0728866519494
jamaica,1900,736.882511963343
jamaica,1913,775.0794456288294
jamaica,1925,857.8394685707167
jamaica,1929,888.0787077225601
jamaica,1933,918.3179468744036
jamaica,1938,1232.6468801633025
jamaica,1942,1230.2595718092098
jamaica,1943,1458.6454043507642
jamaica,1946,2091.2821181853838
jamaica,1947,1917.804377787966
jamaica,1950,1683.052389635497
jamaica,1951,1791.2770350210421
jamaica,1952,1907.45937492023
jamaica,1953,2144.598671426792
jamaica,1954,2357.06911494106
jamaica,1955,2562.37763339305
jamaica,1956,2778.0311547127753
jamaica,1957,3130.557021667161
jamaica,1958,3117.824710445332
jamaica,1959,3222.86627802542
jamaica,1960,3366.104779270994
jamaica,1961,3427.379027026045
jamaica,1962,3452.843649469703
jamaica,1963,3497.4067387461037
jamaica,1964,3683.6167903653504
jamaica,1965,3894.4956949768903
jamaica,1966,3969.2980234051342
jamaica,1967,4031.36804061155
jamaica,1968,4165.853077892117
jamaica,1969,4414.133146717779
jamaica,1970,4882.045584119988
jamaica,1971,4823.954414170394
jamaica,1972,4893.982125890452
jamaica,1973,5238.550298331195
jamaica,1974,4956.847912548233
jamaica,1975,4877.270967411802
jamaica,1976,4520.766253200595
jamaica,1977,4377.527751955021
jamaica,1978,4362.4081323791
jamaica,1979,4231.901942355354
jamaica,1980,3958.9530205373985
jamaica,1981,4010.678034876078
jamaica,1982,3993.9668763974278
jamaica,1983,4071.9522826311295
jamaica,1984,4025.7976544519997
jamaica,1985,3830.834138867746
jamaica,1986,3886.538000463247
jamaica,1987,4180.972697468039
jamaica,1988,4294.767729013133
jamaica,1989,4574.082806442003
jamaica,1990,4802.468638983558
jamaica,1991,4867.390136865048
jamaica,1992,5007.004385721328
jamaica,1993,5104.443251540027
jamaica,1994,5186.0705762448415
jamaica,1995,5296.866830189415
jamaica,1996,5291.0179247218875
jamaica,1997,5191.310558928185
jamaica,1998,5118.908748626926
jamaica,1999,5160.821766476393
jamaica,2000,5197.396922
jamaica,2001,5264.168504278966
jamaica,2002,5300.431718177637
jamaica,2003,5497.705989094762
jamaica,2004,5574.352672380433
jamaica,2005,5629.0903107080885
jamaica,2006,5798.745492968933
jamaica,2007,5890.427444268681
jamaica,2008,5851.378002789948
jamaica,2009,5662.196548039307
jamaica,2010,5591.020620577875
jamaica,2011,5682.589652192475
jamaica,2012,5612.561940472417
jamaica,2013,5583.914240223302
jamaica,2014,5574.36500680693
jamaica,2015,5589.484626382852
jamaica,2016,5637.23079346471
jamaica,2017,5677.957955677754
jamaica,2018,5787.615702268261
japan,730,565.954157170096
japan,1000,955.800238837795
japan,1120,877.529983058952
japan,1280,796.2493328270765
japan,1450,820.3324884513358
japan,1600,1004.4114825998123
japan,1700,1015.7714616678592
japan,1721,1016.0081278984435
japan,1750,902.1716709873904
japan,1800,1246.757702718146
japan,1804,1246.303303555424
japan,1820,1246.757702718146
japan,1846,1359.19309554414
japan,1850,1359.4108284762776
japan,1870,1495.7305772928403
japan,1874,1521.754396007891
japan,1885,1636.4811912784023
japan,1886,1734.1786205939736
japan,1887,1748.991370633261
japan,1888,1631.6419348619067
japan,1889,1660.9556035150636
japan,1890,1754.7148120872198
japan,1891,1656.4147358820887
japan,1892,1743.4745861318486
japan,1893,1734.7103622808504
japan,1894,1908.8728520348598
japan,1895,1913.9911852704604
japan,1896,1802.869574023686
japan,1897,1802.9337579054204
japan,1898,2113.7650318328583
japan,1899,1992.3104782922808
japan,1900,2010.0068643514994
japan,1901,2046.2302402727962
japan,1902,1905.4160104044531
japan,1903,2086.32793705525
japan,1904,2062.7744404550385
japan,1905,1998.6472639494218
japan,1906,2204.7611148296965
japan,1907,2232.4446264865887
japan,1908,2231.211216759276
japan,1909,2208.7597327951567
japan,1910,2193.399810430758
japan,1911,2271.7826246688674
japan,1912,2290.6541058961834
japan,1913,2300.9874268559556
japan,1914,2232.050245879943
japan,1915,2378.083628798116
japan,1916,2678.386852791257
japan,1917,2783.787294579886
japan,1918,2814.896786590717
japan,1919,3047.6034964708597
japan,1920,2815.3457897633816
japan,1921,3071.3143287811636
japan,1922,3070.8201696917035
japan,1923,3070.5548195139722
japan,1924,3139.4790311805486
japan,1925,3232.2491642418468
japan,1926,3179.4113456010705
japan,1927,3168.385444584116
japan,1928,3364.5566631180677
japan,1929,3469.6090162147534
japan,1930,3156.2832802169573
japan,1931,3143.695003412178
japan,1932,3341.053055759263
japan,1933,3584.832337237031
japan,1934,3555.3778995099224
japan,1935,3621.2801674114135
japan,1936,3772.976215895531
japan,1937,3857.58600265979
japan,1938,4029.8021493334736
japan,1939,4547.572671286973
japan,1940,4621.995396821961
japan,1941,4720.298502354843
japan,1942,4675.142585559356
japan,1943,4568.273582476705
japan,1944,4559.242399117607
japan,1945,3481.521184932
japan,1946,2623.5587658177583
japan,1947,2566.361271210142
japan,1948,2704.839416049634
japan,1949,2713.8705994087313
japan,1950,2898.687992196631
japan,1951,3208.2474218009083
japan,1952,3525.3801707838843
japan,1953,3733.646453698077
japan,1954,3896.4728203400823
japan,1955,4181.418961963592
japan,1956,4448.378470062694
japan,1957,4732.377946763866
japan,1958,4963.3641878141525
japan,1959,5362.856785040468
japan,1960,6015.108916530827
japan,1961,6678.721027089233
japan,1962,7207.90671867575
japan,1963,7739.93240502928
japan,1964,8553.11757331697
japan,1965,8954.503500387958
japan,1966,9816.915244637186
japan,1967,10791.980114644542
japan,1968,12046.311136741388
japan,1969,13390.575326460268
japan,1970,14658.159657469834
japan,1971,15150.4254170852
japan,1972,16197.436821190187
japan,1973,17253.91487451855
japan,1974,16817.50234532108
japan,1975,17117.595125701984
japan,1976,17607.967555472675
japan,1977,18204.366456545136
japan,1978,18990.098342085046
japan,1979,19862.923400479984
japan,1980,20262.4159977063
japan,1981,20754.681757321665
japan,1982,21243.16085724768
japan,1983,21588.69355390077
japan,1984,22292.065591197344
japan,1985,23133.65070715515
japan,1986,23659.04973905232
japan,1987,24522.40814822388
japan,1988,25931.992217584033
japan,1989,27075.56344376742
japan,1990,28351.66775907802
japan,1991,29192.713938695542
japan,1992,29325.610357819947
japan,1993,29271.503534850777
japan,1994,29474.816772224807
japan,1995,30186.567172750034
japan,1996,31035.61257629481
japan,1997,31276.193077
japan,1998,30821.69318913039
japan,1999,30666.75149996004
japan,2000,31439.506786744027
japan,2001,31473.193195339947
japan,2002,31424.921236286104
japan,2003,31826.82555706856
japan,2004,32483.440677852992
japan,2005,32998.6146872575
japan,2006,33448.61876874444
japan,2007,33978.37217528489
japan,2008,33603.033449552524
japan,2009,31798.48505995557
japan,2010,33144.06662858037
japan,2011,33113.392318434344
japan,2012,33682.337936759024
japan,2013,34415.05658664805
japan,2014,34588.29626743576
japan,2015,35055.94873907036
japan,2016,35466.80131536472
japan,2017,36366.002162492834
japan,2018,36611.13754147185
jordan,1,499.60079628429907
jordan,1820,392.60743578972244
jordan,1870,499.60079628429907
jordan,1913,713.5875172734522
jordan,1950,1186.7757266574165
jordan,1951,1209.6069458424518
jordan,1952,1231.542823098662
jordan,1953,1253.9263713192847
jordan,1954,1274.96690664667
jordan,1955,1159.4677978282568
jordan,1956,1526.5579886464693
jordan,1957,1501.488414639372
jordan,1958,1584.307543055676
jordan,1959,1631.760665283396
jordan,1960,1662.6499618278556
jordan,1961,1916.0317276853045
jordan,1962,1869.4739473864095
jordan,1963,1890.0668117493822
jordan,1964,2127.3324228879833
jordan,1965,2271.4824734287936
jordan,1966,2238.354822062272
jordan,1967,2182.8436224751276
jordan,1968,1907.9736503258805
jordan,1969,1978.7056627030483
jordan,1970,1709.2077421267506
jordan,1971,1688.1672067993654
jordan,1972,1680.5568004043537
jordan,1973,1703.8356905538012
jordan,1974,1788.445502827755
jordan,1975,1843.0613604860746
jordan,1976,2209.2562093754623
jordan,1977,2270.5871314999686
jordan,1978,2652.8981351082043
jordan,1979,2796.6005146846023
jordan,1980,3196.8183568693366
jordan,1981,3212.4868406237724
jordan,1982,3313.2128076165745
jordan,1983,3250.9865435632437
jordan,1984,3401.8516585702405
jordan,1985,3392.450568317579
jordan,1986,3569.2805992604985
jordan,1987,3541.5249994669266
jordan,1988,3389.316871566692
jordan,1989,2927.7681072574514
jordan,1990,2705.723308908874
jordan,1991,2641.4866888556558
jordan,1992,2890.2188545425242
jordan,1993,2892.2511464196677
jordan,1994,2926.9503467067593
jordan,1995,3026.3042917278303
jordan,1996,3036.6546682605285
jordan,1997,3107.9373159239235
jordan,1998,3187.6382817718054
jordan,1999,3286.125893942545
jordan,2000,3412.076732
jordan,2001,3573.641227823551
jordan,2002,3757.7747419482807
jordan,2003,3881.1392057759385
jordan,2004,4158.2439513795325
jordan,2005,4414.397472013142
jordan,2006,4657.820170527885
jordan,2007,4896.9851152672
jordan,2008,5093.714971153084
jordan,2009,5215.9262345764155
jordan,2010,5193.470029358269
jordan,2011,5199.698251650657
jordan,2012,5158.512522924711
jordan,2013,5142.844039170275
jordan,2014,5158.512522924711
jordan,2015,5156.721839067061
jordan,2016,5161.198548711186
jordan,2017,5145.698702609045
jordan,2018,5151.053563616961
kazakhstan,1973,5540.864684014591
kazakhstan,1980,5424.613203479482
kazakhstan,1981,5290.126196585924
kazakhstan,1982,5161.565735758862
kazakhstan,1983,5349.8475454098425
kazakhstan,1984,5266.875900478902
kazakhstan,1985,5263.228795207212
kazakhstan,1986,5277.36132813501
kazakhstan,1987,5192.110242409263
kazakhstan,1988,5587.365276228636
kazakhstan,1989,5540.40879585563
kazakhstan,1990,5419.598433730908
kazakhstan,1991,4812.863949235893
kazakhstan,1992,4564.630886362428
kazakhstan,1993,4182.152619674919
kazakhstan,1994,3728.613880340912
kazakhstan,1995,3498.514544
kazakhstan,1996,3568.171747304399
kazakhstan,1997,3689.8657574476356
kazakhstan,1998,3687.5188452053035
kazakhstan,1999,3839.1928812805145
kazakhstan,2000,4244.054116852622
kazakhstan,2001,4827.446580543034
kazakhstan,2002,5306.620275765957
kazakhstan,2003,5801.763459664396
kazakhstan,2004,6350.398873349155
kazakhstan,2005,6944.927636220223
kazakhstan,2006,7652.791563073526
kazakhstan,2007,8288.529880185732
kazakhstan,2008,8509.501378219107
kazakhstan,2009,8548.149296895044
kazakhstan,2010,9101.592780637106
kazakhstan,2011,9711.329562191775
kazakhstan,2012,10070.11354329425
kazakhstan,2013,10545.149004931834
kazakhstan,2014,10868.829597794296
kazakhstan,2015,10872.932591224948
kazakhstan,2016,10869.285485953258
kazakhstan,2017,11195.205036742009
kazakhstan,2018,11537.414839114923
kenya,1950,647.9959656207282
kenya,1951,767.2322174835018
kenya,1952,663.6028048697823
kenya,1953,629.8920320918254
kenya,1954,683.5795591085716
kenya,1955,714.1689640367177
kenya,1956,732.2728975656206
kenya,1957,734.1457182755071
kenya,1958,721.6602468762637
kenya,1959,716.6660583165665
kenya,1960,722.2845204462259
kenya,1961,682.3310119686473
kenya,1962,697.3135776477393
kenya,1963,710.4233226169448
kenya,1964,754.1224725142964
kenya,1965,739.1399068352044
kenya,1966,807.8099995310426
kenya,1967,822.1682916401725
kenya,1968,852.7576965683186
kenya,1969,876.4800922268809
kenya,1970,910.1908650048379
kenya,1971,936.4103549432488
kenya,1972,951.3929206223407
kenya,1973,965.1269391615084
kenya,1974,976.3638634208274
kenya,1975,937.6589020831732
kenya,1976,938.2831756531353
kenya,1977,986.352240540222
kenya,1978,1033.7970318573466
kenya,1979,1030.675664007536
kenya,1980,1045.658229686628
kenya,1981,1028.178569727687
kenya,1982,1048.7795975364386
kenya,1983,1015.6930983284439
kenya,1984,995.0920705196924
kenya,1985,1001.334806219314
kenya,1986,1035.045578997271
kenya,1987,1060.0165217957576
kenya,1988,1086.8602853041307
kenya,1989,1099.345756703374
kenya,1990,1111.2069545326553
kenya,1991,1109.823439446905
kenya,1992,1076.7934994243487
kenya,1993,1060.175149709885
kenya,1994,1079.8167314689617
kenya,1995,1117.383829370646
kenya,1996,1155.7060485825564
kenya,1997,1152.6423636106101
kenya,1998,1179.8602542694614
kenya,1999,1199.12583605735
kenya,2000,1195.412969
kenya,2001,1231.3053906229038
kenya,2002,1224.7591331135663
kenya,2003,1247.159254923592
kenya,2004,1289.8804178462408
kenya,2005,1347.083479044872
kenya,2006,1407.8983374098764
kenya,2007,1486.2557200823164
kenya,2008,1471.5579480058411
kenya,2009,1501.146704828695
kenya,2010,1610.3329637707188
kenya,2011,1693.0299217373938
kenya,2012,1726.1164209453887
kenya,2013,1781.6767686720214
kenya,2014,1836.612842828692
kenya,2015,1901.5372941047572
kenya,2016,1978.3229432101036
kenya,2017,2028.8123791552907
kenya,2018,2108.4655040495445
kuwait,1950,40248.64711608143
kuwait,1951,41501.635565546894
kuwait,1952,41844.393047884965
kuwait,1953,43709.44843009699
kuwait,1954,46272.2601156401
kuwait,1955,44958.06497289998
kuwait,1956,45821.07934807263
kuwait,1957,43829.23867264882
kuwait,1958,41682.63250137337
kuwait,1959,41210.466581826026
kuwait,1960,40159.46022016693
kuwait,1961,36393.499821110585
kuwait,1962,36855.17316466799
kuwait,1963,35304.895062154195
kuwait,1964,35266.422283524415
kuwait,1965,32798.91816322327
kuwait,1966,33519.408381199224
kuwait,1967,31232.90119672457
kuwait,1968,31080.758844870426
kuwait,1969,29217.45222532339
kuwait,1970,42780.855454987206
kuwait,1971,43108.74845467287
kuwait,1972,42217.75387686037
kuwait,1973,37197.93064700607
kuwait,1974,30570.120146693294
kuwait,1975,25313.339575732818
kuwait,1976,25318.58586372779
kuwait,1977,22880.810708731482
kuwait,1978,23051.315068568027
kuwait,1979,24634.819661716632
kuwait,1980,18496.662707601106
kuwait,1981,14341.602615584447
kuwait,1982,12105.809548394504
kuwait,1983,12496.658004019808
kuwait,1984,12577.101086609357
kuwait,1985,11380.07304242358
kuwait,1986,11812.017420676155
kuwait,1987,10856.318624259022
kuwait,1988,10769.754872342008
kuwait,1989,11105.517304020123
kuwait,1990,8531.338661154581
kuwait,1991,5518.139097036316
kuwait,1992,11336.41247190997
kuwait,1993,17448.554307992297
kuwait,1994,21450.6844054505
kuwait,1995,24091.79475336521
kuwait,1996,25892.75719696215
kuwait,1997,27552.79743740165
kuwait,1998,29144.26528365969
kuwait,1999,29161.66232440354
kuwait,2000,31341.978081999998
kuwait,2001,32549.605289260155
kuwait,2002,34925.54314716481
kuwait,2003,42678.30171676659
kuwait,2004,48888.228590158375
kuwait,2005,55050.70016549165
kuwait,2006,59935.467766300775
kuwait,2007,63914.53946620161
kuwait,2008,65699.36922446148
kuwait,2009,61270.286504339776
kuwait,2010,60214.541170734825
kuwait,2011,67437.53465001621
kuwait,2012,68902.1233819455
kuwait,2013,65802.4415582504
kuwait,2014,63399.6416565539
kuwait,2015,62390.60559885456
kuwait,2016,62089.81842047625
kuwait,2017,57718.03014923323
kuwait,2018,57290.109061805866
kyrgyzstan,1973,1314.5936981103678
kyrgyzstan,1980,1294.0151399679232
kyrgyzstan,1981,1280.9599256625013
kyrgyzstan,1982,1267.0196120821354
kyrgyzstan,1983,1325.878713865902
kyrgyzstan,1984,1317.0277211164635
kyrgyzstan,1985,1242.6793820211792
kyrgyzstan,1986,1197.7605938177783
kyrgyzstan,1987,1159.7013249951924
kyrgyzstan,1988,1256.6196956015451
kyrgyzstan,1989,1265.4706883509837
kyrgyzstan,1990,1270.5600091819108
kyrgyzstan,1991,1142.1993940599343
kyrgyzstan,1992,965.2256969983507
kyrgyzstan,1993,833.0868807289033
kyrgyzstan,1994,662.4587037716927
kyrgyzstan,1995,614.2656014380465
kyrgyzstan,1996,642.0408796575779
kyrgyzstan,1997,689.1991460464417
kyrgyzstan,1998,687.2709572759765
kyrgyzstan,1999,695.7900820522749
kyrgyzstan,2000,718.342832
kyrgyzstan,2001,743.0392923916392
kyrgyzstan,2002,730.0400606153574
kyrgyzstan,2003,766.677439580228
kyrgyzstan,2004,803.7026911748609
kyrgyzstan,2005,786.4517965214587
kyrgyzstan,2006,795.3867630646076
kyrgyzstan,2007,847.8133173577924
kyrgyzstan,2008,895.4374114950591
kyrgyzstan,2009,901.8794074204012
kyrgyzstan,2010,880.1535393428105
kyrgyzstan,2011,916.5202992043669
kyrgyzstan,2012,908.1118560924002
kyrgyzstan,2013,997.728157680466
kyrgyzstan,2014,1027.6002582098213
kyrgyzstan,2015,1051.9404882707775
kyrgyzstan,2016,1079.599840612773
kyrgyzstan,2017,1118.7467636793738
kyrgyzstan,2018,1145.5371476807113
latvia,1973,7006.598081181598
latvia,1980,7697.397332268829
latvia,1981,7826.81714329977
latvia,1982,7950.07410618638
latvia,1983,8054.282265717788
latvia,1984,8225.721495914619
latvia,1985,7996.575596729966
latvia,1986,8145.604470038322
latvia,1987,8045.318122962398
latvia,1988,8333.851467901508
latvia,1989,8774.214980760036
latvia,1990,8855.452524480756
latvia,1991,7717.52967637959
latvia,1992,5272.705967425703
latvia,1993,4728.210098067944
latvia,1994,4876.642799857175
latvia,1995,4879.33422769359
latvia,1996,5012.786782446611
latvia,1997,5475.690296108212
latvia,1998,5843.36979423732
latvia,1999,5999.0876548438555
latvia,2000,6336.3829670000005
latvia,2001,6781.277741969591
latvia,2002,7292.035715446027
latvia,2003,7923.251430156026
latvia,2004,8611.841468261191
latvia,2005,9563.427745398021
latvia,2006,10717.018794517764
latvia,2007,11789.173576077077
latvia,2008,11396.898094978056
latvia,2009,9850.534951250642
latvia,2010,9602.964825357267
latvia,2011,10324.45141852027
latvia,2012,10871.824385521262
latvia,2013,11277.451845202653
latvia,2014,11625.932894818434
latvia,2015,12038.84372048858
latvia,2016,12377.240109504546
latvia,2017,12960.356363173029
latvia,2018,13621.394660312366
lebanon,1820,872.2371207653772
lebanon,1870,1218.2352406261818
lebanon,1913,1859.5387325542313
lebanon,1950,3115.59237232799
lebanon,1951,4143.930970425916
lebanon,1952,4286.353452322108
lebanon,1953,4802.132044951819
lebanon,1954,5365.384798213594
lebanon,1955,5640.574000521489
lebanon,1956,5361.361564261724
lebanon,1957,5309.86416967779
lebanon,1958,4433.603814960543
lebanon,1959,4681.435026395724
lebanon,1960,4676.60714565348
lebanon,1961,4849.606205583883
lebanon,1962,4899.494306587068
lebanon,1963,4806.155278903689
lebanon,1964,4953.405641542124
lebanon,1965,5288.138706337693
lebanon,1966,5480.449289237071
lebanon,1967,5065.251545404105
lebanon,1968,5532.751330611378
lebanon,1969,5490.909697511932
lebanon,1970,5700.117863009163
lebanon,1971,6061.404271887072
lebanon,1972,6620.633791196978
lebanon,1973,6756.6190987701775
lebanon,1974,6745.354043704942
lebanon,1975,4620.281870327302
lebanon,1976,1964.9474620932208
lebanon,1977,3554.1248730818
lebanon,1978,3394.000161797381
lebanon,1979,3649.877841136302
lebanon,1980,3707.8124100432274
lebanon,1981,3660.3382494111634
lebanon,1982,2271.517889225701
lebanon,1983,2737.4083808522264
lebanon,1984,3884.8347039254995
lebanon,1985,4743.392829254519
lebanon,1986,4345.092668019407
lebanon,1987,4990.419393899327
lebanon,1988,3528.3761757898333
lebanon,1989,2001.961214450423
lebanon,1990,2483.1399950940536
lebanon,1991,3481.1429264068074
lebanon,1992,3715.8632230396347
lebanon,1993,4066.1057742549833
lebanon,1994,4494.48902364777
lebanon,1995,4904.64163210509
lebanon,1996,5284.437813890047
lebanon,1997,5295.423254195628
lebanon,1998,5627.825900956916
lebanon,1999,5751.257028842022
lebanon,2000,5958.978368
lebanon,2001,6305.877370407307
lebanon,2002,6636.807352612853
lebanon,2003,6977.243431999876
lebanon,2004,7637.394085234176
lebanon,2005,7992.622469356718
lebanon,2006,8237.06322107598
lebanon,2007,9073.604922785504
lebanon,2008,10041.273957536023
lebanon,2009,11296.71485877891
lebanon,2010,12570.487545058815
lebanon,2011,13059.41740776944
lebanon,2012,13127.812384951227
lebanon,2013,12113.957429080032
lebanon,2014,10795.141339657104
lebanon,2015,10422.589875713958
lebanon,2016,10437.878164731064
lebanon,2017,10364.479571948015
lebanon,2018,10105.532406497856
lesotho,1950,232.60833042675452
lesotho,1951,242.19282581676342
lesotho,1952,245.5105357594588
lesotho,1953,251.40868676869505
lesotho,1954,260.993182158704
lesotho,1955,265.0481609775539
lesotho,1956,270.94631198679014
lesotho,1957,276.10719411987185
lesotho,1958,281.6367106910308
lesotho,1959,284.9544206337262
lesotho,1960,299.6997981568168
lesotho,1961,299.6997981568168
lesotho,1962,338.40641415492973
lesotho,1963,366.79126588687916
lesotho,1964,388.5406977334378
lesotho,1965,388.5406977334378
lesotho,1966,377.8502990291971
lesotho,1967,410.29012957999646
lesotho,1968,399.59973087575577
lesotho,1969,395.9133864949831
lesotho,1970,395.54475205690585
lesotho,1971,350.93998504955675
lesotho,1972,408.44695738961013
lesotho,1973,502.8173735373901
lesotho,1974,521.2490954412534
lesotho,1975,468.16573635812716
lesotho,1976,533.4140318978032
lesotho,1977,611.1958983321061
lesotho,1978,712.9390032414315
lesotho,1979,618.5685870936514
lesotho,1980,585.7601221047748
lesotho,1981,576.5442611528432
lesotho,1982,580.9678744097704
lesotho,1983,575.4383578386114
lesotho,1984,585.7601221047748
lesotho,1985,589.8151009236248
lesotho,1986,606.4036506371017
lesotho,1987,597.5564241232473
lesotho,1988,639.9493845021328
lesotho,1989,665.016526291387
lesotho,1990,693.7700124614137
lesotho,1991,683.2797822570489
lesotho,1992,705.7962686423588
lesotho,1993,701.7606062680641
lesotho,1994,709.2875685419448
lesotho,1995,696.2394945620932
lesotho,1996,712.0766935638811
lesotho,1997,715.2653077263618
lesotho,1998,708.7658402217339
lesotho,1999,709.2169750470529
lesotho,2000,725.263669
lesotho,2001,736.2947965153556
lesotho,2002,722.1651490941855
lesotho,2003,738.4079197047458
lesotho,2004,738.7656057000122
lesotho,2005,742.3589067486142
lesotho,2006,758.0339434610918
lesotho,2007,776.6538163821498
lesotho,2008,802.8332388614143
lesotho,2009,810.7727030715034
lesotho,2010,852.976627710543
lesotho,2011,864.8163917292649
lesotho,2012,905.366179917764
lesotho,2013,943.3355270397224
lesotho,2014,974.6694542762899
lesotho,2015,998.9993271893894
lesotho,2016,1020.0114901597935
lesotho,2017,1002.9265741754456
lesotho,2018,1006.9124709005998
liberia,1950,2155.934919260518
liberia,1951,2228.4608162588092
liberia,1952,2242.1449477679207
liberia,1953,2274.9868633897886
liberia,1954,2344.775934086257
liberia,1955,2363.2495116235577
liberia,1956,2390.6177746417807
liberia,1957,2420.0386573863707
liberia,1958,2425.512309990015
liberia,1959,2500.7750332901282
liberia,1960,2513.7749582237843
liberia,1961,2506.248685893773
liberia,1962,2471.3541505455387
liberia,1963,2461.7752584891605
liberia,1964,2517.195991101062
liberia,1965,2489.8277280828393
liberia,1966,2879.1412695170616
liberia,1967,2781.299729226914
liberia,1968,2829.87839608426
liberia,1969,2948.2461336380748
liberia,1970,3049.5087068055
liberia,1971,3109.034678870135
liberia,1972,3125.455636681069
liberia,1973,3149.402866822014
liberia,1974,3158.2975523029363
liberia,1975,2959.8776454208196
liberia,1976,3020.772030636366
liberia,1977,2968.772330901742
liberia,1978,3053.6139462582337
liberia,1979,3110.403092021046
liberia,1980,2831.2468092351714
liberia,1981,2642.4057944094325
liberia,1982,2608.879672212109
liberia,1983,2443.9858875273158
liberia,1984,2355.7232392935466
liberia,1985,2236.671295164276
liberia,1986,2140.882374600496
liberia,1987,2110.0930787049947
liberia,1988,2100.514186648617
liberia,1989,2089.5668814413275
liberia,1990,1156.3091125199226
liberia,1991,1073.112535032799
liberia,1992,626.1315318548515
liberia,1993,383.383523044749
liberia,1994,286.08154806000596
liberia,1995,258.3427871811738
liberia,1996,267.58354434796166
liberia,1997,480.1661852387212
liberia,1998,528.670342
liberia,1999,580.49536379591
liberia,2000,665.0029495022638
liberia,2001,750.7453912360002
liberia,2002,918.7244002108381
liberia,2003,582.8831079029347
liberia,2004,520.5962254650213
liberia,2005,516.7289530592313
liberia,2006,526.355329051946
liberia,2007,525.6122807110013
liberia,2008,554.9996373333937
liberia,2009,573.6743716038782
liberia,2010,584.4732039842936
liberia,2011,561.049391873572
liberia,2012,583.6282088636059
liberia,2013,615.7859179100179
liberia,2014,604.8386127027287
liberia,2015,591.8386877690729
liberia,2016,567.2072510526721
liberia,2017,566.9408894328473
liberia,2018,559.9690981115851
libya,1950,688.7087492509963
libya,1951,742.0281362897831
libya,1952,774.2419326257168
libya,1953,760.9120858660201
libya,1954,735.3632129099348
libya,1955,896.4321945896032
libya,1956,1055.2795351426557
libya,1957,1064.16609964912
libya,1958,1133.0369745742198
libya,1959,1180.8022587964663
libya,1960,1469.6156052565614
libya,1961,1555.148788631282
libya,1962,1986.1471671948086
libya,1963,2579.325348001312
libya,1964,3505.7496978002328
libya,1965,4319.981170705039
libya,1966,4906.494428131695
libya,1967,5257.513726137041
libya,1968,6743.7916398432235
libya,1969,7263.655663471395
libya,1970,7321.418332763414
libya,1971,6673.809944354816
libya,1972,6928.187853352361
libya,1973,6670.477482664892
libya,1974,7690.210759781689
libya,1975,7633.558911052978
libya,1976,9044.301026454214
libya,1977,9644.144130640565
libya,1978,9697.46351767935
libya,1979,10092.91563821702
libya,1980,9709.68254387574
libya,1981,7509.147007962476
libya,1982,7399.175772194978
libya,1983,6928.187853352361
libya,1984,6326.123108039394
libya,1985,6767.118871672693
libya,1986,5965.106424964274
libya,1987,4959.813815170482
libya,1988,5187.532030648634
libya,1989,5413.02860500017
libya,1990,5466.347992038956
libya,1991,6639.748742340044
libya,1992,6790.838778571291
libya,1993,6876.736200008721
libya,1994,7381.487732037199
libya,1995,7663.498191203483
libya,1996,8379.958570587605
libya,1997,9355.569277355413
libya,1998,9492.495684912143
libya,1999,10068.552344048154
libya,2000,10853.805952
libya,2001,11501.97219449549
libya,2002,11983.170887038092
libya,2003,14296.898816188335
libya,2004,15766.163957557172
libya,2005,18371.36875871421
libya,2006,20724.647787267204
libya,2007,23029.218444939703
libya,2008,27926.694120917902
libya,2009,29329.87065962656
libya,2010,32388.353011975112
libya,2011,14321.809522730799
libya,2012,33064.68488742767
libya,2013,14802.794826643189
libya,2014,10814.949004367258
libya,2015,9457.52627600481
libya,2016,8993.203280542042
libya,2017,14450.048646990124
libya,2018,16677.096137287863
lithuania,1973,7150.012885721004
lithuania,1980,7522.784771277474
lithuania,1981,7792.173011869788
lithuania,1982,8066.287361946178
lithuania,1983,8104.096237818783
lithuania,1984,8150.175805288521
lithuania,1985,7849.477089364205
lithuania,1986,8073.967289857801
lithuania,1987,8170.852534281352
lithuania,1988,8773.431493501002
lithuania,1989,8680.090831190508
lithuania,1990,8157.855733200144
lithuania,1991,7679.519634839935
lithuania,1992,6049.9749848703095
lithuania,1993,5093.030741472713
lithuania,1994,4625.682670433875
lithuania,1995,4903.025425898836
lithuania,1996,5194.9990938754945
lithuania,1997,5666.983182936368
lithuania,1998,6133.3779386159
lithuania,1999,6106.366923234301
lithuania,2000,6384.308654
lithuania,2001,6856.83394167317
lithuania,2002,7379.005414414603
lithuania,2003,8221.9581419583
lithuania,2004,8858.95457996115
lithuania,2005,9699.127705288156
lithuania,2006,10584.157162797681
lithuania,2007,11897.078175554556
lithuania,2008,12335.029077609654
lithuania,2009,10623.909533042875
lithuania,2010,11025.872174751372
lithuania,2011,11958.829285768015
lithuania,2012,12585.038792408042
lithuania,2013,13158.670331037729
lithuania,2014,13736.437215465983
lithuania,2015,14112.753683135508
lithuania,2016,14617.265870560588
lithuania,2017,15452.727241961074
lithuania,2018,16169.529828086663
luxembourg,1950,24906.22733713757
luxembourg,1951,22968.166142791615
luxembourg,1952,24504.09360228769
luxembourg,1953,24679.096246157544
luxembourg,1954,24645.585101586723
luxembourg,1955,25725.38864886881
luxembourg,1956,26702.797032184495
luxembourg,1957,27853.3463291161
luxembourg,1958,28099.094722635473
luxembourg,1959,28637.134766022584
luxembourg,1960,29545.659129942684
luxembourg,1961,30437.427921577375
luxembourg,1962,30476.524256910005
luxembourg,1963,31213.76943746812
luxembourg,1964,33257.94925628835
luxembourg,1965,33514.86803133133
luxembourg,1966,33667.52991215397
luxembourg,1967,33634.01876758315
luxembourg,1968,34952.12378736887
luxembourg,1969,38195.257889723005
luxembourg,1970,38655.105262444864
luxembourg,1971,39314.15777233773
luxembourg,1972,41397.43392649058
luxembourg,1973,44346.41464872305
luxembourg,1974,45617.9764121604
luxembourg,1975,42155.15813984198
luxembourg,1976,43005.96886589011
luxembourg,1977,43596.137356387386
luxembourg,1978,45297.758808483646
luxembourg,1979,46237.932586720635
luxembourg,1980,46452.03156592312
luxembourg,1981,46796.45166290103
luxembourg,1982,46552.56499963559
luxembourg,1983,47917.21327576968
luxembourg,1984,50830.82112317739
luxembourg,1985,52188.02247829574
luxembourg,1986,55946.85586098977
luxembourg,1987,56844.20984338626
luxembourg,1988,62090.56569897407
luxembourg,1989,67845.17391388603
luxembourg,1990,68336.67070092478
luxembourg,1991,72976.65915107582
luxembourg,1992,73038.64452901545
luxembourg,1993,74803.38049845034
luxembourg,1994,76313.65015010576
luxembourg,1995,76030.39124308406
luxembourg,1996,75749.89998425786
luxembourg,1997,78772.30734770551
luxembourg,1998,82181.53999664402
luxembourg,1999,87615.09431864915
luxembourg,2000,93205.33595463198
luxembourg,2001,94068.88054327098
luxembourg,2002,96269.579748
luxembourg,2003,96283.16516600901
luxembourg,2004,97971.99541422259
luxembourg,2005,99159.65160153747
luxembourg,2006,102247.73354759594
luxembourg,2007,108668.63919568395
luxembourg,2008,104970.29212572907
luxembourg,2009,98171.62316416124
luxembourg,2010,100694.17047592341
luxembourg,2011,100591.14735034236
luxembourg,2012,97856.26560731238
luxembourg,2013,99436.87459290288
luxembourg,2014,102585.06045230635
luxembourg,2015,104204.76577322949
luxembourg,2016,106129.7948557979
luxembourg,2017,105708.20864621675
luxembourg,2018,106914.51471635043
madagascar,1950,569.709543352618
madagascar,1951,582.1108724625365
madagascar,1952,594.1364037206392
madagascar,1953,606.161934978742
madagascar,1954,618.1874662368447
madagascar,1955,630.2129974949474
madagascar,1956,642.2385287530502
madagascar,1957,654.264060011153
madagascar,1958,666.2895912692558
madagascar,1959,677.9393246755428
madagascar,1960,673.8055483055699
madagascar,1961,674.5571440092014
madagascar,1962,676.43613326828
madagascar,1963,656.5188471220472
madagascar,1964,668.54437838015
madagascar,1965,651.633475048443
madagascar,1966,651.2576771966272
madagascar,1967,672.6781547501229
madagascar,1968,703.1177807471954
madagascar,1969,714.015918449851
madagascar,1970,734.3090024478994
madagascar,1971,746.3345337060022
madagascar,1972,720.0286840789024
madagascar,1973,685.455281711857
madagascar,1974,682.4488988973313
madagascar,1975,674.5571440092014
madagascar,1976,636.6015609758146
madagascar,1977,635.4741674203674
madagascar,1978,602.7797543124005
madagascar,1979,644.1175180121288
madagascar,1980,631.3403910503946
madagascar,1981,560.690394909041
madagascar,1982,534.7603431337568
madagascar,1983,524.2380032829169
madagascar,1984,490.41619661950295
madagascar,1985,487.03401595316154
madagascar,1986,476.1358782505059
madagascar,1987,472.7536975841645
madagascar,1988,465.98933625148175
madagascar,1989,470.12311262145454
madagascar,1990,474.2568889914274
madagascar,1991,436.17748056586726
madagascar,1992,433.1619282837573
madagascar,1993,433.7419346882496
madagascar,1994,425.4677303263269
madagascar,1995,424.5946391772035
madagascar,1996,425.56990976223557
madagascar,1997,432.9772236395899
madagascar,1998,441.27205930357735
madagascar,1999,453.54809740970046
madagascar,2000,465.52951
madagascar,2001,484.81921373370045
madagascar,2002,417.44440861027624
madagascar,2003,450.37241766293175
madagascar,2004,465.9506290727447
madagascar,2005,479.70099731111117
madagascar,2006,496.98495517031563
madagascar,2007,520.1737495155301
madagascar,2008,548.2083820003376
madagascar,2009,513.9735734977781
madagascar,2010,507.1842216079496
madagascar,2011,506.1997063957628
madagascar,2012,507.7028978030257
madagascar,2013,505.44811069213137
madagascar,2014,508.8302913584728
madagascar,2015,511.08507846936703
madagascar,2016,518.976833357497
madagascar,2017,525.9576918326109
madagascar,2018,536.4891635712498
malawi,1950,222.792910872129
malawi,1951,228.40591056464388
malawi,1952,233.1553718429257
malawi,1953,238.76837153544056
malawi,1954,244.38137122795544
malawi,1955,243.51783281372238
malawi,1956,258.6297550628009
malawi,1957,263.3792163410827
malawi,1958,266.833369998015
malawi,1959,270.28752365494717
malawi,1960,271.1510620691802
malawi,1961,278.0593693830447
malawi,1962,270.28752365494717
malawi,1963,258.6297550628009
malawi,1964,246.97198647065463
malawi,1965,273.3099081047629
malawi,1966,293.1712916321232
malawi,1967,313.0326751594836
malawi,1968,300.94313736022076
malawi,1969,311.737367538134
malawi,1970,307.8514446740852
malawi,1971,342.82475045052405
malawi,1972,367.4355952561662
malawi,1973,386.86520957641005
malawi,1974,400.68182420413893
malawi,1975,403.2724394468381
malawi,1976,406.72659310377037
malawi,1977,414.9302080389844
malawi,1978,438.24574522327697
malawi,1979,444.72228333002494
malawi,1980,433.4962839449952
malawi,1981,399.3865165827894
malawi,1982,390.31936323334224
malawi,1983,394.205286097391
malawi,1984,399.3865165827894
malawi,1985,417.08905407456706
malawi,1986,404.1359778610712
malawi,1987,390.7511324404588
malawi,1988,376.5027486056133
malawi,1989,373.0485949486811
malawi,1990,371.7532873273315
malawi,1991,388.5815353516189
malawi,1992,346.68066535467824
malawi,1993,373.809890414669
malawi,1994,341.7669590700093
malawi,1995,391.56242678063074
malawi,1996,420.0343245439918
malawi,1997,434.29596369349565
malawi,1998,425.7368299931419
malawi,1999,427.38066171847595
malawi,2000,417.5584735565442
malawi,2001,388.26004
malawi,2002,382.6329214544124
malawi,2003,391.09460484472
malawi,2004,398.4199148588176
malawi,2005,397.24921583064184
malawi,2006,401.3192019076844
malawi,2007,424.1664422099384
malawi,2008,439.4636798027113
malawi,2009,458.51709361279444
malawi,2010,471.3139125502349
malawi,2011,475.809666242415
malawi,2012,468.46958972143403
malawi,2013,476.67320465664807
malawi,2014,487.4674348345613
malawi,2015,485.30858879897863
malawi,2016,480.1273583135803
malawi,2017,483.050910791887
malawi,2018,482.13085378844244
malaysia,1820,460.40687760526646
malaysia,1870,505.44147333356517
malaysia,1900,391.7736746238954
malaysia,1901,455.391125551455
malaysia,1902,487.8863650997972
malaysia,1903,422.43820994673786
malaysia,1904,394.0621028149144
malaysia,1905,413.74231696646973
malaysia,1906,380.78935345260817
malaysia,1907,408.2501563808261
malaysia,1908,471.40993125201084
malaysia,1909,440.2877198727934
malaysia,1910,514.4318159152654
malaysia,1911,543.2655991034636
malaysia,1912,524.0430610082833
malaysia,1913,617.4096951459356
malaysia,1914,692.4691433011574
malaysia,1915,738.6947603590364
malaysia,1916,665.4660643384589
malaysia,1917,823.3655015164206
malaysia,1918,859.9798255721373
malaysia,1919,899.3403017843922
malaysia,1920,855.8607410647629
malaysia,1921,1040.7632572054233
malaysia,1922,1151.9794012691314
malaysia,1923,983.0956429198822
malaysia,1924,979.4341865597384
malaysia,1925,830.230690271189
malaysia,1926,1043.967037509192
malaysia,1927,981.7226147507574
malaysia,1928,1215.5968521966909
malaysia,1929,1542.8377237802765
malaysia,1930,1508.0540560409154
malaysia,1931,1471.8974080415737
malaysia,1932,1337.7972695225415
malaysia,1933,1336.8819174097916
malaysia,1934,1344.204782220935
malaysia,1935,1287.9101961045185
malaysia,1936,1392.261151413458
malaysia,1937,1514.9192447956837
malaysia,1938,1205.0702070817786
malaysia,1939,1228.8695536498528
malaysia,1940,975.9092712611111
malaysia,1941,945.2474188503545
malaysia,1942,1277.736880929496
malaysia,1947,816.3718204363934
malaysia,1948,905.0037375612366
malaysia,1949,1168.9831231600938
malaysia,1950,1190.542238136407
malaysia,1951,1099.5148637919735
malaysia,1952,1123.469435987877
malaysia,1953,1099.5148637919735
malaysia,1954,1137.8421793054192
malaysia,1955,1114.8457899973519
malaysia,1956,1149.3403739594528
malaysia,1957,1111.013058446007
malaysia,1958,1078.9139317034965
malaysia,1959,1120.1157958804506
malaysia,1960,1168.5040317161756
malaysia,1961,1215.9340846640648
malaysia,1962,1249.9495771822478
malaysia,1963,1274.3832408220694
malaysia,1964,1319.4178365503683
malaysia,1965,1377.866992708373
malaysia,1966,1409.4870280069656
malaysia,1967,1397.5097419090139
malaysia,1968,1483.2671103703485
malaysia,1969,1531.1762547621556
malaysia,1970,1587.709045144488
malaysia,1971,1664.8427676152976
malaysia,1972,1748.204678857042
malaysia,1973,1955.1721826296487
malaysia,1974,2052.9068371889352
malaysia,1975,2022.2449847781786
malaysia,1976,2222.026116892014
malaysia,1977,2348.985349530303
malaysia,1978,2497.9827885888235
malaysia,1979,2639.7938559885724
malaysia,1980,2792.624026598437
malaysia,1981,2920.062350680644
malaysia,1982,3019.713371015603
malaysia,1983,3127.988037341087
malaysia,1984,3289.920945385395
malaysia,1985,3174.45990740114
malaysia,1986,3134.69531755594
malaysia,1987,3220.9317774611927
malaysia,1988,3422.629275350701
malaysia,1989,3657.3840828705556
malaysia,1990,3918.4889198059045
malaysia,1991,4207.002051247217
malaysia,1992,4495.761627327282
malaysia,1993,4854.120638012812
malaysia,1994,5206.409416376468
malaysia,1995,5617.391495897948
malaysia,1996,6069.450588366097
malaysia,1997,6393.269597220642
malaysia,1998,5811.204729622329
malaysia,1999,6054.090389673495
malaysia,2000,6455.614198
malaysia,2001,6375.372800969072
malaysia,2002,6616.191564712887
malaysia,2003,6880.785912089157
malaysia,2004,7228.173057980941
malaysia,2005,7498.316721552115
malaysia,2006,7835.025110795544
malaysia,2007,8244.9647352442
malaysia,2008,8559.27569530275
malaysia,2009,8350.776871547947
malaysia,2010,8898.788015130853
malaysia,2011,9289.583097571402
malaysia,2012,9646.027131846446
malaysia,2013,9945.938375739159
malaysia,2014,10388.139778475539
malaysia,2015,10746.979269970174
malaysia,2016,11044.495056643296
malaysia,2017,11517.891923840669
malaysia,2018,11901.760158457615
mali,1950,417.4649726678611
mali,1951,424.3462634261225
mali,1952,431.22755418438396
mali,1953,438.6822858391672
mali,1954,446.13701749395045
mali,1955,453.5917491487337
mali,1956,460.4730399069951
mali,1957,467.92777156177834
mali,1958,475.9559441130834
mali,1959,484.5575575609102
mali,1960,487.9982029400409
mali,1961,481.69035307830126
mali,1962,474.235621423518
mali,1963,496.5998163878677
mali,1964,509.21551611134703
mali,1965,505.2014298356945
mali,1966,515.5233659730867
mali,1967,521.8312158348264
mali,1968,529.2859474896096
mali,1969,515.5233659730867
mali,1970,535.5937973513493
mali,1971,541.901647213089
mali,1972,556.8111105226553
mali,1973,531.006270179175
mali,1974,506.3483116287381
mali,1975,563.118960384395
mali,1976,625.050577208748
mali,1977,658.3101492070117
mali,1978,631.3584270704877
mali,1979,771.2780058218037
mali,1980,669.7789671374475
mali,1981,637.0928360357055
mali,1982,590.6441234174408
mali,1983,606.1270276235291
mali,1984,621.6099318296174
mali,1985,624.4771363122262
mali,1986,652.5757402417938
mali,1987,652.5757402417938
mali,1988,639.9600405183145
mali,1989,690.9962803087536
mali,1990,682.9681077574486
mali,1991,680.5353994421342
mali,1992,639.6194166257806
mali,1993,639.4440583996243
mali,1994,637.5432165158338
mali,1995,630.924447
mali,1996,648.2804958945767
mali,1997,665.737183666493
mali,1998,669.453596772761
mali,1999,683.7232147299885
mali,2000,661.2037893149503
mali,2001,750.7808197283497
mali,2002,757.7097060810224
mali,2003,797.8073887380395
mali,2004,783.8840143941319
mali,2005,811.29999428048
mali,2006,824.727227560717
mali,2007,826.4464033684892
mali,2008,837.5081356064842
mali,2009,847.2121318337844
mali,2010,863.026026125345
mali,2011,860.1613447826808
mali,2012,830.3424181635479
mali,2013,827.475213680939
mali,2014,863.0285492652897
mali,2015,890.5537122983355
mali,2016,914.0647890557289
mali,2017,934.3412004040221
mali,2018,956.0951969103829
malta,1950,1300.3167565846713
malta,1951,1357.3554445721743
malta,1952,1406.1276560397494
malta,1953,1470.6061728951877
malta,1954,1524.3382702747194
malta,1955,1595.4299683461002
malta,1956,1777.2924517845156
malta,1957,1772.332565872559
malta,1958,1864.0904552437594
malta,1959,1883.1033512395938
malta,1960,1969.9013546988376
malta,1961,1951.7151063549961
malta,1962,1868.2236935037236
malta,1963,1870.7036364597018
malta,1964,1936.8354486191256
malta,1965,2098.8583884097143
malta,1966,2337.759559835633
malta,1967,2491.5160231062932
malta,1968,2735.3770804441688
malta,1969,2879.2137718909153
malta,1970,3214.8327185999915
malta,1971,3295.8441884952854
malta,1972,3553.7582559170387
malta,1973,3671.9688701520085
malta,1974,4019.9875316409766
malta,1975,4743.304227134675
malta,1976,5525.312905919862
malta,1977,6148.605235522431
malta,1978,6679.3130281018075
malta,1979,7229.033716677019
malta,1980,7373.697055775758
malta,1981,7624.997941981569
malta,1982,7874.645532883394
malta,1983,7924.244392002962
malta,1984,8098.667046573442
malta,1985,8411.966506678713
malta,1986,8749.238748691774
malta,1987,9046.005255757189
malta,1988,9725.50962569527
malta,1989,10421.546948673204
malta,1990,10960.521217772508
malta,1991,11436.609920041765
malta,1992,11855.203294160558
malta,1993,12267.715104168403
malta,1994,12845.327049851381
malta,1995,13571.21767813909
malta,1996,13996.837557299821
malta,1997,14627.356275346581
malta,1998,15283.612172049545
malta,1999,15916.57545253278
malta,2000,16892.172363705606
malta,2001,16874.399852511586
malta,2002,17255.429944
malta,2003,17585.386519622454
malta,2004,17552.21042141073
malta,2005,18107.894794141714
malta,2006,18379.450449110947
malta,2007,19052.792822121544
malta,2008,19570.54778997708
malta,2009,18953.092171450935
malta,2010,19535.853636017237
malta,2011,19732.90610072008
malta,2012,20088.364591076985
malta,2013,20800.108219442784
malta,2014,22317.833308501562
malta,2015,23724.787612193304
malta,2016,24648.153039469256
malta,2017,25545.008124540098
malta,2018,26476.625231343012
mauritania,1950,457.86649666415474
mauritania,1951,470.6786666739028
mauritania,1952,483.4908366836509
mauritania,1953,496.30300669339897
mauritania,1954,509.7895014405022
mauritania,1955,523.2759961876054
mauritania,1956,537.4368156720639
mauritania,1957,550.2489856818119
mauritania,1958,564.4098051662703
mauritania,1959,578.5706246507286
mauritania,1960,615.6584852052625
mauritania,1961,711.4125979096955
mauritania,1962,687.1369073649097
mauritania,1963,636.5625520632726
mauritania,1964,814.5842827250352
mauritania,1965,915.7329933283095
mauritania,1966,906.9667717426923
mauritania,1967,925.1735396512818
mauritania,1968,991.9316886494428
mauritania,1969,960.9127507311053
mauritania,1970,1043.8546934257902
mauritania,1971,1033.7398223654627
mauritania,1972,1018.9046781436492
mauritania,1973,993.2803381241531
mauritania,1974,1058.6898376476038
mauritania,1975,1145.6777287664197
mauritania,1976,1199.6237077548326
mauritania,1977,1174.6736924726915
mauritania,1978,1066.1074097585106
mauritania,1979,1150.3980019279059
mauritania,1980,1134.214208231382
mauritania,1981,1155.792599826747
mauritania,1982,1043.8546934257902
mauritania,1983,1047.226317112566
mauritania,1984,1002.0465597097702
mauritania,1985,1012.8357555074527
mauritania,1986,1047.226317112566
mauritania,1987,1045.8776676378557
mauritania,1988,1033.7398223654627
mauritania,1989,1051.272265536697
mauritania,1990,1018.9046781436492
mauritania,1991,1043.5468641831876
mauritania,1992,1051.8824619915297
mauritania,1993,1125.2605918012537
mauritania,1994,1168.602746862283
mauritania,1995,1137.0448211813775
mauritania,1996,1263.044556195349
mauritania,1997,1213.6666552752013
mauritania,1998,1241.5717638538538
mauritania,1999,1317.785226886735
mauritania,2000,1304.644391
mauritania,2001,1324.674263268503
mauritania,2002,1326.6990581573593
mauritania,2003,1400.055339845593
mauritania,2004,1474.0403619189367
mauritania,2005,1598.8284702448284
mauritania,2006,1892.9636609461986
mauritania,2007,1938.707018964476
mauritania,2008,1952.6185405935341
mauritania,2009,1925.5845921430707
mauritania,2010,2011.3413011564235
mauritania,2011,2093.1039847504217
mauritania,2012,2166.6053811221345
mauritania,2013,2238.0838032817815
mauritania,2014,2332.489266511504
mauritania,2015,2308.887900704073
mauritania,2016,2297.424380169036
mauritania,2017,2313.9207908137973
mauritania,2018,2331.4878942765317
mauritius,1950,1586.5437440773126
mauritius,1951,1618.7414862199269
mauritius,1952,1610.6920506842732
mauritius,1953,1612.301937791404
mauritius,1954,1648.1219259250622
mauritius,1955,1648.1219259250622
mauritius,1956,1652.5491154696717
mauritius,1957,1664.623268773152
mauritius,1958,1663.0133816660214
mauritius,1959,1710.9075231031597
mauritius,1960,1769.265930736648
mauritius,1961,2114.586715216185
mauritius,1962,2070.3148197700903
mauritius,1963,2312.2003576164793
mauritius,1964,2091.2433521627895
mauritius,1965,2103.7199772430527
mauritius,1966,1980.5636135475534
mauritius,1967,2026.4453961007787
mauritius,1968,1852.1751167538794
mauritius,1969,1914.9607139319771
mauritius,1970,1876.32342336084
mauritius,1971,1933.4744156639802
mauritius,1972,2063.8752713415674
mauritius,1973,2281.210030804213
mauritius,1974,2430.1245882138037
mauritius,1975,2426.904813999542
mauritius,1976,2923.554986549366
mauritius,1977,3062.810221316172
mauritius,1978,3124.3884031639213
mauritius,1979,3175.099847038539
mauritius,1980,2805.2282841752585
mauritius,1981,2923.554986549366
mauritius,1982,3043.894047807386
mauritius,1983,3024.9778742986
mauritius,1984,3138.4749153513153
mauritius,1985,3326.429235108825
mauritius,1986,3622.6484628208755
mauritius,1987,3960.3222835415413
mauritius,1988,4192.950970521929
mauritius,1989,4349.110019913607
mauritius,1990,4623.998243456176
mauritius,1991,4686.139161342223
mauritius,1992,4830.6192847152215
mauritius,1993,4921.7525387720525
mauritius,1994,4983.029872966657
mauritius,1995,5058.236393131111
mauritius,1996,5168.5145856546515
mauritius,1997,5311.941198904744
mauritius,1998,5476.789533462806
mauritius,1999,5462.620756044237
mauritius,2000,5744.198302
mauritius,2001,5774.508411262325
mauritius,2002,5713.505764055375
mauritius,2003,5885.468954436223
mauritius,2004,5978.562769259295
mauritius,2005,5926.462998990666
mauritius,2006,6054.198364584978
mauritius,2007,6246.127978576125
mauritius,2008,6422.628595521243
mauritius,2009,6451.326322351422
mauritius,2010,6547.9422079402975
mauritius,2011,6633.942296708865
mauritius,2012,6798.955725189762
mauritius,2013,6967.188927884921
mauritius,2014,7171.242118713739
mauritius,2015,7374.087894212208
mauritius,2016,7613.961073174683
mauritius,2017,7856.886678586634
mauritius,2018,8105.206975447401
mexico,1550,436.0483540945805
mexico,1570,460.35767000229225
mexico,1595,566.7109270985314
mexico,1596,571.2689238312273
mexico,1597,562.1529303658355
mexico,1598,562.9125964879514
mexico,1599,582.6639156629673
mexico,1600,606.9732315706791
mexico,1601,616.089225036071
mexico,1602,623.6858862572309
mexico,1603,634.3212119668549
mexico,1604,647.9952021649427
mexico,1605,658.6305278745666
mexico,1606,676.8625148053505
mexico,1607,689.0171727592063
mexico,1608,711.0474903005702
mexico,1609,732.3181417198181
mexico,1610,741.4341351852099
mexico,1611,743.7131335515579
mexico,1612,761.9451204823418
mexico,1613,766.5031172150377
mexico,1614,762.7047866044578
mexico,1615,758.9064559938778
mexico,1616,754.3484592611819
mexico,1617,756.6274576275298
mexico,1618,760.4257882381098
mexico,1619,749.7904625284859
mexico,1620,761.9451204823418
mexico,1621,770.3014478256177
mexico,1622,777.1384429246617
mexico,1623,776.3787768025456
mexico,1624,771.0611139477337
mexico,1625,776.3787768025456
mexico,1626,797.6494282217935
mexico,1627,819.6797457631574
mexico,1628,818.9200796410413
mexico,1629,827.2764069843173
mexico,1630,851.585722892029
mexico,1631,851.585722892029
mexico,1632,848.5470584035651
mexico,1633,850.0663906477971
mexico,1634,848.5470584035651
mexico,1635,863.7403808458849
mexico,1636,875.1353726776249
mexico,1637,857.663051868957
mexico,1638,834.1134020833612
mexico,1639,829.5554053506653
mexico,1640,828.0360731064333
mexico,1641,828.0360731064333
mexico,1642,829.5554053506653
mexico,1643,828.0360731064333
mexico,1644,825.7570747400853
mexico,1645,821.1990780073893
mexico,1646,818.9200796410413
mexico,1647,827.2764069843173
mexico,1648,848.5470584035651
mexico,1649,870.5773759449289
mexico,1650,890.3286951199448
mexico,1651,884.2513661430169
mexico,1652,886.5303645093647
mexico,1653,885.0110322651328
mexico,1654,885.0110322651328
mexico,1655,887.2900306314808
mexico,1656,882.7320338987848
mexico,1657,870.5773759449289
mexico,1658,872.096708189161
mexico,1659,878.9337032882048
mexico,1660,890.3286951199448
mexico,1661,897.1656902189887
mexico,1662,896.4060240968727
mexico,1663,893.3673596084087
mexico,1664,923.7540044930485
mexico,1665,970.8533040642401
mexico,1666,1014.9139391469678
mexico,1667,1047.5795823979554
mexico,1668,1054.4165774969995
mexico,1669,1068.0905676950874
mexico,1670,1084.8032223816392
mexico,1671,1102.275543190307
mexico,1672,1106.833539923003
mexico,1673,1113.670535022047
mexico,1674,1119.747863998975
mexico,1675,1100.756210946075
mexico,1676,1060.4939064739274
mexico,1677,1025.5492648565917
mexico,1678,1007.3172779258078
mexico,1679,1001.2399489488798
mexico,1680,988.325624872908
mexico,1681,954.1406493776882
mexico,1682,929.0716673478604
mexico,1683,921.4750061267005
mexico,1684,925.2733367372805
mexico,1685,955.6599816219202
mexico,1686,967.8146395757761
mexico,1687,964.0163089651961
mexico,1688,964.7759750873122
mexico,1689,976.9306330411681
mexico,1690,970.8533040642401
mexico,1691,962.4969767209642
mexico,1692,990.604623239256
mexico,1693,1007.3172779258078
mexico,1694,1045.3005840316075
mexico,1695,1049.8585807643035
mexico,1696,1048.3392485200716
mexico,1697,1058.2149081075795
mexico,1698,1074.9275627941313
mexico,1699,1096.198214213379
mexico,1700,1121.2671962432069
mexico,1701,1137.9798509297586
mexico,1702,1170.6454941807465
mexico,1703,1188.1178149894145
mexico,1704,1168.3664958143986
mexico,1705,1122.7865284874388
mexico,1706,1112.9108688999308
mexico,1707,1087.082220747987
mexico,1708,1068.0905676950874
mexico,1709,1094.6788819691471
mexico,1710,1131.9025219528307
mexico,1711,1151.6538411278466
mexico,1712,1169.8858280586305
mexico,1713,1158.4908362268907
mexico,1714,1131.9025219528307
mexico,1715,1147.0958443951506
mexico,1716,1161.5295007153545
mexico,1717,1161.5295007153545
mexico,1718,1167.6068296922824
mexico,1719,1182.8001521346023
mexico,1720,1156.2118378605426
mexico,1721,1102.275543190307
mexico,1722,1051.3779130085354
mexico,1723,1029.3475954671717
mexico,1724,1025.5492648565917
mexico,1725,1027.0685971008236
mexico,1726,1017.1929375133158
mexico,1727,1013.3946069027357
mexico,1728,1003.5189473152278
mexico,1729,1002.7592811931119
mexico,1730,1008.8366101700398
mexico,1731,1027.8282632229395
mexico,1732,1031.6265938335196
mexico,1733,1027.8282632229395
mexico,1734,1017.1929375133158
mexico,1735,1009.5962762921558
mexico,1736,994.402953849836
mexico,1737,989.0852909950239
mexico,1738,992.8836216056039
mexico,1739,1002.7592811931119
mexico,1740,1006.5576118036918
mexico,1741,991.3642893613719
mexico,1742,970.0936379421241
mexico,1743,964.0163089651961
mexico,1744,951.8616510113403
mexico,1745,943.5053236680643
mexico,1746,952.6213171334563
mexico,1747,979.9692975296321
mexico,1748,997.4416183382999
mexico,1749,991.3642893613719
mexico,1750,984.527294262328
mexico,1751,988.325624872908
mexico,1752,1033.9055921998677
mexico,1753,1062.0132387181593
mexico,1754,1074.9275627941313
mexico,1755,1086.3225546258711
mexico,1756,1104.554541556655
mexico,1757,1110.631870533583
mexico,1758,1112.9108688999308
mexico,1759,1112.9108688999308
mexico,1760,1121.2671962432069
mexico,1761,1128.863857464367
mexico,1762,1129.6235235864829
mexico,1763,1076.4468950383632
mexico,1764,1057.4552419854633
mexico,1765,1055.9359097412314
mexico,1766,1066.5712354508553
mexico,1767,1065.8115693287393
mexico,1768,1058.2149081075795
mexico,1769,1049.8585807643035
mexico,1770,1054.4165774969995
mexico,1771,1039.9829211767956
mexico,1772,1049.8585807643035
mexico,1773,1058.2149081075795
mexico,1774,1088.6015529922192
mexico,1775,1093.1595497249152
mexico,1776,1098.4772125797272
mexico,1777,1099.2368787018431
mexico,1778,1116.7091995105109
mexico,1779,1122.7865284874388
mexico,1780,1109.112538289351
mexico,1781,1081.0048917710592
mexico,1782,1068.0905676950874
mexico,1783,1027.0685971008236
mexico,1784,996.6819522161838
mexico,1785,983.007962018096
mexico,1786,986.04662650656
mexico,1787,989.0852909950239
mexico,1788,989.0852909950239
mexico,1789,990.604623239256
mexico,1790,986.04662650656
mexico,1791,1011.1156085363878
mexico,1792,1027.8282632229395
mexico,1793,1043.7812517873756
mexico,1794,1052.1375791306514
mexico,1795,1054.4165774969995
mexico,1796,1048.3392485200716
mexico,1797,1030.1072615892876
mexico,1798,1018.7122697575477
mexico,1799,1005.0382795594599
mexico,1800,991.3642893613719
mexico,1801,986.04662650656
mexico,1802,967.8146395757761
mexico,1803,960.2179783546162
mexico,1804,941.9859914238324
mexico,1805,929.0716673478604
mexico,1806,913.1186787834246
mexico,1807,890.3286951199448
mexico,1808,868.2983775785809
mexico,1809,843.9890616708691
mexico,1810,815.1217490304614
mexico,1811,793.0914314890975
mexico,1820,764.9837849708058
mexico,1850,800.6880927102575
mexico,1860,699.6524984688303
mexico,1870,794.6107637333296
mexico,1890,1191.1564794778783
mexico,1895,1334.7333765578012
mexico,1896,1356.004027977049
mexico,1897,1426.6529773338364
mexico,1898,1488.1859332252318
mexico,1899,1393.9873340828487
mexico,1900,1384.1116744953408
mexico,1901,1486.6666009809999
mexico,1902,1364.360355320325
mexico,1903,1502.6195895454357
mexico,1904,1513.2549152550596
mexico,1905,1653.7931478465187
mexico,1906,1618.0888401070667
mexico,1907,1695.5747845628982
mexico,1908,1673.5444670215345
mexico,1909,1704.6907780282902
mexico,1910,1701.6521135398261
mexico,1911,1633.2821625493866
mexico,1912,1618.848506229183
mexico,1913,1522.3709087204516
mexico,1914,1524.6499070867997
mexico,1915,1502.6195895454357
mexico,1916,1618.0888401070667
mexico,1917,1686.4587910975063
mexico,1918,1753.3094098437136
mexico,1919,1822.4390269562691
mexico,1920,1938.6679436400163
mexico,1921,1931.0712824188563
mexico,1922,1946.2646048611762
mexico,1923,1981.209246478512
mexico,1924,1916.6376260986524
mexico,1925,2005.5185623862237
mexico,1926,2093.639832551679
mexico,1927,1967.535256280424
mexico,1928,1948.5436032275243
mexico,1929,1841.430680009169
mexico,1930,1696.3344506850142
mexico,1931,1722.922764959074
mexico,1932,1435.7689707992283
mexico,1933,1573.268538902223
mexico,1934,1653.0334817244025
mexico,1935,1746.4724147446698
mexico,1936,1856.6240024514889
mexico,1937,1885.4913150918967
mexico,1938,1883.2123167255486
mexico,1939,1952.341933838104
mexico,1940,1944.7452726169442
mexico,1941,2079.965842353591
mexico,1942,2139.9794660007547
mexico,1943,2160.4904512978865
mexico,1944,2277.4790341037497
mexico,1945,2285.835361447025
mexico,1946,2373.1969654903646
mexico,1947,2389.1499540548007
mexico,1948,2421.8155973057883
mexico,1949,2488.666216051996
mexico,1950,2666.4280886271385
mexico,1951,2790.2536665320454
mexico,1952,2815.322648561873
mexico,1953,2736.3173718618095
mexico,1954,2925.474236268692
mexico,1955,3084.244455790935
mexico,1956,3200.473372474682
mexico,1957,3344.8099356767207
mexico,1958,3419.2572156440883
mexico,1959,3416.218551155624
mexico,1960,3587.903094753839
mexico,1961,3651.7150490115823
mexico,1962,3707.930342048166
mexico,1963,3887.9712129896566
mexico,1964,4219.945308354346
mexico,1965,4358.204542579457
mexico,1966,4520.013426590163
mexico,1967,4658.272660815274
mexico,1968,4886.172497450072
mexico,1969,5035.826723506923
mexico,1970,5221.185257303226
mexico,1971,5250.812236065749
mexico,1972,5512.137382073651
mexico,1973,5771.183529715205
mexico,1974,5926.155418626868
mexico,1975,6085.685304271226
mexico,1976,6176.845238925146
mexico,1977,6211.789880542481
mexico,1978,6601.498601187986
mexico,1979,7070.212598533554
mexico,1980,7542.724926489703
mexico,1981,8005.361594858343
mexico,1982,7778.981090467777
mexico,1983,7335.336075152037
mexico,1984,7427.2556759280715
mexico,1985,7433.333004904999
mexico,1986,7051.98061160277
mexico,1987,7031.4696263056385
mexico,1988,6983.610660612331
mexico,1989,7134.784218913414
mexico,1990,7368.001718403024
mexico,1991,7603.156898270316
mexico,1992,7795.853806806258
mexico,1993,7868.491865937195
mexico,1994,8144.386724467771
mexico,1995,7554.8436522359825
mexico,1996,7890.271493658261
mexico,1997,8379.378044352521
mexico,1998,8744.423596610633
mexico,1999,9035.622916737195
mexico,2000,9581.969702
mexico,2001,9545.558221067471
mexico,2002,9606.36068201584
mexico,2003,9719.134637176203
mexico,2004,10094.139488261866
mexico,2005,10373.849541990934
mexico,2006,10853.77400826718
mexico,2007,11155.490374088153
mexico,2008,11249.204306244626
mexico,2009,10655.828338593701
mexico,2010,11165.039453209763
mexico,2011,11554.521717384267
mexico,2012,11880.418483772028
mexico,2013,11911.564794778784
mexico,2014,12045.266032271198
mexico,2015,12227.585901579037
mexico,2016,12255.693548097328
mexico,2017,12389.121457719006
mexico,2018,12529.99303180485
moldova,1973,3853.048583660575
moldova,1980,4090.0344998211763
moldova,1981,4297.284540569991
moldova,1982,4517.149801190473
moldova,1983,4675.741136720001
moldova,1984,4734.311800409883
moldova,1985,4234.2084412116565
moldova,1986,4477.051423741246
moldova,1987,4438.755220559399
moldova,1988,4384.239448971124
moldova,1989,4635.192215703928
moldova,1990,4431.09597992303
moldova,1991,3585.285270524711
moldova,1992,2498.879700886647
moldova,1993,2425.6626768170454
moldova,1994,1649.9846152840614
moldova,1995,1603.4064752021093
moldova,1996,1489.2702734132022
moldova,1997,1496.921539428438
moldova,1998,1386.7774239679202
moldova,1999,1329.061441424343
moldova,2000,1346.915672
moldova,2001,1419.4967087706425
moldova,2002,1520.0029764666335
moldova,2003,1610.8139971476821
moldova,2004,1718.1168497126039
moldova,2005,1835.3674339073289
moldova,2006,1911.6880723915
moldova,2007,1956.596092525514
moldova,2008,2096.1347065372197
moldova,2009,1956.4980091910115
moldova,2010,2079.404537106485
moldova,2011,2204.0591290069615
moldova,2012,2209.9161953759494
moldova,2013,2442.3966758680986
moldova,2014,2585.669530124888
moldova,2015,2601.889098531317
moldova,2016,2733.898363616975
moldova,2017,2892.1039437445697
moldova,2018,3039.695122926501
mongolia,1950,368.54040694906115
mongolia,1951,379.42786357975723
mongolia,1952,391.4040658735229
mongolia,1953,403.38026816728853
mongolia,1954,415.90084329258895
mongolia,1955,427.8770455863546
mongolia,1956,440.9419935431899
mongolia,1957,454.5513143315599
mongolia,1958,467.6162622883952
mongolia,1959,481.76995590830006
mongolia,1960,496.46802235973973
mongolia,1961,511.16608881117935
mongolia,1962,525.8641552626191
mongolia,1963,542.1953402086631
mongolia,1964,559.070897986242
mongolia,1965,575.402082932286
mongolia,1966,591.7332678783301
mongolia,1967,610.7863169820482
mongolia,1968,628.2062475911619
mongolia,1969,647.2592966948799
mongolia,1970,667.4010914616676
mongolia,1971,678.2885480923637
mongolia,1972,683.7322764077117
mongolia,1973,722.9271202782174
mongolia,1974,730.5483399197047
mongolia,1975,755.0451173387709
mongolia,1976,762.666336980258
mongolia,1977,800.2280623561594
mongolia,1978,836.7010420689911
mongolia,1979,847.0441258681524
mongolia,1980,880.7952414233101
mongolia,1981,933.0550332506511
mongolia,1982,987.4923164041314
mongolia,1983,1021.2434319592892
mongolia,1984,1056.0832931775165
mongolia,1985,1090.923154395744
mongolia,1986,1166.0466051475466
mongolia,1987,1180.2002987674514
mongolia,1988,1212.3182958280047
mongolia,1989,1215.0401599856787
mongolia,1990,1155.7035213483853
mongolia,1991,1075.6932901251778
mongolia,1992,1002.1971875159653
mongolia,1993,1005.0350575240393
mongolia,1994,1064.50871480303
mongolia,1995,1169.2195910707135
mongolia,1996,1236.7054909960827
mongolia,1997,1330.9984866375523
mongolia,1998,1426.5230713730857
mongolia,1999,1525.2574416351981
mongolia,2000,1598.31282
mongolia,2001,1705.8226980555858
mongolia,2002,1851.9272489349103
mongolia,2003,2055.245819906808
mongolia,2004,2359.43781974505
mongolia,2005,2625.092959154263
mongolia,2006,2954.231660556836
mongolia,2007,3373.254808661976
mongolia,2008,3800.8908059585265
mongolia,2009,3879.641031825863
mongolia,2010,4262.474165216004
mongolia,2011,5162.831934276065
mongolia,2012,5712.104121294681
mongolia,2013,6284.784340069293
mongolia,2014,6686.531489741977
mongolia,2015,6749.134365368479
mongolia,2016,6728.448197770156
mongolia,2017,6950.45242062177
mongolia,2018,7285.0924449852655
montenegro,1952,1068.7341628890804
montenegro,1953,940.5339886411749
montenegro,1954,947.1237172240112
montenegro,1955,1257.4400268521185
montenegro,1956,1141.8202435350825
montenegro,1957,1273.0157489570042
montenegro,1958,1241.2652385124295
montenegro,1959,1317.9457165672516
montenegro,1960,1461.1225466852393
montenegro,1961,1750.4715380952314
montenegro,1962,1705.541570484984
montenegro,1963,1927.1960773622036
montenegro,1964,2235.715188285901
montenegro,1965,2277.649824722132
montenegro,1966,2365.113495003413
montenegro,1967,2393.269608039168
montenegro,1968,2492.115536781712
montenegro,1969,2723.355103415784
montenegro,1970,2909.6647024396093
montenegro,1971,2991.736776607661
montenegro,1972,3118.73881838596
montenegro,1973,3077.403248184532
montenegro,1974,3231.3632705289792
montenegro,1975,3302.053086235768
montenegro,1976,3438.64018777092
montenegro,1977,3772.919146791159
montenegro,1978,3943.6530237100983
montenegro,1979,3907.7090496219007
montenegro,1980,4787.737348547943
montenegro,1981,4573.870702723166
montenegro,1982,4666.725969117677
montenegro,1983,4558.894046853084
montenegro,1984,4689.490486040202
montenegro,1985,4675.112896404923
montenegro,1986,4805.110269357238
montenegro,1987,4548.110854626624
montenegro,1988,4372.584447829258
montenegro,1989,4360.0040568983895
montenegro,1990,3956.832480875771
montenegro,1991,3635.2628318401303
montenegro,1992,2758.879072166761
montenegro,1993,1786.2984546411485
montenegro,1994,1841.4820998329126
montenegro,1995,2139.3088968779703
montenegro,1996,2793.541763391962
montenegro,1997,3068.254428459863
montenegro,1998,3308.106291098715
montenegro,1999,3080.8353585503437
montenegro,2000,3622.0396428393174
montenegro,2001,3851.732959614739
montenegro,2002,4132.194144458566
montenegro,2003,4460.0781313289035
montenegro,2004,4908.598781699638
montenegro,2005,5392.924961951705
montenegro,2006,6174.963277971491
montenegro,2007,7205.226845020467
montenegro,2008,8117.560988790747
montenegro,2009,8063.131508081977
montenegro,2010,8692.31064587039
montenegro,2011,9433.495999447505
montenegro,2012,9238.20040690163
montenegro,2013,9623.399995880149
montenegro,2014,9846.85170146178
montenegro,2015,10333.293484122054
montenegro,2016,10628.034071645277
montenegro,2017,11123.998970613728
montenegro,2018,11684.282975321576
morocco,1820,280.9879942235345
morocco,1870,367.95070192483274
morocco,1913,464.34804300881905
morocco,1950,951.257165845805
morocco,1951,953.3081731029112
morocco,1952,954.5387774571748
morocco,1953,959.8713963256506
morocco,1954,965.2040151941264
morocco,1955,969.7162311597599
morocco,1956,948.7959571372777
morocco,1957,928.2858845662169
morocco,1958,908.1860134465771
morocco,1959,888.0861423269374
morocco,1960,868.8066741101402
morocco,1961,877.0107031385645
morocco,1962,885.2147321669889
morocco,1963,893.8289626468345
morocco,1964,902.8533945781013
morocco,1965,911.4676250579469
morocco,1966,938.9511223031685
morocco,1967,967.6652239026538
morocco,1968,996.3793255021391
morocco,1969,1026.7342329073092
morocco,1970,1056.6789388610582
morocco,1971,1088.6746520719132
morocco,1972,1091.1358607804405
morocco,1973,1107.5439188372893
morocco,1974,1144.87225091662
morocco,1975,1197.3780366985359
morocco,1976,1302.3896082623678
morocco,1977,1340.5383432445412
morocco,1978,1352.8443867871777
morocco,1979,1387.3013087065601
morocco,1980,1485.7496570476524
morocco,1981,1418.0664175631514
morocco,1982,1528.0004065440378
morocco,1983,1479.186433824913
morocco,1984,1500.106707847395
morocco,1985,1552.2022921778898
morocco,1986,1631.371172302185
morocco,1987,1554.663500886417
morocco,1988,1672.3913174443067
morocco,1989,1670.750511638622
morocco,1990,1694.1319943696312
morocco,1991,1785.906242035665
morocco,1992,1720.5682062892292
morocco,1993,1680.710449
morocco,1994,1829.9343534009136
morocco,1995,1705.1767094692927
morocco,1996,1888.424732238194
morocco,1997,1833.268142636904
morocco,1998,1939.9176896164058
morocco,1999,1936.4672390876312
morocco,2000,1949.9493301914922
morocco,2001,2068.265703791881
morocco,2002,2108.7933610714267
morocco,2003,2209.69385266897
morocco,2004,2290.6279937193112
morocco,2005,2341.4426419774527
morocco,2006,2492.774735717801
morocco,2007,2554.9117234179257
morocco,2008,2679.0166958201903
morocco,2009,2765.356799758521
morocco,2010,2843.335275270792
morocco,2011,2964.115687969723
morocco,2012,3021.1336897172723
morocco,2013,3125.3248583782615
morocco,2014,3172.0878238402806
morocco,2015,3282.021812821167
morocco,2016,3297.609467975173
morocco,2017,3400.9040183036464
morocco,2018,3466.668048257383
mozambique,1950,433.9640566183582
mozambique,1951,442.3742127543729
mozambique,1952,451.264949241017
mozambique,1953,459.1945250264023
mozambique,1954,462.31829730549345
mozambique,1955,482.262381856614
mozambique,1956,475.774547123117
mozambique,1957,477.2162881750052
mozambique,1958,490.1919576419993
mozambique,1959,506.771979738714
mozambique,1960,508.2137207906022
mozambique,1961,512.0583635956375
mozambique,1962,536.3276713024228
mozambique,1963,506.05110921276986
mozambique,1964,516.6238769266168
mozambique,1965,517.344747452561
mozambique,1966,522.3908411341698
mozambique,1967,545.6989881396962
mozambique,1968,593.276442852008
mozambique,1969,648.5431831743903
mozambique,1970,667.5261070242519
mozambique,1971,695.6400575360725
mozambique,1972,698.2832494645343
mozambique,1973,717.5064634897108
mozambique,1974,644.9388305446696
mozambique,1975,537.7694123543109
mozambique,1976,495.9589218495522
mozambique,1977,483.70412290850226
mozambique,1978,473.1313551946552
mozambique,1979,465.4420695845846
mozambique,1980,467.36439098710224
mozambique,1981,466.1629401105287
mozambique,1982,445.01740468283464
mozambique,1983,407.0515569831112
mozambique,1984,391.4326955876553
mozambique,1985,352.2653970113583
mozambique,1986,355.3891692904495
mozambique,1987,375.33325384157007
mozambique,1988,408.7335882103141
mozambique,1989,426.75535135891704
mozambique,1990,426.75535135891704
mozambique,1991,413.08262412235246
mozambique,1992,356.2101447034297
mozambique,1993,345.8471743416499
mozambique,1994,315.3500979581107
mozambique,1995,280.1327373416719
mozambique,1996,318.5275510623672
mozambique,1997,318.07056720695374
mozambique,1998,320.9461437639623
mozambique,1999,312.75599731246575
mozambique,2000,287.39063
mozambique,2001,293.00527426542095
mozambique,2002,288.28407692985513
mozambique,2003,277.70424468485385
mozambique,2004,270.5263926839231
mozambique,2005,266.129490968962
mozambique,2006,264.16103385278393
mozambique,2007,256.6218575152325
mozambique,2008,247.8262038509604
mozambique,2009,238.3066279755177
mozambique,2010,229.84488153886292
mozambique,2011,222.26841216610262
mozambique,2012,232.36059952932024
mozambique,2013,242.93336724316728
mozambique,2014,254.70758583358787
mozambique,2015,265.0400633721202
mozambique,2016,267.4429651252673
mozambique,2017,270.243811437753
mozambique,2018,272.19371815239674
myanmar,1820,130.061762264547
myanmar,1870,130.061762264547
myanmar,1901,180.43437504695564
myanmar,1906,146.09677405058707
myanmar,1911,156.7867819079471
myanmar,1913,176.8710390945023
myanmar,1916,212.50439861903573
myanmar,1921,183.51180155134716
myanmar,1926,210.23682119474725
myanmar,1931,232.91259543763215
myanmar,1936,216.3916742035303
myanmar,1938,191.12438290431567
myanmar,1950,102.2029539090027
myanmar,1951,115.16053919065122
myanmar,1952,115.97038827075426
myanmar,1953,117.26614679891911
myanmar,1954,108.19583710176515
myanmar,1955,120.50554311933124
myanmar,1956,126.49842631209368
myanmar,1957,131.68146042475308
myanmar,1958,126.01251686403187
myanmar,1959,143.34328717823675
myanmar,1960,145.61086460252525
myanmar,1961,146.42071368262827
myanmar,1962,156.46284227590587
myanmar,1963,158.24451025213256
myanmar,1964,158.08254043611194
myanmar,1965,159.2163291482562
myanmar,1966,149.82207981906103
myanmar,1967,151.27980816324649
myanmar,1968,158.08254043611194
myanmar,1969,161.64587638856528
myanmar,1970,165.69512178908045
myanmar,1971,167.80072939734833
myanmar,1972,165.69512178908045
myanmar,1973,162.1317858366271
myanmar,1974,167.31481994928652
myanmar,1975,171.20209553378106
myanmar,1976,178.65270707072898
myanmar,1977,185.94134879165628
myanmar,1978,195.17362830483083
myanmar,1979,200.84257186555206
myanmar,1980,213.8001571472006
myanmar,1981,221.7366781322103
myanmar,1982,229.51122930119942
myanmar,1983,235.01820304590004
myanmar,1984,241.6589655027449
myanmar,1985,243.9265429270334
myanmar,1986,237.28578047018854
myanmar,1987,223.8422857404782
myanmar,1988,195.49756793687206
myanmar,1989,199.87075296942842
myanmar,1990,202.94817947381995
myanmar,1991,195.18520914667633
myanmar,1992,207.94098003756315
myanmar,1993,214.09335490816107
myanmar,1994,222.54051813213897
myanmar,1995,230.58840956264444
myanmar,1996,237.9387941774388
myanmar,1997,243.92338451562097
myanmar,1998,250.57188912967163
myanmar,1999,270.11077774870387
myanmar,2000,298.590465
myanmar,2001,323.3522808973775
myanmar,2002,352.42743398029177
myanmar,2003,390.43954701083027
myanmar,2004,431.6400520667159
myanmar,2005,477.3410666275318
myanmar,2006,525.8663326733174
myanmar,2007,573.7923913847347
myanmar,2008,580.7857297370932
myanmar,2009,594.9858664623439
myanmar,2010,611.1118728910243
myanmar,2011,629.0907654240357
myanmar,2012,667.9635212689813
myanmar,2013,716.5544660751632
myanmar,2014,765.7932901454276
myanmar,2015,813.2504462394653
myanmar,2016,855.8485078528847
myanmar,2017,896.733916828684
myanmar,2018,945.6149819693221
namibia,1950,2118.7676484997496
namibia,1951,2134.094229144921
namibia,1952,2148.8923070092246
namibia,1953,2180.0739710804355
namibia,1954,2248.2508298124058
namibia,1955,2266.219924361917
namibia,1956,2293.702068967052
namibia,1957,2324.3552302573953
namibia,1958,2330.1687608469433
namibia,1959,2404.159150168461
namibia,1960,2565.8810011140645
namibia,1961,2529.9428120150415
namibia,1962,2813.748805341149
namibia,1963,3017.750878756191
namibia,1964,3418.355986654123
namibia,1965,3555.766709679799
namibia,1966,3598.046932149238
namibia,1967,3363.9202002247207
namibia,1968,3304.7278887675066
namibia,1969,3331.1530278109058
namibia,1970,3257.691141270256
namibia,1971,3307.3704026718465
namibia,1972,3253.463119023312
namibia,1973,3264.5616774215396
namibia,1974,3375.5472614038163
namibia,1975,3325.868000002226
namibia,1976,3250.292102338104
namibia,1977,3162.5606407140185
namibia,1978,3185.286260291342
namibia,1979,3209.5973882112694
namibia,1980,3325.868000002226
namibia,1981,3314.2409388231304
namibia,1982,3204.8408631834573
namibia,1983,3030.4349454970225
namibia,1984,2927.3769032277655
namibia,1985,2851.8010055636437
namibia,1986,2922.620378199954
namibia,1987,2956.973058956373
namibia,1988,2846.515977754964
namibia,1989,2752.442482760463
namibia,1990,2646.213423805998
namibia,1991,2768.8440909121978
namibia,1992,2924.032801881823
namibia,1993,2798.021989540026
namibia,1994,2930.7922467485687
namibia,1995,2980.1038287655097
namibia,1996,3005.6569910707544
namibia,1997,3063.5359731175117
namibia,1998,3096.9646724621393
namibia,1999,3132.133520063053
namibia,2000,3156.120728628586
namibia,2001,3112.0527398023055
namibia,2002,3207.6526565285094
namibia,2003,3214.5792139745654
namibia,2004,3547.7185636321856
namibia,2005,3597.822688419316
namibia,2006,3809.8119186610593
namibia,2007,3968.805796802656
namibia,2008,4026.1505682385123
namibia,2009,3989.2071140000003
namibia,2010,4178.100349915589
namibia,2011,4335.308311460076
namibia,2012,4483.289090103111
namibia,2013,4647.124952172187
namibia,2014,4846.370500559417
namibia,2015,5000.693312572868
namibia,2016,4955.2420734182215
namibia,2017,4855.885928877554
namibia,2018,4779.314173423443
nepal,1820,208.76701072572197
nepal,1870,208.76701072572197
nepal,1913,283.349920953788
nepal,1950,261.2030305803885
nepal,1951,265.7626844807943
nepal,1952,271.95078620277354
nepal,1953,285.6297479039909
nepal,1954,288.5609539828232
nepal,1955,291.1664704973408
nepal,1956,301.26284699109647
nepal,1957,298.00595134794946
nepal,1958,311.3592234848521
nepal,1959,316.2445669495726
nepal,1960,319.1757730284049
nepal,1961,322.4326686715519
nepal,1962,325.0381851860695
nepal,1963,327.64370170058703
nepal,1964,329.59783908647523
nepal,1965,331.87766603667814
nepal,1966,348.8135233810425
nepal,1967,336.76300950139864
nepal,1968,333.18042429393694
nepal,1969,341.6483529661191
nepal,1970,343.6024903520073
nepal,1971,332.85473472962224
nepal,1972,336.76300950139864
nepal,1973,328.62077039353113
nepal,1974,342.6254216590632
nepal,1975,340.9969738374897
nepal,1976,348.8135233810425
nepal,1977,352.07041902418945
nepal,1978,359.88696856774226
nepal,1979,360.21265813205696
nepal,1980,344.2538694806367
nepal,1981,364.446622468148
nepal,1982,369.6576554971832
nepal,1983,350.441971202616
nepal,1984,375.19437809053306
nepal,1985,388.8733397917504
nepal,1986,396.68988933530323
nepal,1987,393.43299369215623
nepal,1988,413.30005711535284
nepal,1989,420.13953796596155
nepal,1990,428.281777073829
nepal,1991,443.19298524163105
nepal,1992,447.71280730832115
nepal,1993,451.1585703298142
nepal,1994,474.2106171403571
nepal,1995,478.1379773206024
nepal,1996,492.3558901128477
nepal,1997,507.5542262005495
nepal,1998,511.5487110000001
nepal,1999,524.0932308107964
nepal,2000,546.0985439305883
nepal,2001,566.1507944400544
nepal,2002,556.8570798775522
nepal,2003,569.2325993734257
nepal,2004,586.9394290544358
nepal,2005,598.0656033815981
nepal,2006,613.6601082553324
nepal,2007,627.7296694510324
nepal,2008,658.2687982418673
nepal,2009,679.1420795740141
nepal,2010,700.9733767595928
nepal,2011,712.9344562848759
nepal,2012,735.40703622259
nepal,2013,754.2970309528425
nepal,2014,788.4944352058859
nepal,2015,799.5678803925857
nepal,2016,793.0540891062917
nepal,2017,846.8018888191486
nepal,2018,888.2934691235404
netherlands,1348,1507.1244265871833
netherlands,1349,1566.414781825567
netherlands,1350,1750.0238522919208
netherlands,1351,1838.9594924460437
netherlands,1352,1766.2809959375907
netherlands,1353,1774.8875738782053
netherlands,1354,1775.8439080034057
netherlands,1355,1805.4890856225975
netherlands,1356,1869.5610041904358
netherlands,1357,1873.3862333946902
netherlands,1358,1871.4736724408365
netherlands,1359,1895.3810599019207
netherlands,1360,1866.692109111382
netherlands,1361,1910.6818694223907
netherlands,1362,1907.8129743433367
netherlands,1363,1877.2114625989443
netherlands,1364,1852.3477410126598
netherlands,1365,1855.2166360917138
netherlands,1366,1894.4247257767204
netherlands,1367,2040.738267511921
netherlands,1368,2030.2190213209058
netherlands,1369,2250.1673936897596
netherlands,1370,2288.419256546113
netherlands,1371,2084.727920526382
netherlands,1372,2035.0004773538133
netherlands,1373,2067.514550052059
netherlands,1374,1894.4247257767204
netherlands,1375,2042.6508284657746
netherlands,1376,2097.159834967798
netherlands,1377,2120.110888303682
netherlands,1378,2178.4450167134128
netherlands,1379,2124.8924516331367
netherlands,1380,2205.221406550098
netherlands,1381,2092.3782716383434
netherlands,1382,2157.4065243313826
netherlands,1383,2300.851063690982
netherlands,1384,2465.3342027291583
netherlands,1385,2278.8562371837515
netherlands,1386,2412.737864477536
netherlands,1387,2223.3910038530744
netherlands,1388,2262.599200834628
netherlands,1389,2538.0128065341587
netherlands,1390,2430.907461780512
netherlands,1391,2327.6274535276666
netherlands,1392,2390.7430379703055
netherlands,1393,2450.033500505236
netherlands,1394,2363.966755430167
netherlands,1395,2348.6659459096973
netherlands,1396,2217.653213694967
netherlands,1397,2122.0235565540825
netherlands,1398,2294.157046704221
netherlands,1399,2165.0568754433434
netherlands,1400,2056.995303861044
netherlands,1401,2085.6842546515827
netherlands,1402,2017.78710687949
netherlands,1403,2100.028730046852
netherlands,1404,2325.714785277266
netherlands,1405,2192.789492108682
netherlands,1406,2231.0413549650357
netherlands,1407,2168.8821046475978
netherlands,1408,2209.046528457805
netherlands,1409,2035.9568114790136
netherlands,1410,2109.5916421126667
netherlands,1411,2213.8280917872594
netherlands,1412,2093.334605763544
netherlands,1413,1997.704841326113
netherlands,1414,2252.079954643613
netherlands,1415,2073.2523402101665
netherlands,1416,2028.306353070505
netherlands,1417,2038.8257065580674
netherlands,1418,2052.2138478281363
netherlands,1419,2053.1700746567894
netherlands,1420,2064.645654973005
netherlands,1421,1957.5404175159056
netherlands,1422,2035.9568114790136
netherlands,1423,2060.820533065298
netherlands,1424,2223.3910038530744
netherlands,1425,2056.995303861044
netherlands,1426,2246.3421644855052
netherlands,1427,2432.820130030913
netherlands,1428,2017.78710687949
netherlands,1429,2048.388618623882
netherlands,1430,2054.12640878199
netherlands,1431,2098.116061796451
netherlands,1432,2391.6993720955056
netherlands,1433,2323.8022243234127
netherlands,1434,2403.1748451151734
netherlands,1435,2489.2415901902427
netherlands,1436,2291.2881516251673
netherlands,1437,2336.2341387648285
netherlands,1438,2289.375483374766
netherlands,1439,2126.80501258699
netherlands,1440,2232.9540232154363
netherlands,1441,2286.5065882957124
netherlands,1442,2142.1057148109126
netherlands,1443,2297.982168611928
netherlands,1444,2447.1646054261823
netherlands,1445,2307.54518797429
netherlands,1446,2316.151873211452
netherlands,1447,2268.336990992736
netherlands,1448,2317.108100040105
netherlands,1449,2338.146699718682
netherlands,1450,2362.054087179766
netherlands,1451,2566.7017573246976
netherlands,1452,2442.383042096728
netherlands,1453,2539.9253674880124
netherlands,1454,2597.3032690690898
netherlands,1455,2462.4653076501045
netherlands,1456,2413.694198602736
netherlands,1457,2370.660772416928
netherlands,1458,2412.737864477536
netherlands,1459,2472.98455384112
netherlands,1460,2491.154258440644
netherlands,1461,2427.082339872805
netherlands,1462,2541.838035738413
netherlands,1463,2535.143911455105
netherlands,1464,2529.4061212969973
netherlands,1465,2616.4292004972667
netherlands,1466,2509.32385574362
netherlands,1467,2459.5964125710507
netherlands,1468,2412.737864477536
netherlands,1469,2444.2957103471285
netherlands,1470,2446.208271300982
netherlands,1471,2401.26228416132
netherlands,1472,2505.498733835913
netherlands,1473,2530.3624554221974
netherlands,1474,2524.62466526409
netherlands,1475,2446.208271300982
netherlands,1476,2469.159431933413
netherlands,1477,2523.6683311388892
netherlands,1478,2500.7171705064584
netherlands,1479,2438.5579201890205
netherlands,1480,2470.1156587620662
netherlands,1481,2438.5579201890205
netherlands,1482,2361.097860351113
netherlands,1483,2358.228965272059
netherlands,1484,2416.56309368179
netherlands,1485,2385.0052478121975
netherlands,1486,2398.3933890822664
netherlands,1487,2403.1748451151734
netherlands,1488,2412.737864477536
netherlands,1489,2376.3985625750356
netherlands,1490,2438.5579201890205
netherlands,1491,2404.1311792403744
netherlands,1492,2415.606759556589
netherlands,1493,2405.0875133655745
netherlands,1494,2494.0231535196976
netherlands,1495,2475.853448920174
netherlands,1496,2444.2957103471285
netherlands,1497,2477.766117170575
netherlands,1498,2496.8920485987514
netherlands,1499,2532.275016376051
netherlands,1500,2502.6298387568595
netherlands,1501,2595.390600818689
netherlands,1502,2499.7609436778052
netherlands,1503,2502.6298387568595
netherlands,1504,2661.375187636928
netherlands,1505,2479.678678124428
netherlands,1506,2475.853448920174
netherlands,1507,2483.503907328682
netherlands,1508,2641.2929220835513
netherlands,1509,2688.151470177066
netherlands,1510,2617.38542732592
netherlands,1511,2691.0203652561204
netherlands,1512,2774.218215252135
netherlands,1513,2862.1975212810576
netherlands,1514,2999.904377779097
netherlands,1515,3145.2614780925496
netherlands,1516,2827.770887628959
netherlands,1517,2920.5316496907885
netherlands,1518,2935.832459211258
netherlands,1519,3006.598394765858
netherlands,1520,3230.371996338966
netherlands,1521,3413.024732680119
netherlands,1522,3150.9992682506577
netherlands,1523,3106.053388407543
netherlands,1524,3151.955602375858
netherlands,1525,2993.210253495789
netherlands,1526,2940.613915244166
netherlands,1527,3063.019962221735
netherlands,1528,2724.4907720795663
netherlands,1529,3448.4077004574187
netherlands,1530,3635.842000128027
netherlands,1531,3692.2635675839038
netherlands,1532,3457.9707198197807
netherlands,1533,3041.9814698397045
netherlands,1534,3216.983855068897
netherlands,1535,3337.4772337960653
netherlands,1536,3705.6517088539727
netherlands,1537,2981.7346731795733
netherlands,1538,3129.004441743427
netherlands,1539,2838.290133819974
netherlands,1540,2579.1335644695664
netherlands,1541,2375.442228449835
netherlands,1542,2564.789089074297
netherlands,1543,2467.2467636830124
netherlands,1544,2603.041059227198
netherlands,1545,2784.7374614431506
netherlands,1546,2350.5785068635505
netherlands,1547,2919.5754228621354
netherlands,1548,2805.776061121728
netherlands,1549,2861.241294452405
netherlands,1550,3094.5778080913274
netherlands,1551,2824.9019925499047
netherlands,1552,3267.6675250701187
netherlands,1553,2744.5730376329434
netherlands,1554,2941.570249369366
netherlands,1555,3303.0506001439658
netherlands,1556,3754.4228179013417
netherlands,1557,3453.189263786873
netherlands,1558,3536.3871137828887
netherlands,1559,3154.8244974549116
netherlands,1560,3308.7883903020734
netherlands,1561,3709.4769380582275
netherlands,1562,4106.340256610127
netherlands,1563,3744.859905835527
netherlands,1564,3777.3739785337725
netherlands,1565,3922.731186143773
netherlands,1566,3309.744617130727
netherlands,1567,4254.5662520026335
netherlands,1568,4389.404213421618
netherlands,1569,2611.647637167812
netherlands,1570,2465.3342027291583
netherlands,1571,2635.555131925443
netherlands,1572,2206.177633378751
netherlands,1573,2423.257110668551
netherlands,1574,2853.5908360438966
netherlands,1575,3137.611126980589
netherlands,1576,3068.7577523798427
netherlands,1577,4118.772063754995
netherlands,1578,4360.71526263108
netherlands,1579,3413.024732680119
netherlands,1580,3532.561884578634
netherlands,1581,3683.6568823467423
netherlands,1582,3828.0577558315417
netherlands,1583,3682.7005482215422
netherlands,1584,4170.412175177965
netherlands,1585,3627.235314890865
netherlands,1586,3701.8264796497187
netherlands,1587,4278.4737467602645
netherlands,1588,3926.55630805148
netherlands,1589,4272.735956602157
netherlands,1590,4346.37078723581
netherlands,1591,4220.139618350534
netherlands,1592,4118.772063754995
netherlands,1593,3923.687412972426
netherlands,1594,4171.3684020066175
netherlands,1595,4514.679155478241
netherlands,1596,4298.556012313642
netherlands,1597,4817.82537784311
netherlands,1598,4245.959674062019
netherlands,1599,4455.38869294331
netherlands,1600,4581.619969125133
netherlands,1601,4067.1320596285723
netherlands,1602,3503.8729337880955
netherlands,1603,4130.247644071211
netherlands,1604,4210.576598988172
netherlands,1605,3517.2611823547118
netherlands,1606,3886.3918842412727
netherlands,1607,3429.281769029242
netherlands,1608,5148.704216873317
netherlands,1609,4350.196016440064
netherlands,1610,3610.9782785417424
netherlands,1611,3828.0577558315417
netherlands,1612,3630.104209969919
netherlands,1613,3452.232929661673
netherlands,1614,3638.7108952070807
netherlands,1615,3287.749790623496
netherlands,1616,3507.69816299235
netherlands,1617,3606.1968225088344
netherlands,1618,5491.058636219741
netherlands,1619,4957.444795295002
netherlands,1620,3747.728800914581
netherlands,1621,4490.77166072061
netherlands,1622,4775.7482857825025
netherlands,1623,4227.789969462495
netherlands,1624,3926.55630805148
netherlands,1625,3554.5567110858647
netherlands,1626,4542.41177214358
netherlands,1627,3627.235314890865
netherlands,1628,3692.2635675839038
netherlands,1629,3527.780428545727
netherlands,1630,3431.1944372796424
netherlands,1631,4493.640555799663
netherlands,1632,4135.029100104118
netherlands,1633,4489.815433891957
netherlands,1634,4298.556012313642
netherlands,1635,4691.594101661287
netherlands,1636,4392.273108500672
netherlands,1637,3758.248047105596
netherlands,1638,4201.969913751011
netherlands,1639,4133.1165391502645
netherlands,1640,3789.8058929751883
netherlands,1641,4205.795142955264
netherlands,1642,4342.545665328103
netherlands,1643,4199.101018671957
netherlands,1644,4621.784392935341
netherlands,1645,4241.178110732564
netherlands,1646,4161.805489940803
netherlands,1647,4253.61002517398
netherlands,1648,4508.941365320134
netherlands,1649,4351.152350565265
netherlands,1650,4631.347412297702
netherlands,1651,4278.4737467602645
netherlands,1652,3639.667229332281
netherlands,1653,3894.9985694784345
netherlands,1654,3670.2687410766735
netherlands,1655,3782.15543456668
netherlands,1656,3593.7649080674187
netherlands,1657,3255.2357179252504
netherlands,1658,3294.443914906804
netherlands,1659,3323.1328656973433
netherlands,1660,3399.63659141005
netherlands,1661,3404.4180474429572
netherlands,1662,3821.363631548234
netherlands,1663,4089.126886135803
netherlands,1664,3660.7057217143115
netherlands,1665,3503.8729337880955
netherlands,1666,3408.2432766472116
netherlands,1667,3650.186475523296
netherlands,1668,3938.9882224928956
netherlands,1669,3699.913918695865
netherlands,1670,3729.559096315057
netherlands,1671,3471.35886108985
netherlands,1672,3136.6549001519356
netherlands,1673,3402.505486489104
netherlands,1674,3779.2865394876258
netherlands,1675,3725.73397440735
netherlands,1676,3657.8368266352577
netherlands,1677,3373.8165356985655
netherlands,1678,3632.016770923772
netherlands,1679,3442.6699102993107
netherlands,1680,3807.975490278165
netherlands,1681,3622.4538588579576
netherlands,1682,3614.8035077459963
netherlands,1683,3590.896012988365
netherlands,1684,3530.6493236247807
netherlands,1685,3873.003742971204
netherlands,1686,3953.332697888165
netherlands,1687,3894.9985694784345
netherlands,1688,4095.821010419111
netherlands,1689,4014.5357213769494
netherlands,1690,4201.013686922357
netherlands,1691,4120.684732005396
netherlands,1692,3919.862291064719
netherlands,1693,4391.316774375472
netherlands,1694,3941.8571175719494
netherlands,1695,4062.3506035956652
netherlands,1696,3679.831653142488
netherlands,1697,3919.862291064719
netherlands,1698,3875.8726380502576
netherlands,1699,4257.435147081687
netherlands,1700,3623.4100856866107
netherlands,1701,4019.3171774098573
netherlands,1702,4582.576195953787
netherlands,1703,3586.114556955458
netherlands,1704,3841.445897101611
netherlands,1705,4532.848752781218
netherlands,1706,4198.144791843303
netherlands,1707,4371.2345088220945
netherlands,1708,4162.761716769456
netherlands,1709,4432.437532310879
netherlands,1710,4529.979857702164
netherlands,1711,4245.959674062019
netherlands,1712,4360.71526263108
netherlands,1713,4565.362932776011
netherlands,1714,4469.73316833858
netherlands,1715,4070.0009547076265
netherlands,1716,3654.9679315562034
netherlands,1717,3930.3815372557337
netherlands,1718,4053.7439183585034
netherlands,1719,3703.7391479001194
netherlands,1720,3772.5925225008655
netherlands,1721,3657.8368266352577
netherlands,1722,3645.405019490389
netherlands,1723,3797.45624408715
netherlands,1724,3853.877811543027
netherlands,1725,3992.5408948697186
netherlands,1726,4095.821010419111
netherlands,1727,4036.53054788418
netherlands,1728,4051.8312501081027
netherlands,1729,4249.784795969726
netherlands,1730,3962.8956099539796
netherlands,1731,3775.4614175799193
netherlands,1732,3799.3688050410033
netherlands,1733,3780.2428736128263
netherlands,1734,3909.343044873704
netherlands,1735,3904.561481544249
netherlands,1736,3763.029503138503
netherlands,1737,3716.1709550449877
netherlands,1738,3744.859905835527
netherlands,1739,3746.7724667893804
netherlands,1740,3718.0835159988414
netherlands,1741,3692.2635675839038
netherlands,1742,3916.993395985665
netherlands,1743,3971.5022951911415
netherlands,1744,4434.35020056128
netherlands,1745,3864.397057734042
netherlands,1746,4266.998166444049
netherlands,1747,4889.54764752291
netherlands,1748,4713.588928168518
netherlands,1749,4125.466188038304
netherlands,1750,4052.787584233303
netherlands,1751,4341.589331202903
netherlands,1752,4168.499506927564
netherlands,1753,4525.198401669256
netherlands,1754,4343.501892156756
netherlands,1755,4206.751477080465
netherlands,1756,3839.5333361477574
netherlands,1757,4275.604851681211
netherlands,1758,4171.3684020066175
netherlands,1759,4062.3506035956652
netherlands,1760,4252.653691048779
netherlands,1761,4266.041832318849
netherlands,1762,4327.244855807633
netherlands,1763,4626.565956264795
netherlands,1764,4642.822992613918
netherlands,1765,5236.68352290224
netherlands,1766,4677.249626266018
netherlands,1767,4493.640555799663
netherlands,1768,4621.784392935341
netherlands,1769,4885.722418318656
netherlands,1770,4657.167468009187
netherlands,1771,5065.506366877303
netherlands,1772,5149.6604437019705
netherlands,1773,4894.329103555818
netherlands,1774,4906.7610179972335
netherlands,1775,4813.043921810203
netherlands,1776,4754.709686103925
netherlands,1777,4912.498808155341
netherlands,1778,4825.475728955072
netherlands,1779,4564.40659865081
netherlands,1780,4884.766191490003
netherlands,1781,4408.530144849796
netherlands,1782,4653.342238804933
netherlands,1783,4501.291014208173
netherlands,1784,4520.416945636349
netherlands,1785,4473.558397542834
netherlands,1786,4043.2245648709413
netherlands,1787,4239.265549778711
netherlands,1788,3998.2786850278267
netherlands,1789,4158.936594861749
netherlands,1790,4505.116136115879
netherlands,1791,4556.7562475388495
netherlands,1792,4719.326718326625
netherlands,1793,4807.306131652095
netherlands,1794,5006.215904342372
netherlands,1795,4127.378748992157
netherlands,1796,4835.038748317434
netherlands,1797,5001.434448309464
netherlands,1798,5070.28782291021
netherlands,1799,4648.560782772026
netherlands,1800,4489.815433891957
netherlands,1801,4410.442705803648
netherlands,1802,4654.298572930134
netherlands,1803,4553.887352459795
netherlands,1804,4770.010495624395
netherlands,1805,4489.815433891957
netherlands,1806,4523.2858407154035
netherlands,1807,4144.59211946648
netherlands,1808,2824.0451223239597
netherlands,1815,3230.6990362148335
netherlands,1816,3078.337939189757
netherlands,1817,3109.453937877977
netherlands,1818,3156.6644186463104
netherlands,1819,3011.8140799252865
netherlands,1820,3225.3342088547956
netherlands,1821,3162.0292460063483
netherlands,1822,3190.999313750553
netherlands,1823,3348.725238135668
netherlands,1824,3326.1929632235087
netherlands,1825,3242.501656406917
netherlands,1826,3291.8580681192657
netherlands,1827,3487.137784024646
netherlands,1828,3561.1724015931695
netherlands,1829,3567.610194425215
netherlands,1830,3259.6691039590382
netherlands,1831,3502.159300632752
netherlands,1832,3666.3230178499125
netherlands,1833,3584.7776419773363
netherlands,1834,3615.893640665556
netherlands,1835,3605.1639859454804
netherlands,1836,3725.3361188103295
netherlands,1837,3812.246322042944
netherlands,1838,3851.9460445072245
netherlands,1839,3849.8001135632094
netherlands,1840,3887.3539050834747
netherlands,1841,3924.90769660374
netherlands,1842,3829.4137695950653
netherlands,1843,3762.889910330595
netherlands,1844,3798.2977709068455
netherlands,1845,3771.4736341066555
netherlands,1846,3777.911426938701
netherlands,1847,3803.6625982668834
netherlands,1848,3864.8216301713155
netherlands,1849,3979.6289356761267
netherlands,1850,4054.736518716658
netherlands,1851,4113.749619677074
netherlands,1852,4066.5391389087413
netherlands,1853,3974.264108316089
netherlands,1854,4217.82727046181
netherlands,1855,4103.019964956999
netherlands,1856,4267.183682174159
netherlands,1857,4192.076099133628
netherlands,1858,4077.268793628817
netherlands,1859,3932.418454907793
netherlands,1860,4120.18741250912
netherlands,1861,4007.526037948324
netherlands,1862,4164.178996861431
netherlands,1863,4241.432510845977
netherlands,1864,4410.961055423176
netherlands,1865,4417.398848255221
netherlands,1866,4583.708496416396
netherlands,1867,4428.128502975297
netherlands,1868,4454.952639775486
netherlands,1869,4598.730013024502
netherlands,1870,4744.653317217534
netherlands,1871,4682.421319841094
netherlands,1872,4736.069593441473
netherlands,1873,4831.563520450148
netherlands,1874,4653.451252096889
netherlands,1875,4918.473723682762
netherlands,1876,4930.276343874846
netherlands,1877,4990.362410307271
netherlands,1878,4975.340893699165
netherlands,1879,4736.069593441473
netherlands,1880,5006.456892387384
netherlands,1881,5036.499925603596
netherlands,1882,5105.169715812081
netherlands,1883,5421.694530054319
netherlands,1884,5456.029425158562
netherlands,1885,5511.823629702956
netherlands,1886,5533.282939143108
netherlands,1887,5604.098660295608
netherlands,1888,5612.682384071669
netherlands,1889,5739.292309768563
netherlands,1890,5448.518666854508
netherlands,1891,5402.381151558183
netherlands,1892,5505.385836870911
netherlands,1893,5385.213704006062
netherlands,1894,5629.84983162379
netherlands,1895,5592.296040103524
netherlands,1896,5750.021964488639
netherlands,1897,5816.545823753109
netherlands,1898,5827.275478473185
netherlands,1899,5831.567340361215
netherlands,1900,5693.154794472238
netherlands,1901,5883.06968301758
netherlands,1902,6040.795607402694
netherlands,1903,5948.520576810042
netherlands,1904,5945.30168039402
netherlands,1905,6153.456981963491
netherlands,1906,6191.010773483757
netherlands,1907,6000.022919466406
netherlands,1908,6038.649676458679
netherlands,1909,6278.993942188378
netherlands,1910,6469.981796205728
netherlands,1911,6607.321376622699
netherlands,1912,6700.669372687358
netherlands,1913,6924.919156336943
netherlands,1914,6615.90510039876
netherlands,1915,6714.617923823457
netherlands,1916,6766.120266479821
netherlands,1917,6202.8133936758395
netherlands,1918,5732.854516936518
netherlands,1919,7049.383151089823
netherlands,1920,7217.838730195013
netherlands,1921,7578.355128789562
netherlands,1922,7865.909875287594
netherlands,1923,7927.068907192026
netherlands,1924,8372.349578075173
netherlands,1925,8604.110120028812
netherlands,1926,9164.19809641677
netherlands,1927,9413.12608592253
netherlands,1928,9783.299173765146
netherlands,1929,9729.650900164766
netherlands,1930,9582.654630499728
netherlands,1931,8868.059626142676
netherlands,1932,8611.620878332864
netherlands,1933,8476.42722885991
netherlands,1934,8217.842550106081
netherlands,1935,8430.289713563583
netherlands,1936,8876.643349918737
netherlands,1937,9291.880987585673
netherlands,1938,8978.575069759458
netherlands,1939,9481.795876131015
netherlands,1940,8262.9070999304
netherlands,1941,7748.9566388387675
netherlands,1942,7023.631979761641
netherlands,1943,6809.038885360124
netherlands,1944,4530.060222816017
netherlands,1945,4593.365185664465
netherlands,1946,7622.346713141873
netherlands,1947,8633.080187773015
netherlands,1948,9389.520845538362
netherlands,1949,10056.90536912708
netherlands,1950,10255.403981448482
netherlands,1951,10316.563013352914
netherlands,1952,10405.619147529544
netherlands,1953,11189.956907567088
netherlands,1954,11813.349846803494
netherlands,1955,12530.090782104558
netherlands,1956,12825.156286906644
netherlands,1957,13022.58193375604
netherlands,1958,12796.18621916244
netherlands,1959,13232.883166269527
netherlands,1960,14172.80091974817
netherlands,1961,14027.950581027146
netherlands,1962,14774.734549544424
netherlands,1963,15105.20791492276
netherlands,1964,16139.54662993807
netherlands,1965,16757.57474181444
netherlands,1966,16993.627145656104
netherlands,1967,17685.689875100998
netherlands,1968,18632.045421411687
netherlands,1969,19603.07917357855
netherlands,1970,20466.816378544652
netherlands,1971,21068.750008340907
netherlands,1972,21544.073712440266
netherlands,1973,22372.40305683012
netherlands,1974,23083.77916477115
netherlands,1975,22873.47793225766
netherlands,1976,23746.871826471837
netherlands,1977,24246.87373642737
netherlands,1978,24669.62213239836
netherlands,1979,25050.52487496105
netherlands,1980,25148.16473291374
netherlands,1981,24842.369573391577
netherlands,1982,24442.15345233275
netherlands,1983,24770.48088676707
netherlands,1984,25482.929960180107
netherlands,1985,26138.51186357674
netherlands,1986,26709.329494684775
netherlands,1987,26915.33886531023
netherlands,1988,27440.01898112194
netherlands,1989,28553.75714106581
netherlands,1990,29522.644962288658
netherlands,1991,30179.065173608567
netherlands,1992,30639.31424930896
netherlands,1993,30987.23811053093
netherlands,1994,31896.64115517187
netherlands,1995,32918.95278561835
netherlands,1996,34132.897766110145
netherlands,1997,35622.05935584081
netherlands,1998,37219.61856993961
netherlands,1999,39065.68205947926
netherlands,2000,40665.33817
netherlands,2001,41455.331209150856
netherlands,2002,41473.467115338004
netherlands,2003,41635.30775501172
netherlands,2004,42577.81940251895
netherlands,2005,43647.687652395034
netherlands,2006,45371.96526899994
netherlands,2007,47219.87104025504
netherlands,2008,48112.53507245683
netherlands,2009,46329.0470365412
netherlands,2010,47009.137939139066
netherlands,2011,47844.60336229015
netherlands,2012,47164.34325303735
netherlands,2013,46935.80160749973
netherlands,2014,47430.43869009522
netherlands,2015,48142.88776350826
netherlands,2016,48927.22552354581
netherlands,2017,50054.64978727132
netherlands,2018,50938.0803078072
new zealand,1820,958.8203993324814
new zealand,1850,2117.2983152329857
new zealand,1860,4092.9790896444665
new zealand,1870,5735.510403270933
new zealand,1871,5837.660760584805
new zealand,1872,6519.05007584893
new zealand,1873,7089.002637679739
new zealand,1874,7111.057828463416
new zealand,1875,6824.340348275616
new zealand,1876,6703.617198722857
new zealand,1877,7367.594521263026
new zealand,1878,7902.723097645924
new zealand,1879,6603.788440438846
new zealand,1880,6933.4555026790695
new zealand,1881,6965.95788909712
new zealand,1882,6746.566780775281
new zealand,1883,6466.814097677063
new zealand,1884,6852.199536633944
new zealand,1885,6637.451626371827
new zealand,1886,6665.3108147301555
new zealand,1887,6668.7932132749465
new zealand,1888,6575.9292520805175
new zealand,1889,6847.5563385742225
new zealand,1890,6947.385096858234
new zealand,1891,6903.2747152908805
new zealand,1892,7033.284260963081
new zealand,1893,7008.907471149543
new zealand,1894,6622.361232677732
new zealand,1895,6738.441184170769
new zealand,1896,7379.20251641233
new zealand,1897,7308.393746001578
new zealand,1898,7373.398518837678
new zealand,1899,7476.7096756664805
new zealand,1900,7952.63747678793
new zealand,1901,7813.341534996286
new zealand,1902,8211.495768617402
new zealand,1903,8746.6243450003
new zealand,1904,8456.424466267708
new zealand,1905,8974.141049926651
new zealand,1906,9544.09361175746
new zealand,1907,9880.725471087266
new zealand,1908,8946.281861568323
new zealand,1909,8825.558712015565
new zealand,1910,9836.615089519912
new zealand,1911,10165.121352245205
new zealand,1912,9638.11837246682
new zealand,1913,9532.485616608157
new zealand,1914,9600.972787989049
new zealand,1915,9573.11359963072
new zealand,1916,9473.284841346709
new zealand,1917,9266.662527689103
new zealand,1918,9086.738602874897
new zealand,1919,9775.092715228602
new zealand,1920,10437.909238253842
new zealand,1921,9488.375235040803
new zealand,1922,8956.729057202696
new zealand,1923,9517.395222914061
new zealand,1924,9516.234423399132
new zealand,1925,9791.343908437628
new zealand,1926,9075.130607725592
new zealand,1927,8665.368378955174
new zealand,1928,9512.75202485434
new zealand,1929,9736.7863312359
new zealand,1930,9177.280965039465
new zealand,1931,8279.982939998294
new zealand,1932,8006.034254474727
new zealand,1933,8466.871661902082
new zealand,1934,8822.076313470774
new zealand,1935,9176.120165524535
new zealand,1936,10805.882684486767
new zealand,1937,11289.93608221273
new zealand,1938,11956.235003782758
new zealand,1939,11952.752605237967
new zealand,1940,11656.748728930725
new zealand,1941,11341.011260869665
new zealand,1942,12512.257971434403
new zealand,1943,12818.70904337602
new zealand,1944,12707.272289942704
new zealand,1945,12818.70904337602
new zealand,1946,13250.526462930116
new zealand,1947,14516.958733719144
new zealand,1948,12821.03064240588
new zealand,1949,13915.664584985214
new zealand,1950,15646.416661746389
new zealand,1951,14160.593282635522
new zealand,1952,14425.255572039645
new zealand,1953,14535.53152595803
new zealand,1954,16176.902040069566
new zealand,1955,16144.399653651515
new zealand,1956,16652.829841191015
new zealand,1957,16736.407406266
new zealand,1958,16995.265698095474
new zealand,1959,17818.2725541811
new zealand,1960,17512.982281754415
new zealand,1961,18030.69886541336
new zealand,1962,18005.16127608489
new zealand,1963,18746.912166125392
new zealand,1964,19276.23674493364
new zealand,1965,20129.424388407457
new zealand,1966,21023.24001490384
new zealand,1967,19764.933340719323
new zealand,1968,19511.879046464503
new zealand,1969,21298.349499942335
new zealand,1970,20702.85934878306
new zealand,1971,21419.072649495094
new zealand,1972,21926.342037519662
new zealand,1973,22988.47359368095
new zealand,1974,23830.053242005462
new zealand,1975,23108.035943718776
new zealand,1976,23402.87902051109
new zealand,1977,22182.878730319273
new zealand,1978,22266.45629539426
new zealand,1979,22728.454502336546
new zealand,1980,22845.69525334451
new zealand,1981,23839.339638124904
new zealand,1982,24045.96195178251
new zealand,1983,24394.20180626162
new zealand,1984,25285.69583372814
new zealand,1985,25282.21343518335
new zealand,1986,25681.528468319393
new zealand,1987,25702.42285958814
new zealand,1988,25563.126917796497
new zealand,1989,25661.79487656558
new zealand,1990,25325.163017235773
new zealand,1991,24522.927971990113
new zealand,1992,24484.815325436455
new zealand,1993,25418.811214582485
new zealand,1994,26787.60557251691
new zealand,1995,27571.197829312936
new zealand,1996,28232.09288090111
new zealand,1997,28790.300124999998
new zealand,1998,28859.11928504216
new zealand,1999,30027.553494462172
new zealand,2000,31136.145702968694
new zealand,2001,31535.81013675873
new zealand,2002,32578.832030905472
new zealand,2003,33519.579942590004
new zealand,2004,34599.64387789778
new zealand,2005,35137.688382662185
new zealand,2006,35751.03604139925
new zealand,2007,36895.3634629729
new zealand,2008,36500.91496572325
new zealand,2009,36255.339238423316
new zealand,2010,36665.11713798719
new zealand,2011,37211.75005012271
new zealand,2012,37927.96335083475
new zealand,2013,38293.615198037805
new zealand,2014,38699.89502826344
new zealand,2015,39114.30045509358
new zealand,2016,39809.61936453686
new zealand,2017,40483.98363721658
new zealand,2018,41018.16987655326
nicaragua,1920,1023.9394375847924
nicaragua,1921,1062.7134272491892
nicaragua,1922,958.1256919702242
nicaragua,1923,1025.469989808387
nicaragua,1924,1070.366188367162
nicaragua,1925,1181.5863166150368
nicaragua,1926,1011.6950197960355
nicaragua,1927,1016.2866764668194
nicaragua,1928,1287.1944200430648
nicaragua,1929,1417.2913590486064
nicaragua,1930,1145.8734313978293
nicaragua,1931,1056.5912183548107
nicaragua,1932,950.4729308522512
nicaragua,1933,1179.0353962423792
nicaragua,1934,1054.5504820566846
nicaragua,1935,1042.3060642679277
nicaragua,1936,807.6213899834212
nicaragua,1937,853.0277726167278
nicaragua,1938,870.8842152253316
nicaragua,1939,1041.7958801933962
nicaragua,1940,1111.6910984042165
nicaragua,1941,1200.9733114472353
nicaragua,1942,1129.5475410128204
nicaragua,1943,1210.6668088633344
nicaragua,1944,1172.9131873480007
nicaragua,1945,1152.5058243667395
nicaragua,1946,1212.7075451614605
nicaragua,1947,1178.5252121678477
nicaragua,1948,1255.0528233475782
nicaragua,1949,1196.3816547764516
nicaragua,1950,1308.6221511733893
nicaragua,1951,1355.5590860302907
nicaragua,1952,1538.715168787112
nicaragua,1953,1529.0216713710129
nicaragua,1954,1621.3649888612208
nicaragua,1955,1677.4852370596898
nicaragua,1956,1625.446461457473
nicaragua,1957,1709.6268337551764
nicaragua,1958,1662.1797148237436
nicaragua,1959,1634.6297747990407
nicaragua,1960,1606.0594666252748
nicaragua,1961,1671.8732122398428
nicaragua,1962,1796.3581264255376
nicaragua,1963,1929.0059858037368
nicaragua,1964,2087.6732329830447
nicaragua,1965,2214.1988834668655
nicaragua,1966,2215.2192516159284
nicaragua,1967,2295.828335391911
nicaragua,1968,2254.5034253548565
nicaragua,1969,2328.4801161619293
nicaragua,1970,2276.9515246342444
nicaragua,1971,2312.6644098514516
nicaragua,1972,2317.7662505967673
nicaragua,1973,2365.7235536027315
nicaragua,1974,2583.5721534276972
nicaragua,1975,2557.552765626589
nicaragua,1976,2601.428596036301
nicaragua,1977,2676.9358390669686
nicaragua,1978,2434.088219589957
nicaragua,1979,1737.1767737798793
nicaragua,1980,1741.7684304506631
nicaragua,1981,1775.4405793697447
nicaragua,1982,1714.2184904259602
nicaragua,1983,1753.5026641648885
nicaragua,1984,1687.6889185503205
nicaragua,1985,1585.1419195694818
nicaragua,1986,1536.1642484144543
nicaragua,1987,1490.7578657811475
nicaragua,1988,1274.4398181797765
nicaragua,1989,1220.8704903539651
nicaragua,1990,1168.8317147517484
nicaragua,1991,1127.4018088321554
nicaragua,1992,1103.7406958971617
nicaragua,1993,1078.882129920835
nicaragua,1994,1099.089041579213
nicaragua,1995,1155.1039367662913
nicaragua,1996,1221.9940177228987
nicaragua,1997,1266.6293081459582
nicaragua,1998,1311.08547294045
nicaragua,1999,1402.050630190126
nicaragua,2000,1458.374901
nicaragua,2001,1502.1066554270642
nicaragua,2002,1514.9699775166355
nicaragua,2003,1555.6277708578325
nicaragua,2004,1642.925878034998
nicaragua,2005,1719.716999289224
nicaragua,2006,1798.6813516457319
nicaragua,2007,1902.9107846491531
nicaragua,2008,1967.5515660579658
nicaragua,2009,1924.3872893770028
nicaragua,2010,1998.3736226630842
nicaragua,2011,2137.1610882126033
nicaragua,2012,2232.5655101500006
nicaragua,2013,2309.6033054042628
nicaragua,2014,2390.2123891802453
nicaragua,2015,2482.555706670453
nicaragua,2016,2573.878656011598
nicaragua,2017,2660.0941015642006
nicaragua,2018,2526.674996920532
niger,1950,539.4176246613522
niger,1951,550.941297212612
niger,1952,561.3674771399423
niger,1953,571.7936570672726
niger,1954,583.3173296185324
niger,1955,593.7435095458627
niger,1956,605.2671820971226
niger,1957,615.6933620244529
niger,1958,627.2170345757127
niger,1959,637.6432145030429
niger,1960,665.6292764132454
niger,1961,679.896680524329
niger,1962,735.8688043447338
niger,1963,791.8409281651385
niger,1964,776.4760314301254
niger,1965,817.632004827482
niger,1966,790.743435541209
niger,1967,777.5735240540549
niger,1968,767.1473441267246
niger,1969,727.6376096652625
niger,1970,733.6738190968747
niger,1971,758.3674031352887
niger,1972,703.4927719388133
niger,1973,570.1474181313783
niger,1974,606.3646747210521
niger,1975,576.1836275629906
niger,1976,566.8549402595899
niger,1977,596.4872411056865
niger,1978,661.2393059175273
niger,1979,691.9690993875536
niger,1980,708.4314887464961
niger,1981,700.7490403789895
niger,1982,675.5067100286109
niger,1983,647.5206481184085
niger,1984,524.6014742383038
niger,1985,521.3089963665153
niger,1986,531.7351762938456
niger,1987,500.4566365118547
niger,1988,515.272786934903
niger,1989,502.102875447749
niger,1990,478.5067840332646
niger,1991,475.16678473085994
niger,1992,430.910504420165
niger,1993,423.3804977781222
niger,1994,426.267507
niger,1995,385.49066242957997
niger,1996,391.17699121268356
niger,1997,380.3412270381028
niger,1998,414.4395546187558
niger,1999,404.38076034728584
niger,2000,380.48779717802853
niger,2001,396.91446315206224
niger,2002,403.10443130028705
niger,2003,416.01242617274033
niger,2004,397.9132911891005
niger,2005,415.53479738280623
niger,2006,423.3137153519562
niger,2007,420.442235650707
niger,2008,444.1829217183941
niger,2009,425.4174440881355
niger,2010,444.57083048632194
niger,2011,438.44830325983764
niger,2012,474.1168135375466
niger,2013,482.8967545289826
niger,2014,499.90789019988995
niger,2015,501.0053828238195
niger,2016,507.5903385673965
niger,2017,513.2816060673077
niger,2018,529.3536721745498
nigeria,1950,795.4101326849261
nigeria,1951,836.5063228736473
nigeria,1952,876.939671285131
nigeria,1953,878.265354839606
nigeria,1954,916.0473361421399
nigeria,1955,914.0588108104275
nigeria,1956,867.6598864038069
nigeria,1957,876.939671285131
nigeria,1958,841.8090570915468
nigeria,1959,853.7402090818207
nigeria,1960,866.334202849332
nigeria,1961,870.3112535127566
nigeria,1962,894.1735574933044
nigeria,1963,949.8522667812492
nigeria,1964,961.7834187715232
nigeria,1965,997.5768747423448
nigeria,1966,937.258273013738
nigeria,1967,768.8964615954286
nigeria,1968,738.4057398425064
nigeria,1969,909.4189183697655
nigeria,1970,1155.9960595020925
nigeria,1971,1255.4223260877084
nigeria,1972,1264.7021109690324
nigeria,1973,1333.6376558017262
nigeria,1974,1444.3322326003783
nigeria,1975,1359.4884851139861
nigeria,1976,1463.5546441402641
nigeria,1977,1471.5087454671134
nigeria,1978,1344.243124237525
nigeria,1979,1394.6190993075704
nigeria,1980,1378.710896653872
nigeria,1981,1229.5714967754482
nigeria,1982,1182.5097305915901
nigeria,1983,1081.094938674262
nigeria,1984,1012.1593938415684
nigeria,1985,1074.4665209018876
nigeria,1986,1067.1752613522758
nigeria,1987,1031.3818053814541
nigeria,1988,1104.9572426548098
nigeria,1989,1146.053432843531
nigeria,1990,1175.2184710419783
nigeria,1991,1165.9410061068745
nigeria,1992,1189.098444141508
nigeria,1993,1204.880309152465
nigeria,1994,1206.5739361774845
nigeria,1995,1226.9449862331448
nigeria,1996,1275.3661746179394
nigeria,1997,1310.6275012099948
nigeria,1998,1342.8278907589454
nigeria,1999,1348.7686764716138
nigeria,2000,1421.67988
nigeria,2001,1513.150454438501
nigeria,2002,1729.4399685384512
nigeria,2003,1887.9598389641617
nigeria,2004,2079.0876803476453
nigeria,2005,2219.0752900919297
nigeria,2006,2362.787208929978
nigeria,2007,2530.3875477145966
nigeria,2008,2707.1785854456793
nigeria,2009,2927.339294377229
nigeria,2010,3251.1500302673076
nigeria,2011,3404.3553678914836
nigeria,2012,3462.022602511141
nigeria,2013,3559.4603437650444
nigeria,2014,3691.3658574352944
nigeria,2015,3697.3314334304314
nigeria,2016,3552.8319259926698
nigeria,2017,3493.93359534015
nigeria,2018,3471.7413875015295
norway,1820,1737.597304725205
norway,1830,1809.1601995007372
norway,1831,1701.1881126464255
norway,1832,1748.896709163447
norway,1833,1893.2779880965384
norway,1834,1917.132286355049
norway,1835,1887.000541186404
norway,1836,1840.5474340514093
norway,1837,1836.7809659053287
norway,1838,1860.6352641638393
norway,1839,1876.9566261301889
norway,1840,2017.5714369171997
norway,1841,1998.7390961867964
norway,1842,1983.6732236024739
norway,1843,1909.5993500628879
norway,1844,1967.3518616361243
norway,1845,2047.703182085845
norway,1846,2032.6373095015224
norway,1847,2096.6672679848934
norway,1848,1924.6652226472104
norway,1849,1957.3079465799094
norway,1850,2037.6592670296297
norway,1851,2087.8788423107053
norway,1852,2116.7550980973233
norway,1853,2229.7491424797427
norway,1854,2333.954761187974
norway,1855,2381.6633577049956
norway,1856,2335.210250570001
norway,1857,2213.4277805133934
norway,1858,2341.4876974801355
norway,1859,2281.224207142845
norway,1860,2369.108463884727
norway,1861,2359.0645488285118
norway,1862,2519.7671897279524
norway,1863,2459.5036993906624
norway,1864,2493.401912705388
norway,1865,2607.6514464698344
norway,1866,2479.5915295030923
norway,1867,2499.6793596155226
norway,1868,2479.5915295030923
norway,1869,2610.162425233888
norway,1870,2733.2003846725224
norway,1871,2857.493833493184
norway,1872,2940.3561327069583
norway,1873,3039.539793887082
norway,1874,2947.8890689991194
norway,1875,3025.729410684786
norway,1876,3109.847199280587
norway,1877,3075.9489859658615
norway,1878,2934.0786857968237
norway,1879,3049.583708943297
norway,1880,3142.489923213286
norway,1881,3062.138602763566
norway,1882,3173.877157763958
norway,1883,3241.67358439341
norway,1884,3161.3222639436894
norway,1885,3137.4679656851786
norway,1886,3173.877157763958
norway,1887,3226.607711809087
norway,1888,3379.777416416367
norway,1889,3483.9830351245982
norway,1890,3476.4500988324367
norway,1891,3467.6616731582485
norway,1892,3450.084821809872
norway,1893,3540.4800573158077
norway,1894,3684.861336248899
norway,1895,3831.7535939460445
norway,1896,3894.5280630473885
norway,1897,4040.164831362507
norway,1898,4100.428321699797
norway,1899,4072.807555295206
norway,1900,4079.08500220534
norway,1901,4106.7057686099315
norway,1902,4102.939300463851
norway,1903,4130.560066868443
norway,1904,4128.049088104389
norway,1905,4170.735727093303
norway,1906,4389.19087956598
norway,1907,4440.665944229082
norway,1908,4534.8276478810985
norway,1909,4572.492329341905
norway,1910,4803.502375634851
norway,1911,4955.416590860104
norway,1912,5084.731997208873
norway,1913,5542.985621648685
norway,1914,5443.801960468561
norway,1915,5532.94170659247
norway,1916,6030.115501875115
norway,1917,5381.027491367217
norway,1918,5050.833783894147
norway,1919,5781.528604233793
norway,1920,5949.764181425395
norway,1921,5300.676170917497
norway,1922,5737.586475862851
norway,1923,6114.2332904709165
norway,1924,6010.027671762685
norway,1925,5942.231245133234
norway,1926,5963.57456462769
norway,1927,6267.402995078196
norway,1928,6580.01985120289
norway,1929,7006.886241092029
norway,1930,7257.984117497406
norway,1931,6650.327256596395
norway,1932,6937.834325080551
norway,1933,7072.171688957427
norway,1934,7280.58292637389
norway,1935,7604.499186936826
norway,1936,8075.307705196907
norway,1937,8391.69102946768
norway,1938,8529.794861490638
norway,1939,8887.609335368299
norway,1940,8081.585152107041
norway,1941,8228.477409804185
norway,1942,7860.619020870309
norway,1943,7644.674847161686
norway,1944,7180.143775811739
norway,1945,7964.824639578541
norway,1946,8675.431629805757
norway,1947,9733.809178854417
norway,1948,10293.757443238408
norway,1949,10460.737531047982
norway,1950,10866.260601442666
norway,1951,11347.11303475896
norway,1952,11634.620103243118
norway,1953,11977.368704536457
norway,1954,12458.221137852752
norway,1955,12610.135353078005
norway,1956,13157.528723641726
norway,1957,13429.96991954156
norway,1958,13311.953917631032
norway,1959,13756.397158868549
norway,1960,14416.784573814688
norway,1961,15198.954458817436
norway,1962,15501.527399885914
norway,1963,15973.591407528022
norway,1964,16642.76724814835
norway,1965,17391.038919836374
norway,1966,17900.767608939288
norway,1967,18857.45051804377
norway,1968,19113.570351977254
norway,1969,19810.366959002175
norway,1970,20066.48679293566
norway,1971,20956.628764792717
norway,1972,21856.814651705994
norway,1973,22661.583345585223
norway,1974,23466.352039464455
norway,1975,24557.372312445816
norway,1976,25875.636163574043
norway,1977,26866.21728599325
norway,1978,27697.35125689505
norway,1979,28839.84659453951
norway,1980,30170.665339488005
norway,1981,30356.477768027984
norway,1982,30308.769171510965
norway,1983,31291.81735763801
norway,1984,33045.73602432957
norway,1985,34661.55085899816
norway,1986,35786.46934529425
norway,1987,36350.18407782432
norway,1988,36140.51735102583
norway,1989,36336.37369462202
norway,1990,36954.07447057925
norway,1991,39080.46557523257
norway,1992,41482.88254906928
norway,1993,43715.53362970664
norway,1994,47071.859634407185
norway,1995,50274.56358167612
norway,1996,54153.20367769183
norway,1997,58451.1653001554
norway,1998,61464.65381491436
norway,1999,64192.146242660434
norway,2000,67846.596864
norway,2001,71033.5517013629
norway,2002,73873.51526216378
norway,2003,76399.36567459448
norway,2004,81386.02499317737
norway,2005,85509.56825543861
norway,2006,89529.61198622006
norway,2007,94010.80462550522
norway,2008,96072.6380894879
norway,2009,96202.66975252912
norway,2010,98525.96716654883
norway,2011,101221.32044715332
norway,2012,102647.55638513586
norway,2013,102426.59025389914
norway,2014,103221.31503272215
norway,2015,103845.29325558951
norway,2016,103972.09768317423
norway,2017,105531.8344524584
norway,2018,106189.46292948752
oman,1950,816.2683375723747
oman,1951,851.6153048589931
oman,1952,886.9622721456116
oman,1953,926.4193519074182
oman,1954,964.2323866791495
oman,1955,1003.6894664409562
oman,1956,1047.256658677951
oman,1957,1089.1798059248706
oman,1958,1134.3910431519407
oman,1959,1179.6022803790108
oman,1960,1224.8135176060807
oman,1961,1209.1950902003657
oman,1962,1420.4548714250386
oman,1963,1445.1155462761678
oman,1964,1408.9465564945117
oman,1965,1379.3537466731568
oman,1966,1415.522736454813
oman,1967,2291.7987161649353
oman,1968,4054.2149455256313
oman,1969,4955.151600086882
oman,1970,4978.168229947936
oman,1971,4868.839238107931
oman,1972,5154.903066381029
oman,1973,4296.711581561734
oman,1974,4639.49496199243
oman,1975,5591.397011246015
oman,1976,6023.780843635812
oman,1977,5752.513420273392
oman,1978,5353.832510180137
oman,1979,5298.757003012615
oman,1980,5335.7480152893095
oman,1981,5926.782189221371
oman,1982,6289.29410953297
oman,1983,7004.4536802157145
oman,1984,7830.586287728541
oman,1985,8576.160690727678
oman,1986,8440.526979046468
oman,1987,8794.81867440769
oman,1988,8740.565189735205
oman,1989,8789.064516942426
oman,1990,8489.026306253689
oman,1991,9149.93255666845
oman,1992,10070.727137451324
oman,1993,10872.598244236611
oman,1994,11573.692927827013
oman,1995,12570.512670074688
oman,1996,13556.110901040358
oman,1997,15222.60754491585
oman,1998,16615.55746145468
oman,1999,17689.653565606855
oman,2000,19881.736432
oman,2001,21726.959179600566
oman,2002,22311.205420577604
oman,2003,22452.7057424014
oman,2004,23515.666894240294
oman,2005,24983.36808398337
oman,2006,27434.91355529445
oman,2007,29942.15244808257
oman,2008,33628.889224392835
oman,2009,36370.09479019055
oman,2010,37962.77447162966
oman,2011,36542.18799440317
oman,2012,36175.565961616376
oman,2013,34261.89759316876
oman,2014,32402.48270939362
oman,2015,31843.507412768027
oman,2016,31660.19639637463
oman,2017,30498.461596947756
oman,2018,29985.43776880602
pakistan,1950,341.0669904316851
pakistan,1951,322.4330865641979
pakistan,1952,316.1108691805862
pakistan,1953,337.73950759820525
pakistan,1954,337.40675931485725
pakistan,1955,336.74126274816126
pakistan,1956,338.4050041649012
pakistan,1957,344.72722154851294
pakistan,1958,341.0669904316851
pakistan,1959,335.74301789811733
pakistan,1960,343.063480131773
pakistan,1961,354.7096700489525
pakistan,1962,370.6815876496558
pakistan,1963,383.32602241687925
pakistan,1964,401.9599262843664
pakistan,1965,408.9476402346741
pakistan,1966,430.5762786522932
pakistan,1967,434.90200633581696
pakistan,1968,452.8704136366082
pakistan,1969,469.5078278040075
pakistan,1970,504.77914583889395
pakistan,1971,493.7984524884104
pakistan,1972,484.1487522713188
pakistan,1973,506.1101389722859
pakistan,1974,510.1031183724617
pakistan,1975,518.7545737395093
pakistan,1976,533.7282464901687
pakistan,1977,542.7124501405643
pakistan,1978,572.327047358535
pakistan,1979,576.6527750420588
pakistan,1980,615.9170724771211
pakistan,1981,640.207697161524
pakistan,1982,666.1620632626668
pakistan,1983,691.1181845137658
pakistan,1984,700.7678847308574
pakistan,1985,742.0286718660076
pakistan,1986,765.9865482670625
pakistan,1987,786.6169418346376
pakistan,1988,812.5713079357805
pakistan,1989,827.5449806864398
pakistan,1990,842.1859051537512
pakistan,1991,879.977525236372
pakistan,1992,909.1952868516219
pakistan,1993,924.1524552874271
pakistan,1994,950.2978854528684
pakistan,1995,980.8363250047265
pakistan,1996,991.5260632562505
pakistan,1997,993.8211612658148
pakistan,1998,1010.0413423607241
pakistan,1999,1035.498882
pakistan,2000,1049.658319701307
pakistan,2001,1057.1235939878757
pakistan,2002,1086.6516101025193
pakistan,2003,1143.9858696144504
pakistan,2004,1219.3671981213565
pakistan,2005,1292.3725375110162
pakistan,2006,1351.8453036903684
pakistan,2007,1384.3543784006981
pakistan,2008,1405.66344536699
pakistan,2009,1426.9783021534117
pakistan,2010,1448.8748694887825
pakistan,2011,1485.3883368654072
pakistan,2012,1520.3269066169455
pakistan,2013,1564.9151765855756
pakistan,2014,1613.8291742377294
pakistan,2015,1673.7238652403669
pakistan,2016,1737.944283926528
pakistan,2017,1794.2547102454257
pakistan,2018,1833.575042491404
palestine,1870,578.9949322792593
palestine,1913,963.8759566267438
palestine,1950,740.5971511978305
palestine,1951,768.8058225475219
palestine,1952,797.9707200446604
palestine,1953,828.5699567629698
palestine,1954,861.0816457761734
palestine,1955,892.6371086419299
palestine,1956,922.7582322865156
palestine,1957,956.2261474471665
palestine,1958,979.1755749858985
palestine,1959,1026.0306562108096
palestine,1960,1074.7981897306151
palestine,1961,1093.4445996058348
palestine,1962,1138.3872285358518
palestine,1963,1185.242309760763
palestine,1964,1235.9222955754626
palestine,1965,1292.3396382748456
palestine,1966,1394.6558360516924
palestine,1967,1363.5784862596595
palestine,1968,1260.3060623353654
palestine,1969,1334.413588762521
palestine,1970,1438.1641257605384
palestine,1971,1595.9414400893208
palestine,1972,1815.3953409284456
palestine,1973,1691.085941760314
palestine,1974,1988.4722736163828
palestine,1975,1953.0919061608377
palestine,1976,2201.710704497101
palestine,1977,2122.343934258986
palestine,1978,2330.323121328745
palestine,1979,2236.134845805199
palestine,1980,2504.8343932378525
palestine,1981,2300.201997684159
palestine,1982,2432.6393191055918
palestine,1983,2262.9091779337195
palestine,1984,2298.2895453892647
palestine,1985,2208.404287529231
palestine,1986,2548.342682946699
palestine,1987,2392.477820912811
palestine,1988,2268.6465348184024
palestine,1989,2238.525411173817
palestine,1990,2555.5143790525526
palestine,1991,2262.5126787616805
palestine,1992,2586.8905017043553
palestine,1993,2643.006633167292
palestine,1994,2817.7451044090335
palestine,1995,2752.4229057115485
palestine,1996,2543.683662288492
palestine,1997,2676.48697926786
palestine,1998,2893.4843351341924
palestine,1999,2966.5226572945803
palestine,2000,2571.0021349062176
palestine,2001,2211.8959951179418
palestine,2002,1836.980425
palestine,2003,1988.1372597856246
palestine,2004,2083.864246614335
palestine,2005,2194.3600984790596
palestine,2006,2004.8016041024157
palestine,2007,2032.4532737212191
palestine,2008,2049.7707683080243
palestine,2009,2116.279930522335
palestine,2010,2174.712185148311
palestine,2011,2325.0638775177854
palestine,2012,2416.38347459899
palestine,2013,2416.38347459899
palestine,2014,2361.4004711207776
palestine,2015,2391.999707839087
palestine,2016,2544.222591345193
palestine,2017,2519.689462061059
palestine,2018,2489.8966586641995
panama,1906,1572.3645568856514
panama,1907,1642.1399612114205
panama,1908,1729.87735080917
panama,1909,1829.359115392445
panama,1910,1959.9289314079933
panama,1911,2013.814887223934
panama,1912,2024.1775710346917
panama,1913,2022.10503427254
panama,1914,2130.567791491805
panama,1915,2116.7508797441283
panama,1916,1995.16205636457
panama,1917,1887.3901447326887
panama,1918,1816.9238948195355
panama,1919,1750.6027184306856
panama,1920,1689.1174611535225
panama,1921,1637.3040420997336
panama,1922,1658.720255308633
panama,1923,1672.5371670563102
panama,1924,1720.8963581731798
panama,1925,1736.7858066830086
panama,1926,1737.4766522703924
panama,1927,1746.4576449063825
panama,1928,1767.183012527898
panama,1929,1799.6527551349393
panama,1930,1704.3160640759675
panama,1931,1646.2850347357237
panama,1932,1631.7772774006628
panama,1933,1633.8498141628143
panama,1934,1651.8117994347945
panama,1935,1776.164005163888
panama,1936,1731.9498875713216
panama,1937,1870.1190050480923
panama,1938,1813.4696668826164
panama,1939,1853.5387109508797
panama,1940,1831.4316521545966
panama,1941,2011.0515048743985
panama,1942,2000.6888210636407
panama,1943,2069.0825342146422
panama,1944,2180.308673783443
panama,1945,2328.840475070971
panama,1946,2002.7613578257922
panama,1947,2044.9029386562072
panama,1948,1881.863380033618
panama,1949,1887.3901447326887
panama,1950,1780.3090786881912
panama,1951,1720.8963581731798
panama,1952,1766.4921669405142
panama,1953,1830.0499609798287
panama,1954,1852.157019776112
panama,1955,1910.8788947037397
panama,1956,1959.2380858206095
panama,1957,2109.8424238702896
panama,1958,2082.2086003749355
panama,1959,2158.2016149871592
panama,1960,2222.450254613858
panama,1961,2391.707423522902
panama,1962,2519.5138571889147
panama,1963,2678.4083422872013
panama,1964,2714.3323128311617
panama,1965,2867.7000332303774
panama,1966,2992.0522389594707
panama,1967,3149.5650328829897
panama,1968,3282.8982312480734
panama,1969,3437.6476428220567
panama,1970,3544.728708866554
panama,1971,3779.6162085770643
panama,1972,3848.7007673154494
panama,1973,3950.94591424826
panama,1974,3934.3656201510476
panama,1975,3902.58672313139
panama,1976,3871.4986716991166
panama,1977,3807.9408776598025
panama,1978,4107.767862584395
panama,1979,4196.886943356912
panama,1980,4731.601427992015
panama,1981,5052.153780538123
panama,1982,5142.654552485408
panama,1983,4964.416390940373
panama,1984,4968.561464464677
panama,1985,5115.020728990054
panama,1986,5235.227861194844
panama,1987,5287.0412802486335
panama,1988,4658.371795729327
panama,1989,4639.028119282579
panama,1990,4918.129736585655
panama,1991,5291.511120283565
panama,1992,5629.446184076633
panama,1993,5838.109254374611
panama,1994,5906.486318146956
panama,1995,5910.725208502026
panama,1996,5977.248388140627
panama,1997,6255.414738687504
panama,1998,6604.715524999651
panama,1999,6759.712742885829
panama,2000,6838.533872079126
panama,2001,6773.436183225534
panama,2002,6825.177478
panama,2003,7014.688581501729
panama,2004,7440.077580948041
panama,2005,7868.2089610380335
panama,2006,8425.377861630755
panama,2007,9321.153258842924
panama,2008,9994.440522031506
panama,2009,10028.152888596574
panama,2010,10479.522863470425
panama,2011,11579.953735728157
panama,2012,12470.453697865945
panama,2013,13111.558402958162
panama,2014,13716.739137506418
panama,2015,14316.393107355603
panama,2016,14817.94700379628
panama,2017,15341.601810507513
panama,2018,15638.773944924349
paraguay,1939,2233.937245918107
paraguay,1940,2066.665527714302
paraguay,1941,2053.3775874831585
paraguay,1942,2122.943862810909
paraguay,1943,2118.2540015528584
paraguay,1944,2114.3457838378163
paraguay,1945,1993.191034671509
paraguay,1946,2140.1400207570946
paraguay,1947,1818.1028810376195
paraguay,1948,1797.7801489194003
paraguay,1949,2051.8143003971413
paraguay,1950,1868.9097113331677
paraguay,1951,1854.8401275590159
paraguay,1952,1776.6757732581725
paraguay,1953,1779.0207038871977
paraguay,1954,1762.6061894840207
paraguay,1955,1796.9985053763917
paraguay,1956,1825.1376729246954
paraguay,1957,1861.0932759030834
paraguay,1958,1917.3716109996908
paraguay,1959,1864.2198500751172
paraguay,1960,1833.735751897788
paraguay,1961,1872.8179290482099
paraguay,1962,1953.3272139780788
paraguay,1963,1957.235431693121
paraguay,1964,1990.0644604994752
paraguay,1965,2051.032656854133
paraguay,1966,2019.7669151337957
paraguay,1967,2091.6781210905715
paraguay,1968,2109.6559225797655
paraguay,1969,2133.886872413027
paraguay,1970,2208.1430089988285
paraguay,1971,2271.4561359825116
paraguay,1972,2358.218569256448
paraguay,1973,2462.17716047657
paraguay,1974,2594.274919244995
paraguay,1975,2707.6132329812185
paraguay,1976,2836.58441757761
paraguay,1977,3083.5837771682754
paraguay,1978,3362.6305220222866
paraguay,1979,3668.2531473385848
paraguay,1980,3996.543435402127
paraguay,1981,4239.63457727775
paraguay,1982,4087.9957299341145
paraguay,1983,3857.410884746626
paraguay,1984,3865.2273201767102
paraguay,1985,3903.5278537841236
paraguay,1986,3794.097757762943
paraguay,1987,3844.9045880584913
paraguay,1988,3972.312485568866
paraguay,1989,4081.742581590047
paraguay,1990,4087.9957299341145
paraguay,1991,4083.540049081549
paraguay,1992,4054.044261
paraguay,1993,4119.964560021388
paraguay,1994,4147.010286417377
paraguay,1995,4270.605483053665
paraguay,1996,4190.190386170729
paraguay,1997,4220.426312523153
paraguay,1998,4159.843857256969
paraguay,1999,4025.7835478807583
paraguay,2000,3827.262502471019
paraguay,2001,3844.1588219541068
paraguay,2002,4354.870330714626
paraguay,2003,4476.4647543738765
paraguay,2004,4593.453577949012
paraguay,2005,4629.511185409762
paraguay,2006,4790.413759367717
paraguay,2007,4989.609988469908
paraguay,2008,5247.196709850622
paraguay,2009,4984.495147617523
paraguay,2010,5580.174201584169
paraguay,2011,5766.184416773224
paraguay,2012,5622.362004859672
paraguay,2013,6332.87598545434
paraguay,2014,6551.736177496701
paraguay,2015,6674.454213749025
paraguay,2016,6867.520168872109
paraguay,2017,7123.733308054695
paraguay,2018,7299.728715348953
peru,1595,478.93396212978723
peru,1596,492.5400405993835
peru,1597,496.3497425708704
peru,1598,531.7255465918206
peru,1599,509.4115779016828
peru,1600,501.24793081992505
peru,1601,522.4734132324952
peru,1602,524.6503857876305
peru,1603,499.6152014035735
peru,1604,495.26125629330267
peru,1605,495.26125629330267
peru,1606,496.89398570965426
peru,1607,506.69036220776354
peru,1608,509.4115779016828
peru,1609,564.9243780576354
peru,1610,585.6056173314216
peru,1611,550.2298133104714
peru,1612,575.2649976945285
peru,1613,562.2031623637162
peru,1614,575.2649976945285
peru,1615,559.4819466697969
peru,1616,534.9910054245237
peru,1617,543.1546525062814
peru,1618,542.0661662287138
peru,1619,543.6988956450652
peru,1620,541.5219230899298
peru,1621,543.1546525062814
peru,1622,531.1813034530368
peru,1623,525.7388720651983
peru,1624,543.6988956450652
peru,1625,543.1546525062814
peru,1626,566.5571074739869
peru,1627,575.2649976945285
peru,1628,580.1631859435831
peru,1629,577.9862133884477
peru,1630,569.2783231679061
peru,1631,582.3401584987186
peru,1632,591.592291858044
peru,1633,603.5656409112887
peru,1634,597.5789663846663
peru,1635,654.1802528181867
peru,1636,654.1802528181867
peru,1637,635.6759860995357
peru,1638,622.0699076299395
peru,1639,616.0832331033172
peru,1640,583.9728879150701
peru,1641,646.5608488752127
peru,1642,637.8529586546712
peru,1643,641.1184174873742
peru,1644,600.3001820785855
peru,1645,594.857750690747
peru,1646,597.5789663846663
peru,1647,562.2031623637162
peru,1648,607.3753428827756
peru,1649,591.592291858044
peru,1650,577.9862133884477
peru,1651,548.0528407553361
peru,1652,556.7607309758777
peru,1653,565.4686211964192
peru,1654,571.4552957230416
peru,1655,549.1413270329037
peru,1656,556.2164878370938
peru,1657,561.1146760861484
peru,1658,573.632268278177
peru,1659,518.1194681222244
peru,1660,489.27458176668034
peru,1661,499.6152014035735
peru,1662,514.3097661507375
peru,1663,539.3449505347945
peru,1664,518.6637112610082
peru,1665,551.862542726823
peru,1666,647.1050920139966
peru,1667,704.2506215863008
peru,1668,680.3039234798114
peru,1669,505.05763279141195
peru,1670,591.592291858044
peru,1671,560.5704329473646
peru,1672,572.5437820006092
peru,1673,578.5304565272316
peru,1674,556.7607309758777
peru,1675,555.1280015595261
peru,1676,604.6541271888564
peru,1677,629.6893115729134
peru,1678,597.0347232458824
peru,1679,680.3039234798114
peru,1680,587.2383467477732
peru,1681,610.6408017154787
peru,1682,595.9462369683148
peru,1683,620.437178213588
peru,1684,626.9680958789942
peru,1685,575.2649976945285
peru,1686,562.7474055025
peru,1687,505.05763279141195
peru,1688,513.7655230119535
peru,1689,505.05763279141195
peru,1690,514.3097661507375
peru,1691,539.3449505347945
peru,1692,541.5219230899298
peru,1693,511.0443073180343
peru,1694,604.6541271888564
peru,1695,617.7159625196688
peru,1696,592.6807781356117
peru,1697,563.8358917800676
peru,1698,607.9195860215594
peru,1699,629.6893115729134
peru,1700,629.6893115729134
peru,1701,593.2250212743955
peru,1702,567.1013506127708
peru,1703,613.3620174093979
peru,1704,591.592291858044
peru,1705,647.1050920139966
peru,1706,573.632268278177
peru,1707,633.4990135444003
peru,1708,708.0603235577877
peru,1709,708.0603235577877
peru,1710,640.0299312098066
peru,1711,661.7996567611606
peru,1712,629.6893115729134
peru,1713,629.6893115729134
peru,1714,616.627476242101
peru,1715,576.89772711088
peru,1716,622.0699076299395
peru,1717,635.1317429607519
peru,1718,613.3620174093979
peru,1719,599.2116958010179
peru,1720,598.667452662234
peru,1721,574.1765114169608
peru,1722,600.3001820785855
peru,1723,660.166927344809
peru,1724,623.7026370462911
peru,1725,664.5208724550797
peru,1726,582.3401584987186
peru,1727,667.7863312877829
peru,1728,635.6759860995357
peru,1729,640.0299312098066
peru,1730,622.6141507687233
peru,1731,631.322040989265
peru,1732,531.7255465918206
peru,1733,603.0213977725048
peru,1734,606.286856605208
peru,1735,661.2554136223766
peru,1736,672.1402763980536
peru,1737,630.7777978504811
peru,1738,651.4590371242674
peru,1739,643.8396331812935
peru,1740,671.5960332592698
peru,1741,699.8966764760299
peru,1742,669.9633038429182
peru,1743,667.7863312877829
peru,1744,616.0832331033172
peru,1745,580.1631859435831
peru,1746,607.3753428827756
peru,1747,575.8092408333124
peru,1748,570.9110525842577
peru,1749,607.3753428827756
peru,1750,601.3886683561533
peru,1751,614.9947468257495
peru,1752,550.7740564492553
peru,1753,566.5571074739869
peru,1754,534.9910054245237
peru,1755,531.7255465918206
peru,1756,552.4067858656068
peru,1757,601.3886683561533
peru,1758,637.8529586546712
peru,1759,674.8614920919729
peru,1760,645.4723625976451
peru,1761,659.0784410672413
peru,1762,661.2554136223766
peru,1763,659.0784410672413
peru,1764,694.9984882269753
peru,1765,740.7149118848187
peru,1766,731.4627785254931
peru,1767,730.3742922479255
peru,1768,726.0203471376548
peru,1769,717.3124569171131
peru,1770,712.4142686680585
peru,1771,711.3257823904908
peru,1772,711.3257823904908
peru,1773,642.2069037649419
peru,1774,702.0736490311654
peru,1775,671.5960332592698
peru,1776,695.5427313657592
peru,1777,654.1802528181867
peru,1778,646.5608488752127
peru,1779,648.1935782915643
peru,1780,636.7644723771035
peru,1781,562.7474055025
peru,1782,572.5437820006092
peru,1783,616.627476242101
peru,1784,616.0832331033172
peru,1785,565.4686211964192
peru,1786,606.286856605208
peru,1787,612.2735311318303
peru,1788,694.9984882269753
peru,1789,667.242088148999
peru,1790,625.3353664626426
peru,1791,678.126950924676
peru,1792,711.3257823904908
peru,1793,691.1887862554884
peru,1794,737.9936961908994
peru,1795,609.0080722991272
peru,1796,563.8358917800676
peru,1797,573.632268278177
peru,1798,575.2649976945285
peru,1799,576.89772711088
peru,1800,575.8092408333124
peru,1801,545.8758682002007
peru,1802,546.4201113389845
peru,1803,536.0794917020913
peru,1804,532.8140328693883
peru,1805,548.0528407553361
peru,1806,566.5571074739869
peru,1807,571.4552957230416
peru,1808,561.1146760861484
peru,1809,556.2164878370938
peru,1810,559.4819466697969
peru,1811,522.4734132324952
peru,1812,526.8273583427659
peru,1813,509.4115779016828
peru,1814,499.0709582647896
peru,1815,483.83215037884185
peru,1816,493.6285268769511
peru,1817,482.1994209624903
peru,1818,483.83215037884185
peru,1819,471.8588013255972
peru,1820,454.443020884514
peru,1821,373.8950363445043
peru,1822,356.4792559034212
peru,1823,369.54109123423353
peru,1824,355.9350127646373
peru,1825,365.18714612396275
peru,1826,347.7713656828796
peru,1827,370.62957751180124
peru,1828,366.8198755403143
peru,1829,359.2004715973404
peru,1830,364.09865984639504
peru,1831,366.27563240153046
peru,1832,356.4792559034212
peru,1833,372.2623069281528
peru,1834,382.60292656504595
peru,1835,395.6647618958583
peru,1836,416.3460011696446
peru,1837,438.1157267209985
peru,1838,441.38118555370164
peru,1839,432.67329533316007
peru,1840,451.1775620518109
peru,1841,483.83215037884185
peru,1842,475.6685032970841
peru,1843,458.7969659947848
peru,1844,448.4563463578917
peru,1845,482.1994209624903
peru,1846,464.2393973826233
peru,1847,511.0443073180343
peru,1848,531.1813034530368
peru,1849,540.4334368123622
peru,1850,514.3097661507375
peru,1851,591.592291858044
peru,1852,552.4067858656068
peru,1853,631.322040989265
peru,1854,667.242088148999
peru,1855,708.6045666965715
peru,1856,676.4942215083245
peru,1857,784.2543629875265
peru,1858,729.8300491091417
peru,1859,712.4142686680585
peru,1860,714.5912412231938
peru,1861,672.1402763980536
peru,1862,664.5208724550797
peru,1863,728.741562831574
peru,1864,695.5427313657592
peru,1865,689.5560568391368
peru,1866,718.4009431946808
peru,1867,716.7682137783293
peru,1868,714.04699808441
peru,1869,800.581657151042
peru,1870,911.6072574629472
peru,1871,950.7927634553844
peru,1872,963.8545987861968
peru,1873,956.2351948432229
peru,1874,967.1200576188999
peru,1875,885.4835868013225
peru,1876,975.2837047006576
peru,1877,890.926018189161
peru,1878,770.1040413791465
peru,1879,649.8263077079158
peru,1880,467.5048562153264
peru,1881,426.6866208065377
peru,1882,451.72180519059475
peru,1883,413.62478547572533
peru,1884,496.3497425708704
peru,1885,464.78364052140716
peru,1886,486.5533660727611
peru,1887,449.5448326354594
peru,1888,497.9824719872219
peru,1889,490.36306804424805
peru,1890,460.4296954111363
peru,1891,490.36306804424805
peru,1892,503.4249033750604
peru,1893,470.22607190924566
peru,1894,431.0405659168085
peru,1895,456.07575030086554
peru,1896,499.0709582647896
peru,1897,537.1679779796591
peru,1898,562.7474055025
peru,1899,583.9728879150701
peru,1900,589.9595624416925
peru,1901,625.3353664626426
peru,1902,656.9014685121059
peru,1903,692.277272533056
peru,1904,706.97183728022
peru,1905,749.4228021053602
peru,1906,798.9489277346905
peru,1907,838.1344337271277
peru,1908,843.0326219761823
peru,1909,846.8423239476692
peru,1910,851.19626905794
peru,1911,857.7271867233462
peru,1912,877.8641828583486
peru,1913,895.2799632994318
peru,1914,878.9526691359163
peru,1915,943.1733595124105
peru,1916,1028.075289162691
peru,1917,1052.5662304079642
peru,1918,1045.4910696037741
peru,1919,1067.260795155128
peru,1920,1063.4510931836412
peru,1921,1090.6632501228337
peru,1922,1166.8572895525724
peru,1923,1227.2682779575798
peru,1924,1321.9665841059696
peru,1925,1336.1169057143495
peru,1926,1448.7752354426063
peru,1927,1452.0406942753095
peru,1928,1521.703816039642
peru,1929,1655.043385041685
peru,1930,1442.788560915984
peru,1931,1304.5508036648864
peru,1932,1234.3434387617697
peru,1933,1351.3557136002973
peru,1934,1509.7304669863975
peru,1935,1625.1100124085735
peru,1936,1675.1803811766877
peru,1937,1670.8264360664168
peru,1938,1669.7379497888492
peru,1939,1652.8664124865497
peru,1940,1657.7646007356043
peru,1941,1631.0966869351957
peru,1942,1567.4202396974854
peru,1943,1565.24326714235
peru,1944,1670.8264360664168
peru,1945,1704.0252675322315
peru,1946,1739.4010715531817
peru,1947,1758.4495814106165
peru,1948,1786.205981488593
peru,1949,1888.5236915799564
peru,1950,2002.270507585781
peru,1951,2104.5882176771447
peru,1952,2157.379802139178
peru,1953,2237.3835435404035
peru,1954,2240.6490023731067
peru,1955,2345.143685019606
peru,1956,2386.506163567178
peru,1957,2437.66501861286
peru,1958,2379.431002762988
peru,1959,2326.6394183009547
peru,1960,2575.9027758639577
peru,1961,2725.5696390295166
peru,1962,2846.391615839531
peru,1963,2892.108039497374
peru,1964,3005.8548555031985
peru,1965,3117.9689420926716
peru,1966,3286.140071976881
peru,1967,3323.6928485529666
peru,1968,3196.8841972163295
peru,1969,3188.720550134572
peru,1970,3343.2856015491852
peru,1971,3397.165672288786
peru,1972,3409.139021342031
peru,1973,3490.231249020824
peru,1974,3573.500449254753
peru,1975,3753.1006850534236
peru,1976,3705.2072888404446
peru,1977,3606.155037581784
peru,1978,3512.5452177109623
peru,1979,3626.8362768555703
peru,1980,3698.132128036255
peru,1981,3766.7067635230196
peru,1982,3684.5260495666585
peru,1983,3117.9689420926716
peru,1984,3188.720550134572
peru,1985,3180.556903052814
peru,1986,3423.289342950411
peru,1987,3636.63265335368
peru,1988,3267.0915621194463
peru,1989,2808.2945961246614
peru,1990,2609.6458504685565
peru,1991,2619.0132545246765
peru,1992,2557.117135442556
peru,1993,2643.4004630276972
peru,1994,2917.917464170665
peru,1995,3084.7880162261226
peru,1996,3123.8413255601495
peru,1997,3280.5977175487615
peru,1998,3225.5837162295047
peru,1999,3235.6317507549875
peru,2000,3286.2730849999994
peru,2001,3271.0237187971597
peru,2002,3414.8092184834504
peru,2003,3522.527126695083
peru,2004,3663.303125096841
peru,2005,3859.3006447266744
peru,2006,4114.966424150017
peru,2007,4429.24931216862
peru,2008,4796.206990071675
peru,2009,4808.941408730195
peru,2010,5174.544084490619
peru,2011,5466.378085944981
peru,2012,5732.512980810283
peru,2013,6005.178793340991
peru,2014,6087.903750436136
peru,2015,6228.862723381153
peru,2016,6409.007202318608
peru,2017,6505.079831241054
peru,2018,6699.6791358230375
philippines,1820,413.9287015205349
philippines,1870,442.38352095911085
philippines,1902,477.0628321498753
philippines,1903,569.985601878975
philippines,1904,481.06429113342506
philippines,1905,502.40540571235704
philippines,1906,511.7421433406398
philippines,1907,529.5264054897498
philippines,1908,549.0890938537708
philippines,1909,549.0890938537708
philippines,1910,619.3369293427552
philippines,1911,646.9025356738757
philippines,1912,645.5687160126924
philippines,1913,700.2553221212056
philippines,1914,674.4681420049961
philippines,1915,620.2261424502107
philippines,1916,710.9258794106717
philippines,1917,813.6299933217817
philippines,1918,911.4434351418867
philippines,1919,858.9798618020122
philippines,1920,913.6664679105254
philippines,1921,875.4303042899389
philippines,1922,961.6839757131224
philippines,1923,885.6562550256772
philippines,1924,948.3457791012898
philippines,1925,937.6752218118239
philippines,1926,966.5746478041276
philippines,1927,967.9084674653109
philippines,1928,986.5819427218763
philippines,1929,1001.2539589948921
philippines,1930,979.4682378622324
philippines,1931,963.9070084817612
philippines,1932,983.4696968457821
philippines,1933,969.6868936802218
philippines,1934,955.4594839609339
philippines,1935,869.6504190914782
philippines,1936,966.5746478041276
philippines,1937,1011.9245162843581
philippines,1938,1020.3720408051853
philippines,1939,1068.8341551615101
philippines,1940,1067.9449420540545
philippines,1946,457.9447503395821
philippines,1947,620.2261424502107
philippines,1948,703.8121745510276
philippines,1949,726.4871087911429
philippines,1950,758.4987806595408
philippines,1951,815.8530260904205
philippines,1952,840.3063865454467
philippines,1953,888.7685009017714
philippines,1954,927.0046645223579
philippines,1955,962.5731888205779
philippines,1956,999.4755327799811
philippines,1957,1022.1504670200964
philippines,1958,1026.1519260036462
philippines,1959,1063.9434830705047
philippines,1960,1046.1592209213948
philippines,1961,1071.5017944838764
philippines,1962,1089.2860566329866
philippines,1963,1130.1898595759394
philippines,1964,1133.7467120057615
philippines,1965,1157.3108593533323
philippines,1966,1171.982875626348
philippines,1967,1197.7700557425574
philippines,1968,1220.4449899826727
philippines,1969,1240.0076783466936
philippines,1970,1250.233629082432
philippines,1971,1281.3560878433743
philippines,1972,1313.3677597117724
philippines,1973,1392.063119721584
philippines,1974,1402.2890704573222
philippines,1975,1440.9698406316365
philippines,1976,1525.0004792861812
philippines,1977,1566.7934953365896
philippines,1978,1603.251232742265
philippines,1979,1646.3780684538567
philippines,1980,1683.7250189669878
philippines,1981,1697.9524286862757
philippines,1982,1715.7366908353856
philippines,1983,1705.9553466533753
philippines,1984,1542.3401348815632
philippines,1985,1393.841545936495
philippines,1986,1405.4013163334164
philippines,1987,1430.7438898958983
philippines,1988,1491.6549877566
philippines,1989,1547.6754135262963
philippines,1990,1557.012151154579
philippines,1991,1526.148809093149
philippines,1992,1511.3255376705551
philippines,1993,1523.7241917130502
philippines,1994,1569.0197737330707
philippines,1995,1617.3121817678373
philippines,1996,1685.4050982122142
philippines,1997,1746.420945376974
philippines,1998,1712.905747525835
philippines,1999,1741.5632630922555
philippines,2000,1793.347611
philippines,2001,1818.5378623571746
philippines,2002,1859.0670398179564
philippines,2003,1926.575254183526
philippines,2004,2028.5186018205527
philippines,2005,2098.9878513732933
philippines,2006,2182.4032434787896
philippines,2007,2299.7993809578334
philippines,2008,2369.1671177737135
philippines,2009,2373.445922325479
philippines,2010,2531.610480051865
philippines,2011,2601.392945861063
philippines,2012,2731.6626661032933
philippines,2013,2877.4936157259954
philippines,2014,3006.8741228607705
philippines,2015,3133.1423841194514
philippines,2016,3294.5345631226246
philippines,2017,3459.5322345125974
philippines,2018,3618.714763404399
poland,1400,554.8693687008641
poland,1409,518.884116755829
poland,1410,520.0449313347011
poland,1411,520.6253386241372
poland,1412,521.7861532030092
poland,1413,521.7861532030092
poland,1414,523.5273750713175
poland,1415,538.6179645966547
poland,1416,545.0024447804512
poland,1417,550.2261103853757
poland,1418,557.1909978586084
poland,1419,562.4146634635327
poland,1420,568.7991436473294
poland,1421,573.4424019628177
poland,1422,579.2464748571782
poland,1423,584.4701404621027
poland,1424,592.0154352247714
poland,1425,597.8195081191319
poland,1426,591.4350279353353
poland,1427,592.0154352247714
poland,1428,593.1762498036435
poland,1429,592.0154352247714
poland,1430,591.4350279353353
poland,1431,590.2742133564632
poland,1432,588.5329914881551
poland,1433,585.6309550409748
poland,1434,583.8897331726666
poland,1435,578.0856602783061
poland,1436,574.6032165416899
poland,1437,568.7991436473294
poland,1438,562.4146634635327
poland,1439,556.0301832797362
poland,1440,550.2261103853757
poland,1441,545.5828520698873
poland,1442,540.3591864649629
poland,1443,536.8767427283466
poland,1444,533.9747062811663
poland,1445,529.911855255114
poland,1446,527.5902260973697
poland,1447,525.2685969396256
poland,1448,524.6881896501895
poland,1449,525.2685969396256
poland,1450,525.2685969396256
poland,1451,526.4294115184977
poland,1452,526.4294115184977
poland,1453,527.5902260973697
poland,1454,528.1706333868058
poland,1455,528.1706333868058
poland,1456,522.9469677818814
poland,1457,515.9820803086487
poland,1458,509.5976001248522
poland,1459,504.3739345199278
poland,1460,497.9894543361312
poland,1461,491.0245668628986
poland,1462,484.64008667910207
poland,1463,477.0947919164334
poland,1464,470.71031173263685
poland,1465,464.32583154884026
poland,1466,457.9413513650437
poland,1467,457.9413513650437
poland,1468,459.10216594391585
poland,1469,459.10216594391585
poland,1470,459.10216594391585
poland,1471,457.9413513650437
poland,1472,459.6825732333519
poland,1473,465.4866461277124
poland,1474,470.1299044432008
poland,1475,474.7731627586892
poland,1476,479.4164210741776
poland,1477,485.80090125797415
poland,1478,490.44415957346257
poland,1479,493.3461960206428
poland,1480,496.8286397572591
poland,1481,502.6327126516196
poland,1482,513.6604511509046
poland,1483,509.5976001248522
poland,1484,504.3739345199278
poland,1485,499.73067620443936
poland,1486,493.3461960206428
poland,1487,490.44415957346257
poland,1488,490.44415957346257
poland,1489,488.7029377051544
poland,1490,490.44415957346257
poland,1491,491.0245668628986
poland,1492,493.3461960206428
poland,1493,491.0245668628986
poland,1494,502.6327126516196
poland,1495,513.6604511509046
poland,1496,520.6253386241372
poland,1497,532.8138917022942
poland,1498,540.3591864649629
poland,1499,540.939593754399
poland,1500,547.9044812276315
poland,1501,552.54773954312
poland,1502,557.1909978586084
poland,1503,550.2261103853757
poland,1504,539.1983718860907
poland,1505,540.3591864649629
poland,1506,540.939593754399
poland,1507,543.2612229121431
poland,1508,543.8416302015792
poland,1509,546.7436666487595
poland,1510,550.2261103853757
poland,1511,552.54773954312
poland,1512,552.54773954312
poland,1513,553.128146832556
poland,1514,563.5754780424049
poland,1515,564.155885331841
poland,1516,565.316699910713
poland,1517,566.4775144895851
poland,1518,566.4775144895851
poland,1519,566.4775144895851
poland,1520,570.5403655156375
poland,1521,569.9599582262015
poland,1522,569.9599582262015
poland,1523,568.7991436473294
poland,1524,568.2187363578932
poland,1525,566.4775144895851
poland,1526,562.4146634635327
poland,1527,561.8342561740967
poland,1528,562.4146634635327
poland,1529,562.4146634635327
poland,1530,557.7714051480444
poland,1531,554.8693687008641
poland,1532,550.2261103853757
poland,1533,548.4848885170676
poland,1534,546.7436666487595
poland,1535,545.0024447804512
poland,1536,551.3869249642478
poland,1537,558.9322197269165
poland,1538,562.4146634635327
poland,1539,563.5754780424049
poland,1540,569.9599582262015
poland,1541,577.5052529888701
poland,1542,584.4701404621027
poland,1543,596.0782862508237
poland,1544,604.2039883029285
poland,1545,611.7492830655971
poland,1546,616.9729486705215
poland,1547,613.4905049339052
poland,1548,608.8472466184169
poland,1549,608.8472466184169
poland,1550,604.2039883029285
poland,1551,602.4627664346202
poland,1552,604.7843955923645
poland,1553,605.9452101712366
poland,1554,607.6864320395447
poland,1555,610.588468486725
poland,1556,615.2317268022134
poland,1557,625.6790580120622
poland,1558,640.1892402479635
poland,1559,652.9582006155566
poland,1560,665.1467536937137
poland,1561,674.4332703246905
poland,1562,679.0765286401789
poland,1563,680.237343219051
poland,1564,681.9785650873591
poland,1565,682.5589723767952
poland,1566,679.0765286401789
poland,1567,677.9157140613069
poland,1568,679.0765286401789
poland,1569,681.9785650873591
poland,1570,685.4610088239755
poland,1571,684.8806015345394
poland,1572,691.265081718336
poland,1573,699.3907837704406
poland,1574,705.1948566648011
poland,1575,716.2225951640861
poland,1576,727.2503336633711
poland,1577,739.4388867415281
poland,1578,749.305810661941
poland,1579,748.725403372505
poland,1580,746.4037742147608
poland,1581,744.6625523464526
poland,1582,742.9213304781445
poland,1583,739.4388867415281
poland,1584,734.7956284260398
poland,1585,731.8935919788595
poland,1586,720.8658534795745
poland,1587,710.4185222697256
poland,1588,709.8381149802896
poland,1589,696.4887473232604
poland,1590,688.3630452711557
poland,1591,673.2724557458184
poland,1592,663.4055318254055
poland,1593,654.1190151944287
poland,1594,645.993313142324
poland,1595,639.0284256690915
poland,1596,625.6790580120622
poland,1597,621.0357996965739
poland,1598,614.0709122233412
poland,1599,602.4627664346202
poland,1600,602.4627664346202
poland,1601,596.0782862508237
poland,1602,592.0154352247714
poland,1603,587.372176909283
poland,1604,584.4701404621027
poland,1605,582.7289185937946
poland,1606,578.0856602783061
poland,1607,579.8268821466143
poland,1608,579.2464748571782
poland,1609,578.0856602783061
poland,1610,577.5052529888701
poland,1611,574.6032165416899
poland,1612,572.8619946733817
poland,1613,568.7991436473294
poland,1614,566.4775144895851
poland,1615,557.1909978586084
poland,1616,545.5828520698873
poland,1617,535.7159281494745
poland,1618,529.331447965678
poland,1619,515.9820803086487
poland,1620,506.1151563882359
poland,1621,495.08741788895094
poland,1622,484.059679389666
poland,1623,479.99682836361364
poland,1624,479.4164210741776
poland,1625,478.25560649530547
poland,1626,482.8988648107939
poland,1627,484.64008667910207
poland,1628,492.1853814417707
poland,1629,498.5698616255672
poland,1630,506.1151563882359
poland,1631,512.4996365720325
poland,1632,518.303709466393
poland,1633,525.2685969396256
poland,1634,529.331447965678
poland,1635,534.5551135706024
poland,1636,536.8767427283466
poland,1637,538.6179645966547
poland,1638,540.3591864649629
poland,1639,542.100408333271
poland,1640,539.1983718860907
poland,1641,534.5551135706024
poland,1642,534.5551135706024
poland,1643,532.2334844128582
poland,1644,529.911855255114
poland,1645,522.9469677818814
poland,1646,520.6253386241372
poland,1647,520.6253386241372
poland,1648,520.0449313347011
poland,1649,522.9469677818814
poland,1650,522.9469677818814
poland,1651,527.5902260973697
poland,1652,532.2334844128582
poland,1653,533.9747062811663
poland,1654,538.6179645966547
poland,1655,542.100408333271
poland,1656,549.6457030959397
poland,1657,549.6457030959397
poland,1658,546.7436666487595
poland,1659,542.100408333271
poland,1660,535.7159281494745
poland,1661,529.331447965678
poland,1662,522.9469677818814
poland,1663,517.1428948875208
poland,1664,510.7584147037243
poland,1665,502.6327126516196
poland,1666,490.44415957346257
poland,1667,479.99682836361364
poland,1668,470.71031173263685
poland,1669,467.22786799602056
poland,1670,464.32583154884026
poland,1671,459.6825732333519
poland,1672,455.03931491786346
poland,1673,464.32583154884026
poland,1674,470.1299044432008
poland,1675,478.25560649530547
poland,1676,492.1853814417707
poland,1677,510.7584147037243
poland,1678,528.1706333868058
poland,1679,552.54773954312
poland,1680,573.4424019628177
poland,1681,586.791769619847
poland,1682,598.399915408568
poland,1683,605.9452101712366
poland,1684,604.2039883029285
poland,1685,607.6864320395447
poland,1686,612.3296903550331
poland,1687,615.2317268022134
poland,1688,613.4905049339052
poland,1689,610.588468486725
poland,1690,596.6586935402597
poland,1691,584.4701404621027
poland,1692,579.8268821466143
poland,1693,576.344438409998
poland,1694,577.5052529888701
poland,1695,579.2464748571782
poland,1696,577.5052529888701
poland,1697,571.7011800945096
poland,1698,567.0579217790212
poland,1699,568.7991436473294
poland,1700,571.7011800945096
poland,1701,575.1836238311259
poland,1702,579.2464748571782
poland,1703,575.1836238311259
poland,1704,569.9599582262015
poland,1705,570.5403655156375
poland,1706,574.6032165416899
poland,1707,572.8619946733817
poland,1708,569.9599582262015
poland,1709,565.316699910713
poland,1710,553.128146832556
poland,1711,539.1983718860907
poland,1712,528.1706333868058
poland,1713,520.0449313347011
poland,1714,529.331447965678
poland,1715,538.6179645966547
poland,1716,543.8416302015792
poland,1717,550.2261103853757
poland,1718,553.128146832556
poland,1719,559.5126270163526
poland,1720,563.5754780424049
poland,1721,568.7991436473294
poland,1722,577.5052529888701
poland,1723,583.8897331726666
poland,1724,589.1133987775911
poland,1725,583.8897331726666
poland,1726,582.7289185937946
poland,1727,578.0856602783061
poland,1728,570.5403655156375
poland,1729,567.0579217790212
poland,1730,563.5754780424049
poland,1731,556.0301832797362
poland,1732,553.128146832556
poland,1733,553.128146832556
poland,1734,554.8693687008641
poland,1735,554.2889614114281
poland,1736,549.6457030959397
poland,1737,545.5828520698873
poland,1738,545.0024447804512
poland,1739,542.100408333271
poland,1740,540.3591864649629
poland,1741,540.3591864649629
poland,1742,549.6457030959397
poland,1743,579.8268821466143
poland,1744,584.4701404621027
poland,1745,589.1133987775911
poland,1746,593.7566570930795
poland,1747,603.0431737240564
poland,1748,611.7492830655971
poland,1749,618.1337632493936
poland,1750,626.2594653014984
poland,1751,635.5459819324751
poland,1752,641.3500548268356
poland,1753,644.832498563452
poland,1754,621.0357996965739
poland,1755,621.0357996965739
poland,1756,611.7492830655971
poland,1757,604.7843955923645
poland,1758,601.3019518557481
poland,1759,596.6586935402597
poland,1760,591.4350279353353
poland,1761,586.791769619847
poland,1762,582.7289185937946
poland,1763,575.1836238311259
poland,1764,571.7011800945096
poland,1765,568.2187363578932
poland,1766,565.316699910713
poland,1767,566.4775144895851
poland,1768,569.9599582262015
poland,1769,569.9599582262015
poland,1770,569.9599582262015
poland,1771,566.4775144895851
poland,1772,565.316699910713
poland,1773,565.316699910713
poland,1774,569.9599582262015
poland,1775,575.1836238311259
poland,1776,577.5052529888701
poland,1777,572.8619946733817
poland,1778,574.6032165416899
poland,1779,579.2464748571782
poland,1780,582.7289185937946
poland,1781,582.1485113043585
poland,1782,580.9876967254864
poland,1783,575.1836238311259
poland,1784,568.2187363578932
poland,1785,561.8342561740967
poland,1786,554.2889614114281
poland,1787,556.0301832797362
poland,1788,559.5126270163526
poland,1789,557.1909978586084
poland,1790,546.7436666487595
poland,1791,538.6179645966547
poland,1792,535.7159281494745
poland,1793,534.5551135706024
poland,1794,540.3591864649629
poland,1795,545.5828520698873
poland,1796,553.128146832556
poland,1797,556.0301832797362
poland,1798,543.8416302015792
poland,1799,536.8767427283466
poland,1800,523.5273750713175
poland,1811,400.48102971087474
poland,1812,384.8100328961014
poland,1813,394.0965495270782
poland,1814,417.89324839395624
poland,1815,425.4385431566249
poland,1816,427.1797650249331
poland,1817,432.9838379192936
poland,1818,442.2703545502704
poland,1819,459.6825732333519
poland,1820,474.7731627586892
poland,1821,484.059679389666
poland,1822,493.3461960206428
poland,1823,504.9543418093638
poland,1824,515.4016730192127
poland,1825,520.6253386241372
poland,1826,523.5273750713175
poland,1827,534.5551135706024
poland,1828,546.7436666487595
poland,1829,553.128146832556
poland,1830,546.7436666487595
poland,1831,539.1983718860907
poland,1832,535.7159281494745
poland,1833,533.9747062811663
poland,1834,535.7159281494745
poland,1835,531.0726698339861
poland,1836,529.331447965678
poland,1837,535.7159281494745
poland,1838,534.5551135706024
poland,1839,529.911855255114
poland,1840,526.4294115184977
poland,1841,534.5551135706024
poland,1842,532.2334844128582
poland,1843,529.911855255114
poland,1844,531.0726698339861
poland,1845,540.939593754399
poland,1846,547.9044812276315
poland,1847,554.8693687008641
poland,1848,557.1909978586084
poland,1849,557.1909978586084
poland,1850,571.7011800945096
poland,1851,602.4627664346202
poland,1852,616.3925413810855
poland,1853,643.0912766951438
poland,1854,657.601458931045
poland,1855,674.4332703246905
poland,1856,672.6920484563824
poland,1857,686.6218234028476
poland,1858,717.9638170323943
poland,1859,752.2078471091213
poland,1860,788.1930990541564
poland,1861,805.0249104478019
poland,1862,798.6404302640053
poland,1863,805.0249104478019
poland,1864,824.1783509991915
poland,1865,839.2689405245288
poland,1866,853.198715470994
poland,1867,879.8974507850523
poland,1868,903.1137423624943
poland,1869,904.8549642308025
poland,1870,914.1414808617793
poland,1871,914.7218881512154
poland,1872,928.0712558082445
poland,1873,959.4132494377913
poland,1874,976.2450608314367
poland,1875,978.5666899891809
poland,1876,1005.8458325926753
poland,1877,1022.0972366968847
poland,1878,1044.7331209848905
poland,1879,1065.0473761151525
poland,1880,1094.648147876391
poland,1881,1118.444846743269
poland,1882,1148.0456185045075
poland,1883,1175.905168397438
poland,1884,1193.3173870805194
poland,1885,1208.9883838952928
poland,1886,1213.6316422107814
poland,1887,1211.310013053037
poland,1888,1230.4634536044268
poland,1889,1254.2601524713048
poland,1890,1279.217665917055
poland,1891,1297.2102918895725
poland,1892,1321.0069907564507
poland,1893,1341.3212458867124
poland,1894,1358.1530572803579
poland,1895,1372.082832226823
poland,1896,1401.6836039880616
poland,1897,1437.6688559330967
poland,1898,1477.7169589041841
poland,1899,1526.4711712168125
poland,1900,1567.099681477336
poland,1910,1563.6172377407197
poland,1913,1608.8890063167316
poland,1920,1741.221868308151
poland,1929,1958.2941945572338
poland,1930,1844.534365827768
poland,1931,1686.6635831011624
poland,1932,1534.0164659794812
poland,1933,1470.7520714309517
poland,1934,1473.6541078781318
poland,1935,1477.7169589041841
poland,1936,1503.2548796393705
poland,1937,1771.4030473588257
poland,1938,2018.6565526585832
poland,1948,1996.3057063904193
poland,1949,2107.0313399329
poland,1950,2263.5884288005964
poland,1951,2322.2095650336373
poland,1952,2332.0764889540505
poland,1953,2422.0396188166383
poland,1954,2512.002748679226
poland,1955,2585.1340671481685
poland,1956,2649.55927627557
poland,1957,2740.102813427594
poland,1958,2828.324721421873
poland,1959,2864.3099733669087
poland,1960,2974.587358359758
poland,1961,3169.604207610271
poland,1962,3090.668816246968
poland,1963,3239.833489632033
poland,1964,3350.6912819143186
poland,1965,3503.338399036
poland,1966,3692.5511753921523
poland,1967,3795.8636729117693
poland,1968,3993.7825586094623
poland,1969,3923.5532765877006
poland,1970,4096.514648839643
poland,1971,4354.7958926386855
poland,1972,4635.132613436298
poland,1973,4940.426847679661
poland,1974,5181.876280085057
poland,1975,5373.410685598954
poland,1976,5454.0872988305655
poland,1977,5504.0023257220655
poland,1978,5653.7474063965665
poland,1979,5497.037438248833
poland,1980,5310.146291050425
poland,1981,4982.216172519056
poland,1982,4892.253042656468
poland,1983,5086.6894846175455
poland,1984,5227.14804866107
poland,1985,5236.4345652920465
poland,1986,5362.963354389105
poland,1987,5257.9096350011805
poland,1988,5355.998466915873
poland,1989,5258.490042290617
poland,1990,4730.319408903811
poland,1991,4426.0946911726915
poland,1992,4570.083408432024
poland,1993,4776.4786782660985
poland,1994,5062.212200163074
poland,1995,5460.631100815312
poland,1996,5842.479025109777
poland,1997,6274.942353771904
poland,1998,6624.33692055901
poland,1999,6998.794751
poland,2000,7389.842421035672
poland,2001,7555.5008185682855
poland,2002,7786.495142306155
poland,2003,8146.385678433963
poland,2004,8651.605730700432
poland,2005,9043.289236921679
poland,2006,9699.446236231504
poland,2007,10486.466912561
poland,2008,11034.439939889515
poland,2009,11444.740474245256
poland,2010,11961.435700990434
poland,2011,12674.353979415031
poland,2012,12878.076938007085
poland,2013,13064.968085205493
poland,2014,13503.755996019148
poland,2015,14032.50703669539
poland,2016,14416.156255012618
poland,2017,15126.08932462546
poland,2018,15935.219687994359
portugal,1,769.8909092409097
portugal,1530,1031.7152646970187
portugal,1531,1113.2452624002372
portugal,1532,1140.952073892893
portugal,1533,1177.0092220475026
portugal,1534,1095.9565406015092
portugal,1535,1038.6301896888567
portugal,1536,1091.9051910229336
portugal,1537,1026.6764253350634
portugal,1538,974.3430102468906
portugal,1539,1004.7337290964786
portugal,1540,980.7659620625201
portugal,1541,1015.3030588665104
portugal,1542,1032.4639755530034
portugal,1543,1047.7553297438867
portugal,1544,1026.0282995989157
portugal,1545,1020.469542275657
portugal,1546,1088.747994034871
portugal,1547,1115.1037114078265
portugal,1548,1124.81279277906
portugal,1549,1096.7764422068421
portugal,1550,1071.7106142369528
portugal,1551,1055.0159003196643
portugal,1552,1138.6599572549414
portugal,1553,1313.2288553642672
portugal,1554,1222.8266702572662
portugal,1555,1085.1782289371802
portugal,1556,983.6482210208602
portugal,1557,994.621421388156
portugal,1558,1063.6390006332501
portugal,1559,1090.2547575193792
portugal,1560,1260.1146774763988
portugal,1561,1119.7812013440744
portugal,1562,1116.093536634341
portugal,1563,1118.7115683883694
portugal,1564,1171.0299238949492
portugal,1565,1187.4863420799738
portugal,1566,1145.2846430378984
portugal,1567,1173.0968716017044
portugal,1568,1147.1901230382696
portugal,1569,1108.3600790900423
portugal,1570,1154.3611414497086
portugal,1571,1247.704615853593
portugal,1572,1267.5327696649877
portugal,1573,1371.6655886886995
portugal,1574,1314.8234798301542
portugal,1575,1082.826115570423
portugal,1576,996.1251246368325
portugal,1577,984.8059565555096
portugal,1578,1067.7010610372365
portugal,1579,1075.0343524802781
portugal,1580,929.909755023323
portugal,1581,970.0830814366274
portugal,1582,983.5191273882754
portugal,1583,1012.1304801667671
portugal,1584,1053.5107474855938
portugal,1585,1000.5074628803641
portugal,1586,1116.1283266837963
portugal,1587,1100.900271055116
portugal,1588,1036.1403657096726
portugal,1589,973.2295675992792
portugal,1590,1057.209928345957
portugal,1591,936.9359759604089
portugal,1592,1018.9152646032354
portugal,1593,1063.910797894619
portugal,1594,1147.929008926584
portugal,1595,1143.743170036457
portugal,1596,970.3114716686991
portugal,1597,870.6519121057296
portugal,1598,839.0124559717599
portugal,1599,845.0623006134864
portugal,1600,1013.4864867703026
portugal,1601,1122.4834701159969
portugal,1602,1164.3141558297384
portugal,1603,1046.7205673701592
portugal,1604,1032.3941538565273
portugal,1605,1099.7058932230082
portugal,1606,1115.5610555996232
portugal,1607,1087.445138895781
portugal,1608,1031.8230172113037
portugal,1609,1057.0842170792914
portugal,1610,1184.9464268721758
portugal,1611,1151.0791995852426
portugal,1612,1086.448387872384
portugal,1613,1052.195812468221
portugal,1614,1089.3937037953617
portugal,1615,1146.646125852922
portugal,1616,1177.8623030518531
portugal,1617,1102.9913785184372
portugal,1618,1033.4248090716387
portugal,1619,1033.6489310800505
portugal,1620,1164.3916281157938
portugal,1621,1164.2568972066765
portugal,1622,1132.9739585471011
portugal,1623,1080.180702758953
portugal,1624,1136.996558015363
portugal,1625,1232.1222171286095
portugal,1626,1150.5924610229567
portugal,1627,1069.5716704556307
portugal,1628,1011.0037496530445
portugal,1629,1055.016222449752
portugal,1630,1007.3321109151666
portugal,1631,923.1782831163439
portugal,1632,899.1139575886428
portugal,1633,990.6584965186127
portugal,1634,1131.6791566601999
portugal,1635,1053.1957042599715
portugal,1636,909.1675570885095
portugal,1637,953.6211870401146
portugal,1638,1073.9726117117184
portugal,1639,1156.0736655276382
portugal,1640,1147.3151900447601
portugal,1641,1298.365531527214
portugal,1642,1211.0450844352674
portugal,1643,1286.5544708022044
portugal,1644,1239.1700207815613
portugal,1645,1269.149057379262
portugal,1646,1217.156375391194
portugal,1647,1208.3124549025936
portugal,1648,1191.0353297870174
portugal,1649,1165.7672846546695
portugal,1650,1064.396167404033
portugal,1651,1013.8602382043806
portugal,1652,1086.7636726955723
portugal,1653,1118.9042827132455
portugal,1654,1196.126998483331
portugal,1655,1156.7172814425603
portugal,1656,1156.6301452538783
portugal,1657,1199.7932415422422
portugal,1658,1177.4047977950122
portugal,1659,1153.04169661111
portugal,1660,1175.4581656759567
portugal,1661,1200.219983375722
portugal,1662,1085.2985445248796
portugal,1663,1225.938366370463
portugal,1664,1299.3063929804212
portugal,1665,1226.3903148832935
portugal,1666,1194.607994055496
portugal,1667,1131.480805058792
portugal,1668,1269.1257834804367
portugal,1669,1407.00881603678
portugal,1670,1383.4003851154819
portugal,1671,1321.127001915825
portugal,1672,1363.232142464158
portugal,1673,1362.9149248604447
portugal,1674,1356.9465791308678
portugal,1675,1363.4039183333432
portugal,1676,1404.5946120956476
portugal,1677,1403.143818713851
portugal,1678,1369.3621974976838
portugal,1679,1257.5920767608065
portugal,1680,1296.0083446115777
portugal,1681,1233.4122675967194
portugal,1682,1354.930044782814
portugal,1683,1347.8510750438923
portugal,1684,1339.1294029235166
portugal,1685,1182.8166637983488
portugal,1686,1244.5545057274562
portugal,1687,1346.800367230831
portugal,1688,1667.9459446992585
portugal,1689,1702.827559631882
portugal,1690,1573.7873201088328
portugal,1691,1584.9567782319675
portugal,1692,1618.1178963669943
portugal,1693,1507.4803044854157
portugal,1694,1503.3129880753227
portugal,1695,1267.914896481342
portugal,1696,1255.9927008761283
portugal,1697,1403.4040192920684
portugal,1698,1405.7591123621355
portugal,1699,1204.5780007976439
portugal,1700,1266.0707822626487
portugal,1701,1442.0424763707263
portugal,1702,1374.6328094576306
portugal,1703,1267.0758281358
portugal,1704,1240.3313802796954
portugal,1705,1332.4464921272356
portugal,1706,1367.4219274478573
portugal,1707,1301.0674781690489
portugal,1708,1277.027231865392
portugal,1709,1195.7226446909358
portugal,1710,1089.1256110299996
portugal,1711,1020.7859545541515
portugal,1712,1108.3256917031965
portugal,1713,1224.762511018389
portugal,1714,1280.917838530281
portugal,1715,1299.2913333988283
portugal,1716,1307.8585441422242
portugal,1717,1415.8574074116495
portugal,1718,1462.3274911787864
portugal,1719,1430.2459114996564
portugal,1720,1489.704844124402
portugal,1721,1429.1344016325704
portugal,1722,1348.4395261813215
portugal,1723,1482.6926358461244
portugal,1724,1462.8525632214905
portugal,1725,1592.6983695609767
portugal,1726,1563.3665728416827
portugal,1727,1402.5251678807142
portugal,1728,1514.8868805233744
portugal,1729,1569.232400670897
portugal,1730,1598.3492560892744
portugal,1731,1574.1013164116707
portugal,1732,1673.9270950998152
portugal,1733,1606.7715888257956
portugal,1734,1721.634561065748
portugal,1735,1620.638805899627
portugal,1736,1565.7202163263557
portugal,1737,1712.75915236109
portugal,1738,1648.7081748058185
portugal,1739,1486.622622914216
portugal,1740,1521.5903271127368
portugal,1741,1610.7932219037948
portugal,1742,1786.4850654983145
portugal,1743,1618.3996796610772
portugal,1744,1588.1746967415334
portugal,1745,1637.5434681014751
portugal,1746,1633.7225220680186
portugal,1747,1677.3777525976348
portugal,1748,1625.0050376387812
portugal,1749,1633.9019485267831
portugal,1750,1759.1916274405053
portugal,1751,1738.7908068659715
portugal,1752,1779.3940158811095
portugal,1753,1763.6669807468168
portugal,1754,1744.6691977686003
portugal,1755,1749.910979085711
portugal,1756,1619.0279138643189
portugal,1757,1600.8504351540446
portugal,1758,1591.7491327254932
portugal,1759,1642.5457456984939
portugal,1760,1732.9216772033596
portugal,1761,1761.0659413549063
portugal,1762,1633.2274886559785
portugal,1763,1598.3358876906411
portugal,1764,1637.1850983790775
portugal,1765,1639.6970688017807
portugal,1766,1627.7323520250106
portugal,1767,1675.4694539589975
portugal,1768,1500.5931632136287
portugal,1769,1467.8547602859874
portugal,1770,1563.4201269687376
portugal,1771,1537.8865661117277
portugal,1772,1543.3310477864288
portugal,1773,1552.0527199068042
portugal,1774,1539.9539164810922
portugal,1775,1591.7582329004665
portugal,1776,1553.239205551767
portugal,1777,1646.6938953683778
portugal,1778,1559.6718212700232
portugal,1779,1620.065092213703
portugal,1780,1519.325510999705
portugal,1781,1585.6032933176773
portugal,1782,1574.7562874121786
portugal,1783,1565.3951870680194
portugal,1784,1698.6226345340679
portugal,1785,1661.3941408486098
portugal,1786,1658.3455017000508
portugal,1787,1578.132130197165
portugal,1788,1609.572912599639
portugal,1789,1467.08374192144
portugal,1790,1407.378460312242
portugal,1791,1440.666336636719
portugal,1792,1454.6406619646605
portugal,1793,1458.8620962294615
portugal,1794,1336.112735186147
portugal,1795,1334.1123878749927
portugal,1796,1404.9278556712165
portugal,1797,1377.9443067576292
portugal,1798,1255.09830668805
portugal,1799,1249.6057470977823
portugal,1800,1174.7698542113874
portugal,1801,1120.4823174796236
portugal,1802,1138.605356205102
portugal,1803,1149.442134480321
portugal,1804,1184.2991064612472
portugal,1805,1163.6874517444128
portugal,1806,1137.3375327130332
portugal,1807,1145.2446183745205
portugal,1808,1164.5766918510903
portugal,1809,1144.3727732925704
portugal,1810,947.5016817669558
portugal,1811,863.6187653717614
portugal,1812,897.3122034764622
portugal,1813,988.0436055329377
portugal,1814,1019.1503390346239
portugal,1815,1068.6008509042815
portugal,1816,1105.060581135805
portugal,1817,1109.6633368917417
portugal,1818,1179.6386088871172
portugal,1819,1297.602083219724
portugal,1820,1341.209719028905
portugal,1821,1327.2583454697015
portugal,1822,1318.120481276213
portugal,1823,1292.9156541735465
portugal,1824,1238.6940735772082
portugal,1825,1210.1084912057202
portugal,1826,1254.8146711459635
portugal,1827,1189.090147253356
portugal,1828,1200.2749065556493
portugal,1829,1326.2671511903145
portugal,1830,1385.9786338036981
portugal,1831,1290.904757102025
portugal,1832,1228.3975074588081
portugal,1833,1144.302629466007
portugal,1834,1180.5617531855094
portugal,1835,1163.11720095693
portugal,1836,1152.5568102968275
portugal,1837,1266.7352561007392
portugal,1838,1280.4015445324626
portugal,1839,1311.513109985462
portugal,1840,1210.2294510535946
portugal,1841,1187.4509883028654
portugal,1842,1223.2505129199583
portugal,1843,1238.42743039724
portugal,1844,1317.7032422803159
portugal,1845,1315.8348072400129
portugal,1846,1227.5882361463644
portugal,1847,1135.2795241162075
portugal,1848,1205.1553384470526
portugal,1849,1224.229707853584
portugal,1850,1183.7294194014175
portugal,1855,1179.8014456463732
portugal,1861,1133.092582951841
portugal,1865,1143.561810797167
portugal,1866,1180.6067708652442
portugal,1867,1207.9878283068667
portugal,1868,1212.819779620094
portugal,1869,1237.7848614051027
portugal,1870,1251.475390125914
portugal,1871,1197.5186004615405
portugal,1872,1224.8996579031627
portugal,1873,1268.38721972221
portugal,1874,1240.2008370617164
portugal,1875,1231.3422596541327
portugal,1876,1196.7132752426692
portugal,1877,1244.2274631560726
portugal,1878,1237.7848614051027
portugal,1879,1231.3422596541327
portugal,1880,1216.041080495579
portugal,1881,1245.032788374944
portugal,1882,1273.2191710354375
portugal,1883,1294.1576267260898
portugal,1884,1327.1759606998107
portugal,1885,1350.530392047077
portugal,1886,1411.7351086812914
portugal,1887,1430.25758871533
portugal,1888,1435.0895400285576
portugal,1889,1396.4339295227378
portugal,1890,1447.9747435304976
portugal,1891,1410.9297834624201
portugal,1892,1395.6286043038665
portugal,1893,1413.345759119034
portugal,1894,1385.1593764585405
portugal,1895,1433.478889590815
portugal,1896,1443.9481174361413
portugal,1897,1517.2327123534244
portugal,1898,1558.304298515858
portugal,1899,1603.4025107726477
portugal,1900,1671.0498291578322
portugal,1901,1629.1729177765274
portugal,1902,1625.1462916821713
portugal,1903,1634.004869089755
portugal,1904,1642.0581212784673
portugal,1905,1582.4640550819952
portugal,1906,1580.0480794253815
portugal,1907,1603.4025107726477
portugal,1908,1564.7469002668279
portugal,1909,1551.0563715460169
portugal,1910,1576.0214533310254
portugal,1911,1594.543933365064
portugal,1912,1613.8717386179737
portugal,1913,1604.2078359915188
portugal,1914,1614.677063836845
portugal,1915,1576.0214533310254
portugal,1916,1584.0747055197378
portugal,1917,1555.8883228592442
portugal,1918,1476.1611261909911
portugal,1919,1505.958159289227
portugal,1920,1577.6321037687678
portugal,1921,1655.7486499992785
portugal,1922,1835.336173807566
portugal,1923,1890.903613909682
portugal,1924,1798.2912137394887
portugal,1925,1856.2746294982185
portugal,1926,1821.645645086755
portugal,1927,2115.589349974759
portugal,1928,1886.8769878153257
portugal,1929,2066.4645116236134
portugal,1930,2016.534348053596
portugal,1931,2093.8455690652354
portugal,1932,2109.146748223789
portugal,1933,2223.502929303506
portugal,1934,2290.3449224698193
portugal,1935,2142.16508219751
portugal,1936,1955.3296314193815
portugal,1937,2255.7159380583557
portugal,1938,2242.830734556416
portugal,1939,2245.2467102130295
portugal,1940,2072.9071133745833
portugal,1941,2242.830734556416
portugal,1942,2192.9005709863986
portugal,1943,2318.531305130313
portugal,1944,2429.6661853345445
portugal,1945,2316.115329473699
portugal,1946,2474.7643975913343
portugal,1947,2658.3785474939777
portugal,1948,2626.165538739128
portugal,1949,2640.6613926788104
portugal,1950,2677.7063527468877
portugal,1951,2783.203956419021
portugal,1952,2774.345379011437
portugal,1953,2949.906276725368
portugal,1954,3071.510384774926
portugal,1955,3177.0079884470592
portugal,1956,3291.364169526776
portugal,1957,3412.968277576334
portugal,1958,3429.88010717263
portugal,1959,3586.9185248525228
portugal,1960,3794.6924313213035
portugal,1961,4004.0769882278273
portugal,1962,4274.666261768565
portugal,1963,4497.7413473959
portugal,1964,4772.357247030995
portugal,1965,5124.284367677728
portugal,1966,5344.9434776484495
portugal,1967,5752.438038397298
portugal,1968,6254.960974972955
portugal,1969,6401.530164807522
portugal,1970,7025.657209432737
portugal,1971,7536.233398197105
portugal,1972,8157.944467165706
portugal,1973,9066.35131405247
portugal,1974,9047.02350879956
portugal,1975,8365.718373634487
portugal,1976,8746.637202160586
portugal,1977,9198.424649947354
portugal,1978,9422.30506079356
portugal,1979,9926.43864780696
portugal,1980,10325.879956367096
portugal,1981,10416.076380880675
portugal,1982,10628.682238662685
portugal,1983,10596.469229907834
portugal,1984,10383.863372125825
portugal,1985,10662.505897855277
portugal,1986,11092.54956473252
portugal,1987,11790.766529493889
portugal,1988,12666.960367625803
portugal,1989,13314.441843598284
portugal,1990,13896.691976842194
portugal,1991,14455.43329789438
portugal,1992,14977.86371281549
portugal,1993,14914.569257770825
portugal,1994,15155.436554523725
portugal,1995,15512.19876725204
portugal,1996,16057.630236814379
portugal,1997,16758.961635794687
portugal,1998,17541.689509556923
portugal,1999,18192.233556804254
portugal,2000,18822.093309
portugal,2001,19127.57861279478
portugal,2002,19244.421557617847
portugal,2003,19068.103090470526
portugal,2004,19442.77879630237
portugal,2005,19632.17783884973
portugal,2006,19979.34524585537
portugal,2007,20517.43649817778
portugal,2008,20608.981359237838
portugal,2009,20054.57655342423
portugal,2010,20506.127396661697
portugal,2011,20240.238725890988
portugal,2012,19503.3661506238
portugal,2013,19389.00996954408
portugal,2014,19668.457820492404
portugal,2015,20064.677828177053
portugal,2016,20411.77299751056
portugal,2017,21179.078973863936
portugal,2018,21772.45064838046
puerto rico,1950,3258.808801297677
puerto rico,1951,3353.253201569477
puerto rico,1952,3558.359727412276
puerto rico,1953,3755.8343825260404
puerto rico,1954,3893.208055648659
puerto rico,1955,4026.76579340676
puerto rico,1956,4316.776881110067
puerto rico,1957,4511.389584700443
puerto rico,1958,4563.8586959625545
puerto rico,1959,4923.5106040682995
puerto rico,1960,5200.165917995795
puerto rico,1961,5589.391325176548
puerto rico,1962,5898.48208970244
puerto rico,1963,6385.013848678381
puerto rico,1964,6689.334693998627
puerto rico,1965,7173.00450145118
puerto rico,1966,7590.849423865812
puerto rico,1967,8002.016459392538
puerto rico,1968,8304.429337030526
puerto rico,1969,8877.773625549233
puerto rico,1970,9651.454520705092
puerto rico,1971,10099.826926035861
puerto rico,1972,10537.705509114208
puerto rico,1973,11103.417926903881
puerto rico,1974,11020.421332725633
puerto rico,1975,10563.4630728247
puerto rico,1976,10787.649275490085
puerto rico,1977,11287.536808241835
puerto rico,1978,11889.500611994421
puerto rico,1979,12413.237740774406
puerto rico,1980,12439.949288326026
puerto rico,1981,12459.98294898974
puerto rico,1982,11935.291836368628
puerto rico,1983,11856.111177554896
puerto rico,1984,12593.540686747843
puerto rico,1985,12730.914359870461
puerto rico,1986,13645.784863513456
puerto rico,1987,14185.739717592638
puerto rico,1988,14978.500289571084
puerto rico,1989,15580.46409332367
puerto rico,1990,16025.97454713105
puerto rico,1991,16534.620223934675
puerto rico,1992,17449.06305662169
puerto rico,1993,18391.498350963815
puerto rico,1994,19282.98442109951
puerto rico,1995,20288.733905806468
puerto rico,1996,20850.28743104074
puerto rico,1997,22007.479274770605
puerto rico,1998,23454.858311620843
puerto rico,1999,24981.306677370558
puerto rico,2000,26131.963064
puerto rico,2001,28158.787211431354
puerto rico,2002,28827.4962084334
puerto rico,2003,29275.952564342188
puerto rico,2004,30633.219623136734
puerto rico,2005,30540.400715931835
puerto rico,2006,30713.662974962583
puerto rico,2007,31015.0776993076
puerto rico,2008,31103.775110123668
puerto rico,2009,31145.764041102284
puerto rico,2010,31667.916030331846
puerto rico,2011,32417.32490541462
puerto rico,2012,32812.27421564215
puerto rico,2013,33137.58270546724
puerto rico,2014,33186.23588136484
puerto rico,2015,33755.764234519025
puerto rico,2016,33467.661114497976
puerto rico,2017,33808.428817070184
puerto rico,2018,33462.2170149118
qatar,1950,55255.01779593938
qatar,1951,55502.56794173422
qatar,1952,54746.22809536565
qatar,1953,56222.40269747866
qatar,1954,58738.972382379194
qatar,1955,56619.395558016
qatar,1956,57755.61650369186
qatar,1957,57008.402929979326
qatar,1958,57087.117031637594
qatar,1959,59818.15412395485
qatar,1960,59661.86670472033
qatar,1961,55346.28052249969
qatar,1962,52822.866133107134
qatar,1963,51234.89469095775
qatar,1964,48125.1172834152
qatar,1965,46887.366554441
qatar,1966,57792.121594315984
qatar,1967,63388.808300626966
qatar,1968,66176.88459704442
qatar,1969,64153.13363556955
qatar,1970,59230.65032172286
qatar,1971,68140.17400217308
qatar,1972,71203.17926235346
qatar,1973,78037.61669763864
qatar,1974,65702.31841893081
qatar,1975,62590.259443224255
qatar,1976,62935.91702007143
qatar,1977,52474.926988095955
qatar,1978,53698.988308086104
qatar,1979,52254.755660269206
qatar,1980,52316.358000697415
qatar,1981,42559.23174731833
qatar,1982,33135.21444588437
qatar,1983,26404.588362061542
qatar,1984,23219.519205106742
qatar,1985,18889.102829820058
qatar,1986,14694.43976029183
qatar,1987,14623.711147207592
qatar,1988,14250.674752392326
qatar,1989,13845.696403280954
qatar,1990,13352.877679855283
qatar,1991,14165.849128171541
qatar,1992,17159.814706101093
qatar,1993,18504.710613938892
qatar,1994,20483.137311208477
qatar,1995,22769.71157800327
qatar,1996,25548.16056939588
qatar,1997,35351.928692594964
qatar,1998,41579.36267517763
qatar,1999,45785.568426204394
qatar,2000,52234.361521
qatar,2001,57638.92090865054
qatar,2002,65641.97481965869
qatar,2003,70995.80045906549
qatar,2004,84843.45752794818
qatar,2005,87621.82289986758
qatar,2006,102808.50870997593
qatar,2007,111697.2387485714
qatar,2008,122522.5559733665
qatar,2009,131513.48657630055
qatar,2010,153780.8678013592
qatar,2011,177429.5706263077
qatar,2012,175591.76747019947
qatar,2013,175862.13329763437
qatar,2014,176900.2468122579
qatar,2015,177995.3995309816
qatar,2016,178303.41123312266
qatar,2017,176443.9699127038
qatar,2018,175411.71101606754
romania,1862,221.7002845186651
romania,1863,241.67908922819595
romania,1864,248.76834251222306
romania,1865,190.12088352618082
romania,1866,190.12088352618082
romania,1867,230.07849294524254
romania,1868,248.76834251222306
romania,1869,224.92267237504103
romania,1870,233.3008808016185
romania,1871,241.67908922819595
romania,1872,240.39013408564557
romania,1873,255.85759579625014
romania,1874,251.990730368599
romania,1875,290.01490707383516
romania,1876,277.1253556483314
romania,1877,283.57013136108327
romania,1878,292.5928173589359
romania,1879,297.1041603578622
romania,1880,369.9301259119586
romania,1881,275.1919229345058
romania,1882,361.5519174853812
romania,1883,332.55042677799764
romania,1884,283.57013136108327
romania,1885,340.2841576332999
romania,1886,377.0193791959857
romania,1887,350.59579877370294
romania,1888,363.4853501992067
romania,1889,363.4853501992067
romania,1890,364.7743053417571
romania,1891,373.79699133960975
romania,1892,404.7319147608188
romania,1893,390.55340819276466
romania,1894,416.97698861504745
romania,1895,413.7546007586715
romania,1896,423.42176432779934
romania,1897,351.24027634497816
romania,1898,418.2659437575978
romania,1899,290.6593846451103
romania,1900,396.3537063342414
romania,1901,413.1101231873963
romania,1902,400.8650493331677
romania,1903,408.59878018846996
romania,1904,309.993711783366
romania,1905,435.6668381820279
romania,1906,468.5351943170626
romania,1907,378.3083343385361
romania,1908,406.0208699033692
romania,1909,397.6426614767918
romania,1910,505.2704158797484
romania,1911,491.09190931169417
romania,1912,494.95877473934536
romania,1913,494.31429716807014
romania,1914,415.04355590122185
romania,1920,299.68207064296297
romania,1921,324.8166959226954
romania,1922,361.5519174853812
romania,1923,390.55340819276466
romania,1924,390.55340819276466
romania,1925,393.1313184778654
romania,1926,430.5110176118264
romania,1927,429.222062469276
romania,1928,416.33251104377223
romania,1929,438.8892260384039
romania,1930,432.444450325652
romania,1931,439.53370360967904
romania,1932,398.28713904806693
romania,1933,400.8650493331677
romania,1934,404.7319147608188
romania,1935,434.3778830394775
romania,1936,446.62295689370615
romania,1937,462.0904186043107
romania,1938,451.77877746390766
romania,1939,458.22355317665955
romania,1940,445.9784793224309
romania,1941,458.22355317665955
romania,1942,424.0662418990745
romania,1943,480.78026817129114
romania,1944,363.4853501992067
romania,1945,246.83490979839746
romania,1946,240.39013408564557
romania,1947,306.12684635571486
romania,1948,838.4653202290212
romania,1949,684.7574194798885
romania,1950,531.049518730756
romania,1951,674.123539553848
romania,1952,664.4563759847201
romania,1953,739.8602518239172
romania,1954,750.8163705355954
romania,1955,914.5136736394935
romania,1956,788.1960696695564
romania,1957,919.669494209695
romania,1958,852.6438267970753
romania,1959,952.5378503447297
romania,1960,1034.3865018966787
romania,1961,1111.7238104497014
romania,1962,1144.592166584736
romania,1963,1238.6858919909137
romania,1964,1352.113944535347
romania,1965,1456.5193110819278
romania,1966,1610.5494506166979
romania,1967,1753.62347143979
romania,1968,1843.2058538470412
romania,1969,1926.9879381128158
romania,1970,2099.7079272145666
romania,1971,2231.1813517547052
romania,1972,2492.194768121157
romania,1973,2782.854152766267
romania,1974,2782.209675194992
romania,1975,2815.722508901302
romania,1976,3099.292640262385
romania,1977,3253.3227797971554
romania,1978,3521.425449447634
romania,1979,3540.1152990146143
romania,1980,3533.026045730587
romania,1981,3511.113808307231
romania,1982,3633.564546849517
romania,1983,3841.086324800128
romania,1984,4056.986311177316
romania,1985,4034.4295961826847
romania,1986,4110.477949593157
romania,1987,4124.656456161211
romania,1988,4084.6988467421493
romania,1989,3829.4857285171743
romania,1990,3606.496488855959
romania,1991,3243.746487565577
romania,1992,3105.289117376558
romania,1993,3258.425237624455
romania,1994,3497.625279426984
romania,1995,3876.3326098298967
romania,1996,4173.942556185696
romania,1997,4154.571687169148
romania,1998,4129.468705738166
romania,1999,4262.531411969069
romania,2000,4569.311243
romania,2001,5065.879342682576
romania,2002,5589.952713943065
romania,2003,6038.26065744687
romania,2004,6787.104024345763
romania,2005,7291.504782190832
romania,2006,8264.285286362772
romania,2007,9292.612539029837
romania,2008,10535.496235681252
romania,2009,10225.36286560819
romania,2010,10554.820573417152
romania,2011,11068.2578090801
romania,2012,11068.2578090801
romania,2013,11587.062253956627
romania,2014,11932.502232160128
romania,2015,12451.306677036657
romania,2016,11460.100172415416
romania,2017,12347.133129072463
romania,2018,12970.943915830785
russia,1960,2803.3675989148974
russia,1961,2963.286175279127
russia,1962,3142.374801806892
russia,1963,3231.1624025643187
russia,1964,3407.224179066262
russia,1965,3565.6293304175806
russia,1966,3792.13860734988
russia,1967,4007.044959183198
russia,1968,4233.049761111194
russia,1969,4319.819461851407
russia,1970,4658.322189739098
russia,1971,4826.312366172184
russia,1972,4936.2879171103605
russia,1973,5292.951745152979
russia,1974,5448.83452148278
russia,1975,5631.958948044973
russia,1976,5764.1313991725065
russia,1977,5898.321750317255
russia,1978,5967.434825906842
russia,1979,5986.604876070378
russia,1980,6156.612952520678
russia,1981,6191.926202821927
russia,1982,6188.394877791803
russia,1983,6265.579553450248
russia,1984,6244.896078273801
russia,1985,6293.325678686943
russia,1986,6403.805704629424
russia,1987,6354.871629211978
russia,1988,6416.922054741317
russia,1989,6440.127904939281
russia,1990,6255.490053364177
russia,1991,6059.8725555579085
russia,1992,5290.7056710913175
russia,1993,4938.339516057862
russia,1994,4411.001755006762
russia,1995,4331.585635061781
russia,1996,4277.635665571546
russia,1997,4446.114829626304
russia,1998,4317.042427847716
russia,1999,4711.811371760401
russia,2000,5323.666504
russia,2001,5746.572894410218
russia,2002,6184.599661886927
russia,2003,6821.127052266998
russia,2004,7507.081793723723
russia,2005,8194.2381946407
russia,2006,9084.755431547503
russia,2007,10098.642686574245
russia,2008,10878.227534802209
russia,2009,10258.780558222847
russia,2010,10965.966836500693
russia,2011,11668.506849541403
russia,2012,12072.591327988557
russia,2013,12220.402504249501
russia,2014,12302.631929950981
russia,2015,11951.517326955702
russia,2016,11923.266726714703
russia,2017,12128.907941066482
russia,2018,12444.847419016689
rwanda,1950,332.17677430901483
rwanda,1951,344.55198746954676
rwanda,1952,348.7856130244656
rwanda,1953,354.9732196047315
rwanda,1954,367.02276926103895
rwanda,1955,370.6050678075087
rwanda,1956,376.46701088355013
rwanda,1957,382.00329045536705
rwanda,1958,383.63160797648965
rwanda,1959,396.0068211370216
rwanda,1960,398.6121291708178
rwanda,1961,380.0493094300199
rwanda,1962,422.0599014749835
rwanda,1963,371.2563948159577
rwanda,1964,319.15023414003383
rwanda,1965,333.1537648216884
rwanda,1966,346.83163199911843
rwanda,1967,361.16082618499746
rwanda,1968,375.81568387510106
rwanda,1969,404.79973575108374
rwanda,1970,435.412105148189
rwanda,1971,428.2475080552495
rwanda,1972,417.5006124158402
rwanda,1973,419.45459344118734
rwanda,1974,410.98734233134974
rwanda,1975,390.47054156520466
rwanda,1976,451.6952803594153
rwanda,1977,458.8598774523548
rwanda,1978,486.8669388156639
rwanda,1979,515.8509906916465
rwanda,1980,544.5093790634047
rwanda,1981,555.5819382070385
rwanda,1982,547.1146870972009
rwanda,1983,560.7925542746309
rwanda,1984,520.0846162465654
rwanda,1985,527.9005403479539
rwanda,1986,534.739473936669
rwanda,1987,516.5023177000955
rwanda,1988,500.8704694973184
rwanda,1989,480.6793322353979
rwanda,1990,455.27757890588504
rwanda,1991,417.585089528836
rwanda,1992,423.9126011505169
rwanda,1993,361.7863932102624
rwanda,1994,230.34085211384382
rwanda,1995,341.69868667728355
rwanda,1996,317.98041826650893
rwanda,1997,303.5203073519316
rwanda,1998,309.50717494819355
rwanda,1999,317.7941387420925
rwanda,2000,333.35509
rwanda,2001,347.5594247983594
rwanda,2002,375.8502367728993
rwanda,2003,368.01324224278744
rwanda,2004,377.45315254069243
rwanda,2005,394.2190913305811
rwanda,2006,410.90947618748964
rwanda,2007,420.4945347092275
rwanda,2008,444.4476390728984
rwanda,2009,450.80260412798543
rwanda,2010,461.2672797746337
rwanda,2011,471.88641762133574
rwanda,2012,498.59082496774676
rwanda,2013,506.08108556491084
rwanda,2014,525.9465593226068
rwanda,2015,551.3483126521197
rwanda,2016,572.5164404267138
rwanda,2017,592.4089768216108
rwanda,2018,628.2977463141618
saint lucia,1950,1574.6712943762252
saint lucia,1951,1604.092447723628
saint lucia,1952,1647.5845874545719
saint lucia,1953,1696.193449506803
saint lucia,1954,1744.8023115590343
saint lucia,1955,1790.8528124506215
saint lucia,1956,1833.0657716012433
saint lucia,1957,1891.9080782960496
saint lucia,1958,1976.333996597293
saint lucia,1959,2076.110081862399
saint lucia,1960,2163.0943613242866
saint lucia,1961,2234.728473822311
saint lucia,1962,2299.966683418727
saint lucia,1963,2365.2048930151423
saint lucia,1964,2430.4431026115576
saint lucia,1965,2489.285409306364
saint lucia,1966,2544.2901742602044
saint lucia,1967,2604.4116615353323
saint lucia,1968,2674.7665934530355
saint lucia,1969,2750.238247692026
saint lucia,1970,2818.0348184490854
saint lucia,1971,2897.344014429041
saint lucia,1972,2915.2525425535473
saint lucia,1973,2901.181556170007
saint lucia,1974,3013.749447238332
saint lucia,1975,3105.8504490215064
saint lucia,1976,3607.2892365076805
saint lucia,1977,3872.079616634308
saint lucia,1978,4088.2611347087045
saint lucia,1979,4153.49934430512
saint lucia,1980,3851.6127273491584
saint lucia,1981,3902.7799505620333
saint lucia,1982,3968.0181601584486
saint lucia,1983,4130.474093859327
saint lucia,1984,4353.0515148353325
saint lucia,1985,4612.725172640672
saint lucia,1986,5317.553672398024
saint lucia,1987,5403.258771279589
saint lucia,1988,6113.203993358229
saint lucia,1989,6514.866695579297
saint lucia,1990,6655.576559414702
saint lucia,1991,6741.607337672019
saint lucia,1992,7339.027904985948
saint lucia,1993,7424.435338546472
saint lucia,1994,7605.711728207568
saint lucia,1995,7797.6674848615385
saint lucia,1996,8098.408467689765
saint lucia,1997,8116.12524664528
saint lucia,1998,8738.376244039953
saint lucia,1999,9097.364075002844
saint lucia,2000,9198.938944
saint lucia,2001,8972.541122302804
saint lucia,2002,9135.593665826345
saint lucia,2003,9724.495785901736
saint lucia,2004,10645.782746329123
saint lucia,2005,10769.308098248486
saint lucia,2006,11685.748883047325
saint lucia,2007,11996.022191642052
saint lucia,2008,12704.417558529572
saint lucia,2009,12870.6470749424
saint lucia,2010,12866.79546221505
saint lucia,2011,13117.996851200804
saint lucia,2012,12877.51090210029
saint lucia,2013,12839.135484690634
saint lucia,2014,12836.57712352999
saint lucia,2015,13028.454210578271
saint lucia,2016,13089.854878433722
saint lucia,2017,13354.658689956443
saint lucia,2018,13399.888468587695
sao tome and principe,1950,549.5196378541729
sao tome and principe,1951,547.7997015854587
sao tome and principe,1952,546.9397334511017
sao tome and principe,1953,546.9397334511017
sao tome and principe,1954,569.7288890115642
sao tome and principe,1955,512.11102400964
sao tome and principe,1956,540.0599883762451
sao tome and principe,1957,535.3301636372811
sao tome and principe,1958,586.4982676315273
sao tome and principe,1959,525.0105460249962
sao tome and principe,1960,581.3384588253848
sao tome and principe,1961,625.1968336775958
sao tome and principe,1962,666.045320059557
sao tome and principe,1963,706.4638223743397
sao tome and principe,1964,745.1623884204082
sao tome and principe,1965,780.8510659962269
sao tome and principe,1966,825.9993930499735
sao tome and principe,1967,861.6880706257922
sao tome and principe,1968,895.6568119328969
sao tome and principe,1969,930.915505441537
sao tome and principe,1970,964.4542626814631
sao tome and principe,1971,1000.1429402572818
sao tome and principe,1972,999.2829721229248
sao tome and principe,1973,994.5531473839608
sao tome and principe,1974,1031.5317771613152
sao tome and principe,1975,1061.630661863813
sao tome and principe,1976,1045.721251378207
sao tome and principe,1977,1251.683619556727
sao tome and principe,1978,1250.8236514223702
sao tome and principe,1979,1416.7975013532862
sao tome and principe,1980,1368.2093017621112
sao tome and principe,1981,1196.645658957874
sao tome and principe,1982,1211.2651172419444
sao tome and principe,1983,1142.0376824261998
sao tome and principe,1984,1052.171012385885
sao tome and principe,1985,1127.4182241421295
sao tome and principe,1986,1039.7014744377075
sao tome and principe,1987,988.5333704434613
sao tome and principe,1988,986.8134341747472
sao tome and principe,1989,995.8430995854965
sao tome and principe,1990,953.2746769348211
sao tome and principe,1991,947.2583828652656
sao tome and principe,1992,939.7148283874989
sao tome and principe,1993,939.0311537206849
sao tome and principe,1994,948.0618080947888
sao tome and principe,1995,954.341639399118
sao tome and principe,1996,955.0176173511293
sao tome and principe,1997,950.0146237342868
sao tome and principe,1998,958.3936802529882
sao tome and principe,1999,966.226829
sao tome and principe,2000,954.057075943459
sao tome and principe,2001,965.5749301557505
sao tome and principe,2002,967.5025917273185
sao tome and principe,2003,1016.1307798367412
sao tome and principe,2004,1035.7287226458247
sao tome and principe,2005,1089.0940022249465
sao tome and principe,2006,1166.8743791161598
sao tome and principe,2007,1183.353862478031
sao tome and principe,2008,1258.0842763839335
sao tome and principe,2009,1268.4042809818789
sao tome and principe,2010,1330.0891502832114
sao tome and principe,2011,1366.9193495605757
sao tome and principe,2012,1383.25874411336
sao tome and principe,2013,1424.9671986296785
sao tome and principe,2014,1493.7646493782447
sao tome and principe,2015,1524.2935181479208
sao tome and principe,2016,1558.2622594550255
sao tome and principe,2017,1599.9744548327283
sao tome and principe,2018,1603.9285023176885
saudi arabia,1820,741.7653732944111
saudi arabia,1870,771.5476718457551
saudi arabia,1913,889.7461692214015
saudi arabia,1950,3309.5579265181004
saudi arabia,1951,3521.7568036964262
saudi arabia,1952,3664.1534186450394
saudi arabia,1953,3951.7387390314548
saudi arabia,1954,4320.294683604337
saudi arabia,1955,4335.185832880009
saudi arabia,1956,4561.345162504277
saudi arabia,1957,4627.424637415072
saudi arabia,1958,4753.068709428554
saudi arabia,1959,5130.000925469001
saudi arabia,1960,5517.170806636474
saudi arabia,1961,6031.846153476887
saudi arabia,1962,6593.987038633504
saudi arabia,1963,6995.117372246918
saudi arabia,1964,7425.099307581947
saudi arabia,1965,8112.884264752047
saudi arabia,1966,9051.957365949112
saudi arabia,1967,9588.038739873304
saudi arabia,1968,10159.486593327218
saudi arabia,1969,10636.93406697845
saudi arabia,1970,11310.758571702607
saudi arabia,1971,12572.783472815809
saudi arabia,1972,14088.888608445164
saudi arabia,1973,16378.402809579733
saudi arabia,1974,18296.56897565223
saudi arabia,1975,17485.932036957838
saudi arabia,1976,17959.65672329015
saudi arabia,1977,19380.8307822871
saudi arabia,1978,19165.839814619583
saudi arabia,1979,19053.225498222313
saudi arabia,1980,19607.920808741095
saudi arabia,1981,19910.397278403183
saudi arabia,1982,19111.85939849527
saudi arabia,1983,16115.015606766285
saudi arabia,1984,15210.37828826921
saudi arabia,1985,13422.509678358841
saudi arabia,1986,12003.197013021356
saudi arabia,1987,12023.672343275404
saudi arabia,1988,11908.265936388947
saudi arabia,1989,11873.830153688956
saudi arabia,1990,13341.539054172375
saudi arabia,1991,15664.012115207839
saudi arabia,1992,16664.38751755838
saudi arabia,1993,16846.62912518137
saudi arabia,1994,17384.422329784484
saudi arabia,1995,17891.093311610493
saudi arabia,1996,18874.990726590673
saudi arabia,1997,19626.001828330984
saudi arabia,1998,20764.700464815458
saudi arabia,1999,20529.84405252642
saudi arabia,2000,22247.856699
saudi arabia,2001,22515.41379588937
saudi arabia,2002,22386.957251126125
saudi arabia,2003,25470.46743856984
saudi arabia,2004,28138.232746222267
saudi arabia,2005,30434.095881920202
saudi arabia,2006,32093.259264874425
saudi arabia,2007,33570.52977230775
saudi arabia,2008,36663.33938940444
saudi arabia,2009,36922.190748148525
saudi arabia,2010,39775.79973936405
saudi arabia,2011,45110.87533698884
saudi arabia,2012,46411.05880812095
saudi arabia,2013,46539.49497062362
saudi arabia,2014,47179.81438947752
saudi arabia,2015,48099.34285725027
saudi arabia,2016,47835.024957607086
saudi arabia,2017,46536.64312939796
saudi arabia,2018,46818.47153147441
senegal,1950,1055.2908287475027
senegal,1951,1073.6940071262584
senegal,1952,1092.097185505014
senegal,1953,1109.448753690698
senegal,1954,1128.3777371659894
senegal,1955,1145.7293053516735
senegal,1956,1163.0808735373573
senegal,1957,1180.958246819577
senegal,1958,1197.784009908725
senegal,1959,1213.5581628048014
senegal,1960,1210.929137322122
senegal,1961,1236.167781955844
senegal,1962,1246.1580787900257
senegal,1963,1262.9838418791737
senegal,1964,1256.1483756242073
senegal,1965,1266.6644775549248
senegal,1966,1264.0354520722456
senegal,1967,1214.609772997873
senegal,1968,1256.1483756242073
senegal,1969,1141.5228645793864
senegal,1970,1202.516255777548
senegal,1971,1165.1840939235008
senegal,1972,1203.5678659706198
senegal,1973,1102.0874823391957
senegal,1974,1113.655194462985
senegal,1975,1169.9163397923237
senegal,1976,1246.1580787900257
senegal,1977,1175.7001958542182
senegal,1978,1094.7262109876935
senegal,1979,1134.68739832442
senegal,1980,1062.652100099005
senegal,1981,1021.6393025692067
senegal,1982,1139.9454492897787
senegal,1983,1132.0583728417407
senegal,1984,1045.826337009857
senegal,1985,1051.6101930717516
senegal,1986,1067.9101510643638
senegal,1987,1076.8488377054737
senegal,1988,1096.303626277301
senegal,1989,1041.0940911410341
senegal,1990,1051.0843879752158
senegal,1991,1042.4748553245372
senegal,1992,1021.6007610556306
senegal,1993,1002.6177248164153
senegal,1994,971.4766024910201
senegal,1995,991.9538190730615
senegal,1996,981.3322932204885
senegal,1997,981.3579525091994
senegal,1998,1007.1426983161836
senegal,1999,1040.0931685592684
senegal,2000,1042.9470283012265
senegal,2001,1056.8379050830401
senegal,2002,1030.3750810235633
senegal,2003,1064.7676769049172
senegal,2004,1091.0212831164822
senegal,2005,1115.3160024409033
senegal,2006,1106.5236473581592
senegal,2007,1123.998622
senegal,2008,1128.7939118998975
senegal,2009,1119.6159313593544
senegal,2010,1131.1774915635142
senegal,2011,1116.2842199456643
senegal,2012,1137.3164238070995
senegal,2013,1148.8841359308888
senegal,2014,1169.390534695788
senegal,2015,1215.135578094409
senegal,2016,1263.5096469757095
senegal,2017,1324.85842983862
senegal,2018,1376.097347788396
serbia,1952,1128.3092454137304
serbia,1953,1303.7746595627161
serbia,1954,1241.5843861934554
serbia,1955,1434.8184498765154
serbia,1956,1358.746419058759
serbia,1957,1747.4356276166386
serbia,1958,1678.0268403741602
serbia,1959,2157.2251074962314
serbia,1960,2192.207136266441
serbia,1961,2242.1814630810254
serbia,1962,2352.680252371051
serbia,1963,2616.988914190409
serbia,1964,2868.526359157151
serbia,1965,2904.61892852324
serbia,1966,3136.7219130620883
serbia,1967,3166.706509150839
serbia,1968,3198.912186431349
serbia,1969,3542.0692305581624
serbia,1970,3617.585991077979
serbia,1971,3933.5347906057414
serbia,1972,4079.570878963916
serbia,1973,4284.465618903712
serbia,1974,4620.959419455248
serbia,1975,4718.686991892658
serbia,1976,4929.134434811853
serbia,1977,5291.170669068621
serbia,1978,5529.381626884807
serbia,1979,5981.371649407827
serbia,1980,5954.718675106715
serbia,1981,6045.783003968847
serbia,1982,6079.654492143176
serbia,1983,5945.279080041738
serbia,1984,6033.56705741417
serbia,1985,6018.574759369795
serbia,1986,6207.921930967276
serbia,1987,6092.980979293732
serbia,1988,5993.032325664563
serbia,1989,6087.428276314334
serbia,1990,5416.106486105082
serbia,1991,4918.588130516052
serbia,1992,3646.83196661641
serbia,1993,2595.134363695974
serbia,1994,2726.830485555793
serbia,1995,2957.085419489038
serbia,1996,3170.7026229040225
serbia,1997,3491.553015459818
serbia,1998,3666.8446855325788
serbia,1999,3072.055856015403
serbia,2000,3364.7064578011164
serbia,2001,3632.955595289805
serbia,2002,3973.278928505142
serbia,2003,4241.0613613084115
serbia,2004,4726.55400594684
serbia,2005,5107.606359989034
serbia,2006,5498.523090874129
serbia,2007,5979.6738549448455
serbia,2008,6469.025572626925
serbia,2009,6428.135912102875
serbia,2010,6643.006804796548
serbia,2011,6920.333723224076
serbia,2012,6876.467369686829
serbia,2013,7087.470082903964
serbia,2014,6999.737375829472
serbia,2015,7088.025353201904
serbia,2016,7320.683608038692
serbia,2017,7489.8603084283595
serbia,2018,7842.703043416198
seychelles,1950,2115.0409539056886
seychelles,1951,2232.364654236323
seychelles,1952,2266.918894744661
seychelles,1953,2304.6874832072626
seychelles,1954,2404.3322697894455
seychelles,1955,2393.8856389380876
seychelles,1956,2369.7780292811076
seychelles,1957,2417.189661606501
seychelles,1958,2432.457814389255
seychelles,1959,2492.7268385317043
seychelles,1960,2617.282821759433
seychelles,1961,2406.7430307551435
seychelles,1962,2550.5851017084556
seychelles,1963,2719.3383693073138
seychelles,1964,2751.4818488499536
seychelles,1965,2692.819998684636
seychelles,1966,2692.819998684636
seychelles,1967,2633.354561530753
seychelles,1968,2788.446850323989
seychelles,1969,2715.320434364484
seychelles,1970,2842.2871785579105
seychelles,1971,3203.9013234126064
seychelles,1972,3334.0824155602972
seychelles,1973,3590.426664912848
seychelles,1974,3581.587208038622
seychelles,1975,3620.962970478356
seychelles,1976,4137.669404126288
seychelles,1977,4412.496154215857
seychelles,1978,4745.984754470744
seychelles,1979,5391.265106289235
seychelles,1980,5162.242814547927
seychelles,1981,4763.663668219195
seychelles,1982,4649.5543158428245
seychelles,1983,4530.623441535058
seychelles,1984,4845.6295410529265
seychelles,1985,5291.620319707052
seychelles,1986,5304.477711524107
seychelles,1987,5486.088370940021
seychelles,1988,5716.71783665846
seychelles,1989,6231.8170963292605
seychelles,1990,6620.753198795201
seychelles,1991,6887.282029282138
seychelles,1992,7477.222720263441
seychelles,1993,8043.836727423253
seychelles,1994,8084.747903522039
seychelles,1995,8144.431112749824
seychelles,1996,8412.744629579667
seychelles,1997,9830.319569401101
seychelles,1998,11090.454541042202
seychelles,1999,11439.693044479487
seychelles,2000,11555.445892964874
seychelles,2001,11427.941308
seychelles,2002,11717.432475967813
seychelles,2003,11118.424430842326
seychelles,2004,11037.988587634825
seychelles,2005,12192.474370715177
seychelles,2006,13520.03969266473
seychelles,2007,15133.813851168601
seychelles,2008,15016.944257845205
seychelles,2009,15062.432022561272
seychelles,2010,16190.010257840384
seychelles,2011,17313.28166865428
seychelles,2012,17783.380056965383
seychelles,2013,18511.42986860617
seychelles,2014,19486.984472725282
seychelles,2015,20644.14973626031
seychelles,2016,21394.699983580947
seychelles,2017,22157.856180349914
seychelles,2018,23730.776538865983
sierra leone,1950,621.3126648631223
sierra leone,1951,648.8653329280058
sierra leone,1952,659.8864001539592
sierra leone,1953,676.4180009928893
sierra leone,1954,704.6594857593949
sierra leone,1955,719.1246364934586
sierra leone,1956,737.033870735633
sierra leone,1957,752.8766548729409
sierra leone,1958,763.8977220988943
sierra leone,1959,796.9609237767545
sierra leone,1960,810.0484411075741
sierra leone,1961,813.4925246156846
sierra leone,1962,837.6011091724577
sierra leone,1963,838.9787425757017
sierra leone,1964,836.9122924708355
sierra leone,1965,883.0630114795154
sierra leone,1966,924.3920135768406
sierra leone,1967,904.4163292298
sierra leone,1968,978.1197163033634
sierra leone,1969,1050.4454699736825
sierra leone,1970,1069.732337619101
sierra leone,1971,1057.3336369899034
sierra leone,1972,1050.4454699736825
sierra leone,1973,1069.732337619101
sierra leone,1974,1089.0192052645193
sierra leone,1975,1068.3547042158568
sierra leone,1976,1040.8020361509732
sierra leone,1977,1029.7809689250198
sierra leone,1978,1049.7566532720605
sierra leone,1979,1082.8198549499205
sierra leone,1980,1091.0856553693857
sierra leone,1981,1112.4389731196702
sierra leone,1982,1108.9948896115598
sierra leone,1983,1084.8863050547868
sierra leone,1984,1107.6172562083157
sierra leone,1985,1108.9948896115598
sierra leone,1986,1100.0402724904727
sierra leone,1987,1118.638323434269
sierra leone,1988,1120.0159568375132
sierra leone,1989,1131.0370240634666
sierra leone,1990,1126.215307152112
sierra leone,1991,1010.7619132131921
sierra leone,1992,933.3247263268162
sierra leone,1993,967.8996051380561
sierra leone,1994,1033.3691528871095
sierra leone,1995,952.7079594287915
sierra leone,1996,730.5330942324043
sierra leone,1997,609.8083238393109
sierra leone,1998,608.0386848511736
sierra leone,1999,560.7817262196887
sierra leone,2000,570.8870805225057
sierra leone,2001,635.8093634021204
sierra leone,2002,758.9040765388148
sierra leone,2003,796.6296718249445
sierra leone,2004,824.6189119153161
sierra leone,2005,842.9060310000001
sierra leone,2006,859.1285597849123
sierra leone,2007,909.7599625559737
sierra leone,2008,939.1930313346153
sierra leone,2009,949.4359423327462
sierra leone,2010,978.9133020253022
sierra leone,2011,1018.7599016990665
sierra leone,2012,1146.8798082007745
sierra leone,2013,1353.5248186874007
sierra leone,2014,1382.4551201555282
sierra leone,2015,1076.6205046353218
sierra leone,2016,1115.1942399261586
sierra leone,2017,1132.5853462453729
sierra leone,2018,1159.8637963813405
singapore,1870,1330.6665319512126
singapore,1900,2062.8604142546556
singapore,1901,2271.3907281163
singapore,1902,2147.955744126448
singapore,1903,1846.8491922724138
singapore,1904,1786.0668137925622
singapore,1905,1976.8299708677887
singapore,1906,2220.89459830227
singapore,1907,2025.4558736516701
singapore,1908,2326.562425505704
singapore,1909,2351.8104904127194
singapore,1910,2554.730123183916
singapore,1911,2288.2227713876437
singapore,1912,1958.127700566296
singapore,1913,1694.4256893152476
singapore,1914,2025.4558736516701
singapore,1915,2065.66575479988
singapore,1916,1708.4523920413671
singapore,1917,2365.8371931388388
singapore,1918,1849.6545328176378
singapore,1919,2098.394727827492
singapore,1920,1806.6393111242044
singapore,1921,2040.4176898928642
singapore,1922,2696.8673774752615
singapore,1923,2760.455096500337
singapore,1924,2700.60783153556
singapore,1925,3043.7944915679527
singapore,1926,2511.7149014904826
singapore,1927,1857.1354409382348
singapore,1928,2207.803009091225
singapore,1929,3107.3822105930285
singapore,1930,2851.161107462577
singapore,1931,2100.2649548576414
singapore,1932,1827.2118084558465
singapore,1933,2586.523982696454
singapore,1934,3051.27539968855
singapore,1935,3437.477281414376
singapore,1936,3415.034557052585
singapore,1937,3709.5953143010966
singapore,1938,3144.786751196014
singapore,1939,3658.1640709719914
singapore,1950,3340.225475846614
singapore,1951,3149.4623187713873
singapore,1952,2190.0358523048067
singapore,1953,2612.707161118544
singapore,1954,2994.233475268997
singapore,1955,2754.8444154098893
singapore,1956,3030.702902356908
singapore,1957,2687.516242324515
singapore,1958,2693.126923414963
singapore,1959,3028.832675326759
singapore,1960,3239.2332162185526
singapore,1961,3387.91626511542
singapore,1962,3530.0535194067656
singapore,1963,3786.274622537217
singapore,1964,3553.4313572836318
singapore,1965,3732.038038662888
singapore,1966,4036.8850445772205
singapore,1967,4433.373174968868
singapore,1968,4950.4909488051435
singapore,1969,5546.158257907689
singapore,1970,6218.504875246355
singapore,1971,6843.1607033162145
singapore,1972,7625.8507154336885
singapore,1973,8316.899603073847
singapore,1974,8709.647279405197
singapore,1975,8978.959971746692
singapore,1976,9517.585356429685
singapore,1977,10089.874827655365
singapore,1978,10836.095412684926
singapore,1979,11708.556322249566
singapore,1980,12718.478918530178
singapore,1981,13404.852238594964
singapore,1982,13734.012195901236
singapore,1983,14699.98445697334
singapore,1984,15679.048307256488
singapore,1985,15533.170598904844
singapore,1986,15738.895572221265
singapore,1987,17154.657434044268
singapore,1988,18564.808614776826
singapore,1989,19844.043903398935
singapore,1990,21195.28293268179
singapore,1991,22102.98144430093
singapore,1992,23167.971472814013
singapore,1993,25316.9964257336
singapore,1994,27543.406230036428
singapore,1995,28948.577650767154
singapore,1996,30601.110535141113
singapore,1997,32605.59976111454
singapore,1998,31410.913602560067
singapore,1999,32874.96135989288
singapore,2000,35321.818097136704
singapore,2001,34472.56240349405
singapore,2002,35375.254784910234
singapore,2003,36423.36891332812
singapore,2004,39378.720649174364
singapore,2005,41798.488083
singapore,2006,44954.26195044138
singapore,2007,48480.082865544864
singapore,2008,48794.38517825552
singapore,2009,48012.91530225252
singapore,2010,54809.55691353431
singapore,2011,57670.320701683195
singapore,2012,58709.23181693112
singapore,2013,60439.1918198192
singapore,2014,61394.87783222548
singapore,2015,61399.553399800854
singapore,2016,61464.07623234101
singapore,2017,62962.16006437279
singapore,2018,63963.957365809576
slovakia,1985,7689.383870985568
slovakia,1986,7967.282043893806
slovakia,1987,8117.620399729411
slovakia,1988,8238.672062869768
slovakia,1989,8287.483217361847
slovakia,1990,8053.189675799866
slovakia,1991,6857.908827996377
slovakia,1992,6403.122024959652
slovakia,1993,6821.271175434622
slovakia,1994,7200.588123841874
slovakia,1995,7728.0410037125075
slovakia,1996,8215.183875002022
slovakia,1997,8678.921992957201
slovakia,1998,8995.692327998302
slovakia,1999,8948.9284434887
slovakia,2000,9049.578540926772
slovakia,2001,9346.946376975731
slovakia,2002,9752.293663258217
slovakia,2003,10265.37289468018
slovakia,2004,10784.572003570822
slovakia,2005,11486.579559406751
slovakia,2006,12430.201549
slovakia,2007,13738.673121135203
slovakia,2008,14468.920142617137
slovakia,2009,13636.558819225449
slovakia,2010,14279.678645835953
slovakia,2011,14632.282485938935
slovakia,2012,14849.004011883768
slovakia,2013,15054.661676143729
slovakia,2014,15426.27726567676
slovakia,2015,16002.248888683296
slovakia,2016,16507.28163382801
slovakia,2017,16983.774692185823
slovakia,2018,17621.174567386788
slovenia,1952,2983.026674752573
slovenia,1953,3113.4487866126246
slovenia,1954,3505.4733902849885
slovenia,1955,3792.8569972324276
slovenia,1956,3707.1727028127425
slovenia,1957,4118.912276882556
slovenia,1958,4553.399893718658
slovenia,1959,4780.1220532893285
slovenia,1960,5432.990880681796
slovenia,1961,5884.160395546509
slovenia,1962,6086.6179761664725
slovenia,1963,6726.596245991376
slovenia,1964,7297.572119425206
slovenia,1965,7271.032736197871
slovenia,1966,7604.670696770095
slovenia,1967,7782.8636984393515
slovenia,1968,8205.977293892309
slovenia,1969,8928.60678576806
slovenia,1970,9708.10638455953
slovenia,1971,10355.66733530653
slovenia,1972,10819.727407738807
slovenia,1973,11433.924562428583
slovenia,1974,12450.76207408166
slovenia,1975,13046.002526466196
slovenia,1976,13240.877426164065
slovenia,1977,14099.995174637543
slovenia,1978,15175.977597482968
slovenia,1979,16201.914326242559
slovenia,1980,16038.128418325285
slovenia,1981,15869.792901854753
slovenia,1982,15571.03527352417
slovenia,1983,15507.340753778564
slovenia,1984,15658.236104128275
slovenia,1985,15668.093589327
slovenia,1986,16016.138643651206
slovenia,1987,15810.647990662404
slovenia,1988,15228.29809584543
slovenia,1989,15041.76414516187
slovenia,1990,13719.344592348323
slovenia,1991,12437.082235256916
slovenia,1992,11724.879763743947
slovenia,1993,12035.32237920229
slovenia,1994,12636.314674200283
slovenia,1995,13509.911703548123
slovenia,1996,13934.121148047943
slovenia,1997,14603.44416556093
slovenia,1998,15052.42319556087
slovenia,1999,15767.364531422898
slovenia,2000,16303.777559465292
slovenia,2001,16687.170873270843
slovenia,2002,17231.878975107968
slovenia,2003,17635.360858
slovenia,2004,18312.61725542773
slovenia,2005,18931.63305218988
slovenia,2006,19853.566411863285
slovenia,2007,21104.696707546464
slovenia,2008,21590.61908978652
slovenia,2009,19643.323692740607
slovenia,2010,19715.66853488214
slovenia,2011,19718.003469818483
slovenia,2012,19147.78586447686
slovenia,2013,18914.239292076305
slovenia,2014,19482.182093141295
slovenia,2015,19918.18624616182
slovenia,2016,20403.477825175964
slovenia,2017,21375.71362851122
slovenia,2018,22175.489543568805
south africa,1700,1683.1400000779397
south africa,1701,1683.1400000779397
south africa,1702,1680.0402947370962
south africa,1703,1600.067896943338
south africa,1704,1445.702570969339
south africa,1705,1394.2474623113394
south africa,1706,1763.112397871698
south africa,1707,1949.714659390468
south africa,1708,2086.721635455744
south africa,1709,1897.019668596131
south africa,1710,1810.227919052517
south africa,1711,1332.2533554944723
south africa,1712,1137.59186008951
south africa,1713,1277.6985414956293
south africa,1714,1434.543631742303
south africa,1715,1415.9453996972427
south africa,1716,1446.9424531056763
south africa,1717,1503.977031377194
south africa,1718,1729.0156391224214
south africa,1719,1377.5090534707851
south africa,1720,1611.8467772385427
south africa,1721,1617.4262468520606
south africa,1722,1657.1024752148555
south africa,1723,1753.813281849168
south africa,1724,1743.8942247584694
south africa,1725,1430.823985333291
south africa,1726,1317.994710926593
south africa,1727,1375.6492302662793
south africa,1728,1353.9512928803758
south africa,1729,1457.4814512645437
south africa,1730,1430.823985333291
south africa,1731,1525.6749687630975
south africa,1732,1473.5999190369291
south africa,1733,1355.8111160848819
south africa,1734,1223.1437274967864
south africa,1735,1227.483314973967
south africa,1736,1136.3519779531725
south africa,1737,1233.062784587485
south africa,1738,1269.019366541268
south africa,1739,1198.9660258382082
south africa,1740,1254.1407809052198
south africa,1741,1386.1882284251467
south africa,1742,1370.6897017209299
south africa,1743,1515.7559116723987
south africa,1744,1451.9019816510256
south africa,1745,1508.9365599225434
south africa,1746,1516.9957938087362
south africa,1747,1631.68489141994
south africa,1748,1471.1201547642545
south africa,1749,1489.098445741146
south africa,1750,1671.9810608509035
south africa,1751,1639.124184237964
south africa,1752,1627.3453039427593
south africa,1753,1587.0491345117957
south africa,1754,1451.9019816510256
south africa,1755,1521.9553223540854
south africa,1756,1546.7529650808322
south africa,1757,1342.172412585171
south africa,1758,1320.4744751992675
south africa,1759,1264.6797790640874
south africa,1760,1242.9818416781839
south africa,1761,1283.897952177316
south africa,1762,1148.1308582483773
south africa,1763,1339.0727072443276
south africa,1764,1354.5712339485444
south africa,1765,1379.3688766752912
south africa,1766,1373.7894070617733
south africa,1767,1349.6117054031952
south africa,1768,1379.3688766752912
south africa,1769,1392.3876391068334
south africa,1770,1422.1448103789296
south africa,1771,1415.325458629074
south africa,1772,1319.2345930629303
south africa,1773,1588.2890166481332
south africa,1774,1570.3107256712417
south africa,1775,1505.8368545817
south africa,1776,1368.8298785164238
south africa,1777,1130.7725083396545
south africa,1778,1034.6816427735107
south africa,1779,1008.0241768422578
south africa,1780,1026.0024678191492
south africa,1781,773.6864530745005
south africa,1782,921.8523683668126
south africa,1783,975.1673002293182
south africa,1784,1120.8534512489557
south africa,1785,1204.5454954517263
south africa,1786,944.7901878890534
south africa,1787,1315.5149466539183
south africa,1788,1222.5237864286178
south africa,1789,1032.8218195690047
south africa,1790,999.3450018878964
south africa,1791,1008.6441179104264
south africa,1792,859.8582615499456
south africa,1793,947.8898932298968
south africa,1800,947.8898932298968
south africa,1804,906.3538416625959
south africa,1805,858.6183794136083
south africa,1806,858.6183794136083
south africa,1807,931.1514843893427
south africa,1808,815.2225046418014
south africa,1809,796.6242725967412
south africa,1810,880.3163167995117
south africa,1811,698.6735838260913
south africa,1812,707.3527587804527
south africa,1813,891.4752560265478
south africa,1814,902.0142541854152
south africa,1815,750.128692484091
south africa,1816,781.7456869606932
south africa,1817,812.122799300958
south africa,1818,861.7180847544516
south africa,1819,745.1691639387416
south africa,1820,736.4899889843803
south africa,1821,869.7773186406444
south africa,1822,811.5028582327893
south africa,1826,838.7802652322108
south africa,1829,850.5591455274156
south africa,1831,770.5867477336571
south africa,1840,727.1908729618502
south africa,1843,676.9756464401879
south africa,1847,580.884780874044
south africa,1850,645.9785930317544
south africa,1851,765.0072781201391
south africa,1852,802.2037422102593
south africa,1853,861.7180847544516
south africa,1854,838.1603241640421
south africa,1855,899.5344899127405
south africa,1856,724.0911676210068
south africa,1857,857.9984383454396
south africa,1858,750.128692484091
south africa,1859,774.9263352108378
south africa,1860,802.2037422102593
south africa,1861,755.0882210294403
south africa,1862,556.0871381472972
south africa,1863,595.1434254419235
south africa,1864,830.1010902778494
south africa,1865,610.6419521461402
south africa,1866,635.439594872887
south africa,1867,751.988515688597
south africa,1868,760.0477495747897
south africa,1869,750.7486335522597
south africa,1870,797.2442136649099
south africa,1871,799.7239779375846
south africa,1872,1179.1279116568107
south africa,1873,1016.0834107284505
south africa,1874,968.3479484794628
south africa,1875,1079.317399681655
south africa,1876,1206.4053186562323
south africa,1877,1137.59186008951
south africa,1878,1109.6945120219198
south africa,1879,1230.5830203148105
south africa,1880,1422.1448103789296
south africa,1881,1344.032235789677
south africa,1882,1272.73901295028
south africa,1883,978.2670055701616
south africa,1884,886.5157274811984
south africa,1885,748.8888103477536
south africa,1886,884.6559042766925
south africa,1887,1008.6441179104264
south africa,1888,1138.2118011576786
south africa,1889,1126.4329208624738
south africa,1890,1134.4921547486665
south africa,1891,1181.6076759294854
south africa,1892,1153.0903867937266
south africa,1893,1142.5513886348592
south africa,1894,1109.6945120219198
south africa,1895,1277.6985414956293
south africa,1896,1334.733119767147
south africa,1897,1249.1812523598705
south africa,1898,1499.0175028318447
south africa,1899,1316.134887722087
south africa,1900,926.1919558439934
south africa,1901,996.8652376152218
south africa,1902,1189.666909815678
south africa,1903,1593.8684862616512
south africa,1904,1593.8684862616512
south africa,1905,1701.7382321229998
south africa,1906,1836.8853849837699
south africa,1907,1802.1686851663244
south africa,1908,1415.325458629074
south africa,1909,1482.2790939912904
south africa,1910,1137.59186008951
south africa,1918,1149.3707403847145
south africa,1924,1262.8199558595813
south africa,1925,1345.8920589941831
south africa,1926,1381.2286998797972
south africa,1927,1407.88616581105
south africa,1928,1515.1359706042301
south africa,1929,1479.1793886504472
south africa,1930,1396.1072855158454
south africa,1931,1319.2345930629303
south africa,1932,1269.019366541268
south africa,1933,1406.0263426065442
south africa,1934,1558.531845376037
south africa,1935,1726.5358748497465
south africa,1936,1889.5803757781068
south africa,1937,2014.1885304800096
south africa,1938,1932.9762505499139
south africa,1939,2028.447175047889
south africa,1940,2119.5785120686837
south africa,1941,2175.9931492720325
south africa,1942,2199.550909862442
south africa,1943,2205.7503205441285
south africa,1944,2237.9872560888994
south africa,1945,2251.0060185204416
south africa,1946,2283.8628951333812
south africa,1947,2260.9250756111405
south africa,1948,2385.533230313043
south africa,1949,2367.5549393361516
south africa,1950,2505.1818564695964
south africa,1951,2560.356611536608
south africa,1952,2588.2539596041984
south africa,1953,2643.42871467121
south africa,1954,2730.2204642148236
south africa,1955,2796.5541585088713
south africa,1956,2879.6262616434733
south africa,1957,2916.2027846654246
south africa,1958,2904.42390437022
south africa,1959,2959.5986594372316
south africa,1960,3004.8543574135447
south africa,1961,3055.6895250033754
south africa,1962,3141.241392410652
south africa,1963,3281.96801488494
south africa,1964,3409.0559338595176
south africa,1965,3516.9256797208664
south africa,1966,3572.100434787878
south africa,1967,3715.3068215348408
south africa,1968,3773.5812819426956
south africa,1969,3899.429318780936
south africa,1970,3997.3800075515855
south africa,1971,4086.0315802997056
south africa,1972,4060.61399650479
south africa,1973,4125.707808662501
south africa,1974,4248.456140159897
south africa,1975,4220.558792092307
south africa,1976,4216.839145683295
south africa,1977,4105.869694481103
south africa,1978,4124.467926526163
south africa,1979,4182.122445865849
south africa,1980,4338.347595044354
south africa,1981,4426.9991677924745
south africa,1982,4272.013900750307
south africa,1983,4063.0937607774645
south africa,1984,4136.2468068213675
south africa,1985,3958.3237202569594
south africa,1986,3865.9525010998277
south africa,1987,3851.0739154637795
south africa,1988,3917.4076097578272
south africa,1989,3909.3483758716343
south africa,1990,3788.459867578744
south africa,1991,3741.2827242557487
south africa,1992,3658.8825752449347
south africa,1993,3698.513547909754
south africa,1994,3826.879847361002
south africa,1995,3971.6078794597847
south africa,1996,4169.593994825122
south africa,1997,4308.8827879800065
south africa,1998,4354.6492554023835
south africa,1999,4484.830866289442
south africa,2000,4700.875555
south africa,2001,4860.105682524131
south africa,2002,5065.666609824994
south africa,2003,5239.402490426778
south africa,2004,5503.787827857069
south africa,2005,5823.536320444988
south africa,2006,6186.063970430098
south africa,2007,6556.677325785015
south africa,2008,6805.184112636301
south africa,2009,6740.647937469407
south africa,2010,7016.867763908717
south africa,2011,7338.862364980718
south africa,2012,7434.333289478694
south africa,2013,7545.302740680885
south africa,2014,7589.3185565208605
south africa,2015,7591.798320793536
south africa,2016,7525.464626499488
south africa,2017,7556.68355681622
south africa,2018,7542.075823432853
south korea,1820,627.0857852442475
south korea,1870,630.6087377983722
south korea,1911,851.3804824368675
south korea,1912,838.2198755204047
south korea,1913,900.1815619675515
south korea,1914,964.2588648274112
south korea,1915,969.5317631571121
south korea,1916,1010.8363255814605
south korea,1917,1050.1570267900802
south korea,1918,1096.958333012984
south korea,1919,1047.8551543433582
south korea,1920,1098.3313082599668
south korea,1921,1132.9710102151842
south korea,1922,1147.654719507982
south korea,1923,1157.279767188695
south korea,1924,1093.2063078293309
south korea,1925,1129.90320498973
south korea,1926,1175.7604706209427
south korea,1927,1238.9290930936693
south korea,1928,1147.6208198336121
south korea,1929,1149.8710356336753
south korea,1930,1258.5233354894574
south korea,1931,1245.8917479811876
south korea,1932,1246.0202746377554
south korea,1933,1272.2181121047772
south korea,1934,1286.2683356459158
south korea,1935,1352.6023882566808
south korea,1936,1301.322097166415
south korea,1937,1541.8195319176425
south korea,1938,1487.5087944267382
south korea,1939,1238.1692330457197
south korea,1940,1518.3641857941404
south korea,1941,1619.841362055016
south korea,1942,1265.0666644729226
south korea,1943,1295.9812457479545
south korea,1946,703.9487231122342
south korea,1947,720.4739303624096
south korea,1948,844.7026309360616
south korea,1949,913.9695819048909
south korea,1950,767.2309594596062
south korea,1951,761.6049971743937
south korea,1952,797.9422195584291
south korea,1953,1012.1405790395847
south korea,1954,1055.179098277448
south korea,1955,1084.892278167614
south korea,1956,1062.330315299273
south korea,1957,1127.5044763305227
south korea,1958,1166.7975043355752
south korea,1959,1195.8876527954294
south korea,1960,1189.7108400192096
south korea,1961,1234.4145942817297
south korea,1962,1245.6709773127293
south korea,1963,1322.7976561847136
south korea,1964,1410.5476166860878
south korea,1965,1473.9273242060242
south korea,1966,1609.5719130812367
south korea,1967,1715.7797466219158
south korea,1968,1897.5235879195345
south korea,1969,2124.804992477155
south korea,1970,2286.7346662806362
south korea,1971,2476.5015073824566
south korea,1972,2604.2717630526313
south korea,1973,2938.0069851826393
south korea,1974,3161.357026823489
south korea,1975,3353.074982516817
south korea,1976,3732.762097260236
south korea,1977,4126.224471519348
south korea,1978,4501.889439864294
south korea,1979,4816.587342820304
south korea,1980,4661.428225749579
south korea,1981,4918.797474625661
south korea,1982,5243.668431563025
south korea,1983,5851.140756909006
south korea,1984,6382.91587808727
south korea,1985,6810.1872969745245
south korea,1986,7499.596134582501
south korea,1987,8351.906667269255
south korea,1988,9255.10752948601
south korea,1989,9808.220919844875
south korea,1990,10664.945174760578
south korea,1991,11573.671914509643
south korea,1992,12077.817648026352
south korea,1993,12686.191274238516
south korea,1994,13621.669623005986
south korea,1995,14673.946109709274
south korea,1996,15531.248350229482
south korea,1997,16185.707930352337
south korea,1998,15085.502377510771
south korea,1999,16558.332536065365
south korea,2000,17763.135342
south korea,2001,18298.473618747572
south korea,2002,19410.167471440032
south korea,2003,19739.639405950482
south korea,2004,20483.16972708497
south korea,2005,21095.6546689071
south korea,2006,21920.62392272944
south korea,2007,22843.1306110648
south korea,2008,23151.500959155157
south korea,2009,23036.06872442541
south korea,2010,24243.08915327591
south korea,2011,24771.360693142542
south korea,2012,25206.44494922691
south korea,2013,25819.09892820083
south korea,2014,26514.77251787636
south korea,2015,27111.283794769413
south korea,2016,27752.379677409626
south korea,2017,28513.559275949185
south korea,2018,29154.95718085833
spain,1,791.2134844424698
spain,1285,1340.490674070996
spain,1295,1356.448896381365
spain,1305,1340.490674070996
spain,1315,1324.532451760627
spain,1325,1276.65778482952
spain,1335,1404.323563312472
spain,1345,1436.24000793321
spain,1355,1308.5742294502581
spain,1365,1260.6995625191512
spain,1375,1148.9920063465681
spain,1385,1164.950228656937
spain,1395,1212.824895588044
spain,1404,1228.7831178984131
spain,1415,1228.7831178984131
spain,1425,1228.7831178984131
spain,1435,1260.6995625191512
spain,1445,1212.824895588044
spain,1455,1244.741340208782
spain,1465,1196.866673277675
spain,1475,1164.950228656937
spain,1485,1228.7831178984131
spain,1495,1260.6995625191512
spain,1505,1244.741340208782
spain,1515,1292.6160071398892
spain,1525,1244.741340208782
spain,1535,1308.5742294502581
spain,1545,1276.65778482952
spain,1555,1356.448896381365
spain,1565,1324.532451760627
spain,1575,1388.3653410021032
spain,1585,1372.407118691734
spain,1595,1388.3653410021032
spain,1605,1308.5742294502581
spain,1615,1292.6160071398892
spain,1625,1244.741340208782
spain,1635,1228.7831178984131
spain,1645,1148.9920063465681
spain,1655,1260.6995625191512
spain,1665,1117.07556172583
spain,1675,1148.9920063465681
spain,1685,1196.866673277675
spain,1695,1228.7831178984131
spain,1705,1228.7831178984131
spain,1715,1212.824895588044
spain,1725,1276.65778482952
spain,1735,1212.824895588044
spain,1745,1228.7831178984131
spain,1755,1276.65778482952
spain,1765,1260.6995625191512
spain,1775,1292.6160071398892
spain,1785,1292.6160071398892
spain,1795,1356.448896381365
spain,1805,1340.490674070996
spain,1815,1372.407118691734
spain,1820,1428.8279628757919
spain,1825,1516.0311194850551
spain,1835,1500.0728971746862
spain,1845,1547.9475641057932
spain,1850,1523.4878154163132
spain,1851,1535.9900600914764
spain,1852,1594.0361960833054
spain,1853,1594.0361960833054
spain,1854,1611.0035281424555
spain,1855,1689.589066100624
spain,1856,1607.431458235266
spain,1857,1555.6364445810184
spain,1858,1584.2130038385344
spain,1859,1662.798541796703
spain,1860,1723.5237302189241
spain,1861,1725.3097651725188
spain,1862,1725.3097651725188
spain,1863,1749.4212370460477
spain,1864,1737.812009847682
spain,1865,1665.477594227095
spain,1866,1765.4955516284006
spain,1867,1737.812009847682
spain,1868,1519.0227280323263
spain,1869,1571.7107591633712
spain,1870,1615.4686155264424
spain,1871,1739.5980448012767
spain,1872,2005.717252886893
spain,1873,2168.246433664014
spain,1874,1978.926728582972
spain,1875,2032.507777190814
spain,1876,2095.01900056663
spain,1877,2322.7384571499592
spain,1878,2228.078604609438
spain,1879,2068.2284762627087
spain,1880,2250.4040415293725
spain,1881,2266.478356111725
spain,1882,2274.5155134029014
spain,1883,2305.771125090809
spain,1884,2312.9152649051885
spain,1885,2226.292569655843
spain,1886,2175.3905734783934
spain,1887,2126.2746122545377
spain,1888,2210.2182550734906
spain,1889,2204.8601502127067
spain,1890,2199.5020453519223
spain,1891,2240.5808492846013
spain,1892,2428.114519412049
spain,1893,2324.524492103554
spain,1894,2351.315016407475
spain,1895,2312.022247428391
spain,1896,2080.730720937872
spain,1897,2204.8601502127067
spain,1898,2346.849929023488
spain,1899,2353.9940688378674
spain,1900,2389.714767909762
spain,1901,2576.3554205604123
spain,1902,2446.8678864247936
spain,1903,2422.7564145512647
spain,1904,2375.4264882810044
spain,1905,2341.4918241627042
spain,1906,2478.123498112702
spain,1907,2525.453424382962
spain,1908,2604.931979817928
spain,1909,2659.4060459025677
spain,1910,2520.9883369989752
spain,1911,2703.163902265639
spain,1912,2603.1459448643336
spain,1913,2738.8846013375337
spain,1914,2645.11776627381
spain,1915,2654.940958518581
spain,1916,2746.92175862871
spain,1917,2691.554675067273
spain,1918,2660.299063379365
spain,1919,2700.4848498352467
spain,1920,2896.948694730668
spain,1921,2966.604057920863
spain,1922,3060.370892984587
spain,1923,3065.728997845371
spain,1924,3141.6354833731475
spain,1925,3326.4901010702033
spain,1926,3259.5137903104005
spain,1927,3535.4561906407876
spain,1928,3489.0192818473247
spain,1929,3726.5619306754247
spain,1930,3503.3075614760824
spain,1931,3381.85718463164
spain,1932,3443.475390530659
spain,1933,3295.234489382295
spain,1934,3378.2851147244505
spain,1935,3398.82451669079
spain,1936,2568.318263269236
spain,1937,2370.06838342022
spain,1938,2353.9940688378674
spain,1939,2576.3554205604123
spain,1940,2830.865401447663
spain,1941,2849.6187684604074
spain,1942,3030.901316250274
spain,1943,3171.1050601074608
spain,1944,3282.732244707132
spain,1945,2997.859669608771
spain,1946,3101.449696917266
spain,1947,3137.1703959891606
spain,1948,3105.914784301253
spain,1949,3067.515032798966
spain,1950,3093.4125396260897
spain,1951,3384.5362370620323
spain,1952,3665.8367422532037
spain,1953,3631.009060658106
spain,1954,3864.979639579017
spain,1955,3966.7836319339176
spain,1956,4258.800346846658
spain,1957,4375.785636307113
spain,1958,4622.258459903187
spain,1959,4540.993869514627
spain,1960,4498.129030628353
spain,1961,4989.288642866906
spain,1962,5432.225311358402
spain,1963,5928.7430284577395
spain,1964,6202.006376357735
spain,1965,6626.189677836485
spain,1966,7037.870734640072
spain,1967,7336.138571890395
spain,1968,7685.3084053181665
spain,1969,8311.313656553122
spain,1970,8493.489221819786
spain,1971,8835.51491543318
spain,1972,9641.016679504406
spain,1973,10392.937394967792
spain,1974,11062.70050256582
spain,1975,11270.773574659606
spain,1976,11656.55712463607
spain,1977,11914.63917543051
spain,1978,12120.926212570703
spain,1979,12217.372100064818
spain,1980,12509.38881497756
spain,1981,12408.477840099456
spain,1982,12542.430461619062
spain,1983,12713.889817164156
spain,1984,12777.29405801677
spain,1985,13118.426734153365
spain,1986,13606.907293961527
spain,1987,14527.608312539614
spain,1988,15424.197859244174
spain,1989,16394.907856522914
spain,1990,17159.330816661462
spain,1991,17822.896025763526
spain,1992,18154.302044844593
spain,1993,17910.84038687853
spain,1994,18462.202593711885
spain,1995,19219.60857972475
spain,1996,19811.652376317103
spain,1997,20640.86223626759
spain,1998,21686.8055625001
spain,1999,22816.185386926485
spain,2000,24106.881853
spain,2001,25141.61539875151
spain,2002,25677.21977639629
spain,2003,26229.588681831236
spain,2004,26869.192535297618
spain,2005,27581.3823674078
spain,2006,28493.886825075107
spain,2007,29233.313868831105
spain,2008,29330.557220932
spain,2009,28281.587190565388
spain,2010,28385.814296541826
spain,2011,28219.35226679689
spain,2012,27414.74352020246
spain,2013,27040.569197424364
spain,2014,27521.905617418146
spain,2015,28439.92758356584
spain,2016,26888.75622636881
spain,2017,27601.49088844159
spain,2018,28126.9428182979
sri lanka,1820,306.51342419354876
sri lanka,1850,314.2024724629422
sri lanka,1870,473.9249751498883
sri lanka,1871,460.64389177548145
sri lanka,1872,437.2272447732377
sri lanka,1873,438.9747557435544
sri lanka,1874,431.63520966822426
sri lanka,1875,435.1302316088577
sri lanka,1876,439.6737601316811
sri lanka,1877,441.7707732960611
sri lanka,1878,399.83051000846035
sri lanka,1879,428.83919211571754
sri lanka,1880,463.0904071339248
sri lanka,1881,494.19610240556204
sri lanka,1882,520.7582691543759
sri lanka,1883,524.2532910950092
sri lanka,1884,504.3316660333989
sri lanka,1885,469.03194443300157
sri lanka,1886,451.2073325357713
sri lanka,1887,526.3503042593893
sri lanka,1888,513.0692208849823
sri lanka,1889,502.58415506308216
sri lanka,1890,582.2706553095236
sri lanka,1891,577.7271267867002
sri lanka,1892,586.1151794442203
sri lanka,1893,586.1151794442203
sri lanka,1894,581.2221487273335
sri lanka,1895,604.2892935355139
sri lanka,1896,606.0368045058307
sri lanka,1897,626.6574339555677
sri lanka,1898,650.7730853459382
sri lanka,1899,687.4708157225888
sri lanka,1900,718.5765109942259
sri lanka,1901,664.054168720345
sri lanka,1902,654.6176094806349
sri lanka,1903,682.577785005702
sri lanka,1904,676.9857499006886
sri lanka,1905,656.7146226450149
sri lanka,1906,663.005662138155
sri lanka,1907,686.7718113344621
sri lanka,1908,680.1312696472586
sri lanka,1909,642.3850326884179
sri lanka,1910,673.1412257659919
sri lanka,1911,646.2295568231148
sri lanka,1912,644.482045852798
sri lanka,1913,687.4708157225888
sri lanka,1914,674.1897323481819
sri lanka,1915,632.9484734487078
sri lanka,1916,653.5691028984448
sri lanka,1917,678.383758676942
sri lanka,1918,616.8713725217942
sri lanka,1919,649.7245787637481
sri lanka,1920,608.483319864274
sri lanka,1921,589.959703578917
sri lanka,1922,604.9882979236406
sri lanka,1923,593.8042277136138
sri lanka,1924,628.4049449258844
sri lanka,1925,661.2581511678383
sri lanka,1926,705.2954276198191
sri lanka,1927,702.4994100673124
sri lanka,1928,700.4023969029323
sri lanka,1929,744.4396733549131
sri lanka,1930,704.5964232316924
sri lanka,1931,670.3452082134852
sri lanka,1932,635.7444910012146
sri lanka,1933,640.6375217181013
sri lanka,1934,701.8004056791857
sri lanka,1935,659.5106401975216
sri lanka,1936,654.6176094806349
sri lanka,1937,694.8103617979189
sri lanka,1938,682.577785005702
sri lanka,1939,660.5591467797117
sri lanka,1940,696.907374962299
sri lanka,1941,711.5864671129592
sri lanka,1942,737.100127279583
sri lanka,1943,715.4309912476559
sri lanka,1944,642.7345348824813
sri lanka,1945,621.764403238681
sri lanka,1946,585.0666728620303
sri lanka,1947,597.6487518483106
sri lanka,1948,645.5305524349881
sri lanka,1949,667.8986928550418
sri lanka,1950,697.955881544489
sri lanka,1951,720.3240219645427
sri lanka,1952,731.5080921745696
sri lanka,1953,723.819043905176
sri lanka,1954,722.0715329348594
sri lanka,1955,744.7891755489765
sri lanka,1956,730.8090877864429
sri lanka,1957,722.4210351289228
sri lanka,1958,724.8675504873661
sri lanka,1959,715.7804934417193
sri lanka,1960,721.3725285467327
sri lanka,1961,716.479497829846
sri lanka,1962,722.4210351289228
sri lanka,1963,719.2755153823526
sri lanka,1964,735.3526163092663
sri lanka,1965,740.245647026153
sri lanka,1966,715.4309912476559
sri lanka,1967,762.2642852521434
sri lanka,1968,800.7095265991107
sri lanka,1969,813.9906099735176
sri lanka,1970,834.960741617318
sri lanka,1971,811.5440946150743
sri lanka,1972,813.291605585391
sri lanka,1973,831.1162174826213
sri lanka,1974,845.0963052451549
sri lanka,1975,850.6883403501683
sri lanka,1976,861.1734061720686
sri lanka,1977,902.4146650715426
sri lanka,1978,941.5589108066366
sri lanka,1979,983.8486762883007
sri lanka,1980,1019.4979000827612
sri lanka,1981,1065.6321896991221
sri lanka,1982,1101.2814134935827
sri lanka,1983,1142.1731701989934
sri lanka,1984,1183.7639312925307
sri lanka,1985,1217.6656441166747
sri lanka,1986,1260.6544139864654
sri lanka,1987,1254.7128766873889
sri lanka,1988,1269.7414710321123
sri lanka,1989,1285.1195675708993
sri lanka,1990,1350.4764778607437
sri lanka,1991,1473.1454219872633
sri lanka,1992,1405.3393051720814
sri lanka,1993,1484.3438567374662
sri lanka,1994,1573.046325283282
sri lanka,1995,1643.462314782413
sri lanka,1996,1813.115607761694
sri lanka,1997,1967.1836892019865
sri lanka,1998,1901.3691756894546
sri lanka,1999,1918.2481744504275
sri lanka,2000,2041.4752036804275
sri lanka,2001,1964.5398798549943
sri lanka,2002,1999.6099435636725
sri lanka,2003,2084.2806945996513
sri lanka,2004,2164.1058423664776
sri lanka,2005,2268.688013
sri lanka,2006,2412.9757648425016
sri lanka,2007,2545.645399700169
sri lanka,2008,2664.048634597926
sri lanka,2009,2724.945372638231
sri lanka,2010,2907.7544175051285
sri lanka,2011,3116.8605666568615
sri lanka,2012,3382.4822341449994
sri lanka,2013,3469.8577826608343
sri lanka,2014,3614.551691003057
sri lanka,2015,3761.692114703723
sri lanka,2016,3896.599961612172
sri lanka,2017,3990.661207498683
sri lanka,2018,4076.211375955364
swaziland,1950,280.50147793878983
swaziland,1951,289.32519992693057
swaziland,1952,291.6472320290729
swaziland,1953,296.29129623335746
swaziland,1954,305.57942464192666
swaziland,1955,307.901456744069
swaziland,1956,312.54552094835356
swaziland,1957,316.7251787322097
swaziland,1958,317.6539915730666
swaziland,1959,327.87093282249276
swaziland,1960,363.63022719548417
swaziland,1961,399.85392798890405
swaziland,1962,472.3013295757438
swaziland,1963,486.2335221885976
swaziland,1964,544.284324742155
swaziland,1965,613.0164749655671
swaziland,1966,622.7690097945648
swaziland,1967,664.5655876331263
swaziland,1968,617.1961327494233
swaziland,1969,626.948667578421
swaziland,1970,791.3485404100958
swaziland,1971,799.7078559778081
swaziland,1972,877.2637281893609
swaziland,1973,883.3010116549309
swaziland,1974,1023.5517506243258
swaziland,1975,1326.3447367436818
swaziland,1976,1459.1649729862213
swaziland,1977,1431.764994180942
swaziland,1978,1407.1514538982337
swaziland,1979,1388.5751970810954
swaziland,1980,1368.141314582243
swaziland,1981,1415.9751758863745
swaziland,1982,1395.5412933875223
swaziland,1983,1341.2057421973925
swaziland,1984,1327.2735495845386
swaziland,1985,1305.9108542448294
swaziland,1986,1490.7446095753564
swaziland,1987,1580.3750487180494
swaziland,1988,1621.7072201361823
swaziland,1989,1703.442750131591
swaziland,1990,1802.3613176828533
swaziland,1991,1788.5637100506394
swaziland,1992,1811.8352551002358
swaziland,1993,1849.3961212999952
swaziland,1994,1919.9527850273446
swaziland,1995,2035.8079760877802
swaziland,1996,2096.585587379526
swaziland,1997,2145.9842196766485
swaziland,1998,2188.532114222179
swaziland,1999,2241.8227509663448
swaziland,2000,2273.046838
swaziland,2001,2311.3065894218626
swaziland,2002,2385.527977094097
swaziland,2003,2497.3722756638604
swaziland,2004,2581.853608620052
swaziland,2005,2724.780861112303
swaziland,2006,2873.638351390214
swaziland,2007,3003.69731993817
swaziland,2008,3153.966141327764
swaziland,2009,3255.9976715557996
swaziland,2010,3340.3602093496465
swaziland,2011,3431.4990405458907
swaziland,2012,3507.19728707573
swaziland,2013,3624.69211144413
swaziland,2014,3681.3496947364024
swaziland,2015,3700.8547643943975
swaziland,2016,3659.986999396693
swaziland,2017,3698.202121361552
swaziland,2018,3746.9293612966617
sweden,1300,1376.7808594999324
sweden,1301,1379.2111875837804
sweden,1302,1675.7112138132452
sweden,1303,1815.4550786345094
sweden,1304,1777.7849933348643
sweden,1305,1763.2030248317758
sweden,1306,1737.684579951371
sweden,1307,1724.3177754902067
sweden,1308,1704.875150819422
sweden,1309,1685.4325261486376
sweden,1310,1652.6230970166885
sweden,1311,1642.9017846812962
sweden,1312,1621.0288319266635
sweden,1313,1580.9284185431704
sweden,1314,1545.6886613273734
sweden,1315,1503.1579198600323
sweden,1316,1627.104652136284
sweden,1317,1796.0124539637247
sweden,1318,1975.856732168482
sweden,1319,1763.2030248317758
sweden,1320,1585.7890747108665
sweden,1321,1572.4222702497023
sweden,1322,1565.131285998158
sweden,1323,1580.9284185431704
sweden,1324,1597.940715130107
sweden,1325,1741.330072077143
sweden,1326,1896.8710694434199
sweden,1327,2101.0186284866577
sweden,1328,2330.6846324103003
sweden,1329,2478.934645525033
sweden,1330,2045.121082558152
sweden,1331,1805.733766299117
sweden,1332,1748.6210563286875
sweden,1333,1630.750144262056
sweden,1334,1665.989901477853
sweden,1335,1698.799330609802
sweden,1336,1738.899743993295
sweden,1337,1780.2153214187124
sweden,1338,1816.6702426764334
sweden,1339,1849.4796718083824
sweden,1340,1810.5944224668133
sweden,1341,1774.139501209092
sweden,1342,1737.684579951371
sweden,1343,1681.7870340228653
sweden,1344,1633.180472345904
sweden,1345,1578.4980904593224
sweden,1346,1528.6763647404368
sweden,1347,1545.6886613273734
sweden,1348,1567.5616140820061
sweden,1349,1585.7890747108665
sweden,1350,1607.6620274654992
sweden,1351,1549.3341534531455
sweden,1352,1489.7911153988678
sweden,1353,1435.108733512286
sweden,1354,1396.223484170717
sweden,1355,1336.6804461164393
sweden,1356,1305.0861810264144
sweden,1357,1365.8443831226161
sweden,1358,1441.1845537219062
sweden,1359,1514.0943962373485
sweden,1360,1601.5862072558791
sweden,1361,1692.7235104001818
sweden,1362,1787.5063056702566
sweden,1363,1834.8977033052938
sweden,1364,1865.2768043533947
sweden,1365,1900.516561569192
sweden,1366,1950.3382872880773
sweden,1367,2006.235833216583
sweden,1368,2051.1969027677724
sweden,1369,2090.082152109341
sweden,1370,2076.715347648177
sweden,1371,2012.311653426203
sweden,1372,1966.1354198330898
sweden,1373,1939.401810910761
sweden,1374,1913.8833660303562
sweden,1375,1892.0104132757235
sweden,1376,1872.567788604939
sweden,1377,1859.2009841437746
sweden,1378,1845.8341796826103
sweden,1379,1832.4673752214458
sweden,1380,1826.3915550118256
sweden,1381,1813.0247505506613
sweden,1382,1898.0862334853439
sweden,1383,1894.4407413595716
sweden,1384,1884.7194290241794
sweden,1385,1878.6436088145592
sweden,1386,1786.2911416283325
sweden,1387,1776.5698292929403
sweden,1388,1768.063680999472
sweden,1389,1781.4304854606364
sweden,1390,1800.8731101314208
sweden,1391,1815.4550786345094
sweden,1392,1830.0370471375977
sweden,1393,1845.8341796826103
sweden,1394,1862.8464762695467
sweden,1395,1877.4284447726352
sweden,1396,1900.516561569192
sweden,1397,1851.9099998922304
sweden,1398,1867.707132437243
sweden,1399,1881.0739368984073
sweden,1400,1874.9981166887871
sweden,1401,1871.352624563015
sweden,1402,1867.707132437243
sweden,1403,1859.2009841437746
sweden,1404,1851.9099998922304
sweden,1405,1839.7583594729902
sweden,1406,1834.8977033052938
sweden,1407,1832.4673752214458
sweden,1408,1826.3915550118256
sweden,1409,1820.3157348022055
sweden,1410,1820.3157348022055
sweden,1411,1822.7460628860536
sweden,1412,1826.3915550118256
sweden,1413,1836.1128673472178
sweden,1414,1845.8341796826103
sweden,1415,1843.4038515987622
sweden,1416,1851.9099998922304
sweden,1417,1966.1354198330898
sweden,1418,1650.1927689328404
sweden,1419,1689.0780182744097
sweden,1420,1652.6230970166885
sweden,1421,1656.2685891424608
sweden,1422,1692.7235104001818
sweden,1423,1764.4181888736998
sweden,1424,1653.8382610586125
sweden,1425,1853.1251639341544
sweden,1426,1766.8485169575479
sweden,1427,1753.4817124963836
sweden,1428,1719.4571193225106
sweden,1429,1751.0513844125355
sweden,1430,1805.733766299117
sweden,1431,1672.0657216874731
sweden,1432,1642.9017846812962
sweden,1433,1613.7378476751194
sweden,1434,1611.3075195912713
sweden,1435,1509.2337400696524
sweden,1436,1467.918162644235
sweden,1437,1471.5636547700071
sweden,1438,1545.6886613273734
sweden,1439,1545.6886613273734
sweden,1440,1516.5247243211966
sweden,1441,1552.9796455789176
sweden,1442,1588.2194027947146
sweden,1443,1578.4980904593224
sweden,1444,1627.104652136284
sweden,1445,1624.6743240524358
sweden,1446,1600.371043213955
sweden,1447,1473.9939828538554
sweden,1448,1425.387421176894
sweden,1449,1981.9325523781022
sweden,1450,1892.0104132757235
sweden,1451,1686.6476901905617
sweden,1452,1731.6087597417509
sweden,1453,1647.7624408489924
sweden,1454,1466.702998602311
sweden,1455,1744.9755642029152
sweden,1456,2653.918267562094
sweden,1457,2622.324002472069
sweden,1458,2144.764533995923
sweden,1459,2171.4981429182517
sweden,1460,2053.6272308516204
sweden,1461,2074.285019564329
sweden,1462,2138.6887137863027
sweden,1463,2357.4182413326293
sweden,1464,2272.3567583979466
sweden,1465,2192.1559316309604
sweden,1466,2276.002250523719
sweden,1467,2393.87316259035
sweden,1468,2749.916226874093
sweden,1469,1744.9755642029152
sweden,1470,1857.9858201018505
sweden,1471,2201.8772439663526
sweden,1472,2070.639527438557
sweden,1473,1878.6436088145592
sweden,1474,1610.0923555493473
sweden,1475,1659.9140812682328
sweden,1476,1580.9284185431704
sweden,1477,1734.039087825599
sweden,1478,1708.5206429451941
sweden,1479,1642.9017846812962
sweden,1480,1659.9140812682328
sweden,1481,1929.6804985753688
sweden,1482,2034.1846061808358
sweden,1483,2018.3874736358234
sweden,1484,2018.3874736358234
sweden,1485,2020.8178017196715
sweden,1486,1900.516561569192
sweden,1487,1923.6046783657484
sweden,1488,1923.6046783657484
sweden,1489,1949.1231232461532
sweden,1490,1826.3915550118256
sweden,1491,2093.7276442351135
sweden,1492,2159.3465024990114
sweden,1493,2192.1559316309604
sweden,1494,1825.1763909699016
sweden,1495,1774.139501209092
sweden,1496,1737.684579951371
sweden,1497,1692.7235104001818
sweden,1498,1669.635393603625
sweden,1499,1721.8874474063587
sweden,1500,2138.6887137863027
sweden,1501,2221.3198686371375
sweden,1502,1996.5145208811907
sweden,1503,1796.0124539637247
sweden,1504,2605.3117058851326
sweden,1505,2210.383392259821
sweden,1506,2406.024803009591
sweden,1507,2169.0678148344036
sweden,1508,2754.776883041789
sweden,1509,3122.9715877447716
sweden,1510,2740.1949145387007
sweden,1511,2703.7399932809794
sweden,1512,2413.315787261135
sweden,1513,2475.2891533992606
sweden,1514,2099.803464444734
sweden,1515,2161.7768305828595
sweden,1516,2077.930511690101
sweden,1517,2364.7092255841735
sweden,1518,2210.383392259821
sweden,1519,2754.776883041789
sweden,1520,2938.266653372318
sweden,1521,2663.6395798974863
sweden,1522,2735.3342583710046
sweden,1523,2650.272775436322
sweden,1524,1597.940715130107
sweden,1525,1861.6313122276226
sweden,1526,1845.8341796826103
sweden,1527,2201.8772439663526
sweden,1528,2354.9879132487813
sweden,1529,2144.764533995923
sweden,1530,1896.8710694434199
sweden,1531,2048.7665746839243
sweden,1532,2184.864947379416
sweden,1533,1797.2276180056488
sweden,1534,1810.5944224668133
sweden,1535,1704.875150819422
sweden,1536,1836.1128673472178
sweden,1537,1884.7194290241794
sweden,1538,1923.6046783657484
sweden,1539,1582.1435825850945
sweden,1540,1715.8116271967385
sweden,1541,1542.0431692016014
sweden,1542,1689.0780182744097
sweden,1543,1845.8341796826103
sweden,1544,1859.2009841437746
sweden,1545,1910.2378739045841
sweden,1546,1934.541154743065
sweden,1547,1715.8116271967385
sweden,1548,1896.8710694434199
sweden,1549,1985.5780445038743
sweden,1550,2011.096489384279
sweden,1551,2093.7276442351135
sweden,1552,2045.121082558152
sweden,1553,1896.8710694434199
sweden,1554,1894.4407413595716
sweden,1555,1859.2009841437746
sweden,1556,1919.9591862399764
sweden,1557,1953.9837794138493
sweden,1558,1944.2624670784571
sweden,1559,2037.8300983066079
sweden,1560,1956.4141074976974
sweden,1561,1806.9489303410412
sweden,1562,1813.0247505506613
sweden,1563,1901.731725611116
sweden,1564,2051.1969027677724
sweden,1565,1983.1477164200262
sweden,1566,2252.914133727162
sweden,1567,2291.7993830687315
sweden,1568,2223.7501967209855
sweden,1569,2266.2809381883267
sweden,1570,2132.612893576683
sweden,1571,1819.1005707602815
sweden,1572,1371.9202033322363
sweden,1573,1607.6620274654992
sweden,1574,1712.1661350709662
sweden,1575,1861.6313122276226
sweden,1576,1904.162053694964
sweden,1577,1832.4673752214458
sweden,1578,1822.7460628860536
sweden,1579,1836.1128673472178
sweden,1580,1796.0124539637247
sweden,1581,1639.2562925555242
sweden,1582,1917.5288581561283
sweden,1583,1905.377217736888
sweden,1584,1857.9858201018505
sweden,1585,1888.3649211499514
sweden,1586,1825.1763909699016
sweden,1587,1724.3177754902067
sweden,1588,1714.5964631548143
sweden,1589,1633.180472345904
sweden,1590,1834.8977033052938
sweden,1591,1892.0104132757235
sweden,1592,1585.7890747108665
sweden,1593,1816.6702426764334
sweden,1594,1729.1784316579028
sweden,1595,1979.5022242942541
sweden,1596,1776.5698292929403
sweden,1597,1460.627178392691
sweden,1598,1373.1353673741603
sweden,1599,1543.2583332435254
sweden,1600,1528.6763647404368
sweden,1601,1744.9755642029152
sweden,1602,1509.2337400696524
sweden,1603,1538.3976770758293
sweden,1604,1672.0657216874731
sweden,1605,1614.9530117170434
sweden,1606,1656.2685891424608
sweden,1607,1734.039087825599
sweden,1608,1715.8116271967385
sweden,1609,1845.8341796826103
sweden,1610,1805.733766299117
sweden,1611,1838.5431954310661
sweden,1612,2048.7665746839243
sweden,1613,1900.516561569192
sweden,1614,1731.6087597417509
sweden,1615,1815.4550786345094
sweden,1616,1776.5698292929403
sweden,1617,1758.3423686640797
sweden,1618,2022.0329657615955
sweden,1619,1845.8341796826103
sweden,1620,1972.21124004271
sweden,1621,2266.2809381883267
sweden,1622,2113.170268905898
sweden,1623,1766.8485169575479
sweden,1624,1768.063680999472
sweden,1625,1760.7726967479277
sweden,1626,1855.5554920180025
sweden,1627,1828.8218830956737
sweden,1628,1725.5329395321307
sweden,1629,1683.0021980647894
sweden,1630,1729.1784316579028
sweden,1631,1940.616974952685
sweden,1632,1950.3382872880773
sweden,1633,1888.3649211499514
sweden,1634,1828.8218830956737
sweden,1635,1979.5022242942541
sweden,1636,2162.9919946247837
sweden,1637,2154.4858463313153
sweden,1638,2066.994035312785
sweden,1639,2037.8300983066079
sweden,1640,2066.994035312785
sweden,1641,1946.6927951623052
sweden,1642,1962.4899277073177
sweden,1643,2029.3239500131397
sweden,1644,2138.6887137863027
sweden,1645,2125.3219093251387
sweden,1646,2015.9571455519751
sweden,1647,2084.0063318997213
sweden,1648,1940.616974952685
sweden,1649,1797.2276180056488
sweden,1650,1686.6476901905617
sweden,1651,1698.799330609802
sweden,1652,1780.2153214187124
sweden,1653,2282.0780707333392
sweden,1654,2402.3793108838186
sweden,1655,2527.5412072019944
sweden,1656,2263.8506101044786
sweden,1657,2084.0063318997213
sweden,1658,2210.383392259821
sweden,1659,2130.182565492835
sweden,1660,2097.373136360886
sweden,1661,1998.9448489650388
sweden,1662,2080.360839773949
sweden,1663,1991.6538647134946
sweden,1664,2005.020669174659
sweden,1665,2086.4366599835694
sweden,1666,2086.4366599835694
sweden,1667,2107.094448696278
sweden,1668,2139.903877828227
sweden,1669,2229.8260169306054
sweden,1670,2233.4715090563777
sweden,1671,2224.9653607629093
sweden,1672,2022.0329657615955
sweden,1673,1989.2235366296466
sweden,1674,2126.5370733670625
sweden,1675,2130.182565492835
sweden,1676,2211.598556301745
sweden,1677,2138.6887137863027
sweden,1678,2119.2460891155183
sweden,1679,2161.7768305828595
sweden,1680,2279.647742649491
sweden,1681,2250.483805643314
sweden,1682,2268.7112662721747
sweden,1683,2184.864947379416
sweden,1684,1946.6927951623052
sweden,1685,2128.9674014509105
sweden,1686,2291.7993830687315
sweden,1687,2200.662079924429
sweden,1688,2190.9407675890366
sweden,1689,2272.3567583979466
sweden,1690,2285.723562859111
sweden,1691,2406.024803009591
sweden,1692,2354.9879132487813
sweden,1693,2047.551410642
sweden,1694,2116.8157610316703
sweden,1695,2054.842394893544
sweden,1696,2024.4632938454436
sweden,1697,1862.8464762695467
sweden,1698,1927.2501704915207
sweden,1699,2020.8178017196715
sweden,1700,2432.7584119319195
sweden,1701,2482.5801376508048
sweden,1702,2485.010465734653
sweden,1703,2296.6600392364276
sweden,1704,2305.1661875298955
sweden,1705,2283.293234775263
sweden,1706,2289.3690549848834
sweden,1707,2243.19282139177
sweden,1708,2126.5370733670625
sweden,1709,2216.4592124694414
sweden,1710,2324.6088122006804
sweden,1711,2459.4920208542485
sweden,1712,2419.391607470755
sweden,1713,2477.7194814831087
sweden,1714,2429.1129198061476
sweden,1715,2406.024803009591
sweden,1716,2125.3219093251387
sweden,1717,1936.971482826913
sweden,1718,1741.330072077143
sweden,1719,2045.121082558152
sweden,1720,2334.3301245360726
sweden,1721,2416.961279386907
sweden,1722,2054.842394893544
sweden,1723,1874.9981166887871
sweden,1724,1901.731725611116
sweden,1725,1881.0739368984073
sweden,1726,1753.4817124963836
sweden,1727,1900.516561569192
sweden,1728,2194.5862597148084
sweden,1729,2268.7112662721747
sweden,1730,2171.4981429182517
sweden,1731,2116.8157610316703
sweden,1732,2093.7276442351135
sweden,1733,2037.8300983066079
sweden,1734,2068.2091993547087
sweden,1735,1995.2993568392667
sweden,1736,1986.7932085457983
sweden,1737,2122.89158124129
sweden,1738,2165.422322708632
sweden,1739,1913.8833660303562
sweden,1740,1822.7460628860536
sweden,1741,1758.3423686640797
sweden,1742,1789.9366337541046
sweden,1743,1774.139501209092
sweden,1744,1930.8956626172928
sweden,1745,1764.4181888736998
sweden,1746,1721.8874474063587
sweden,1747,1737.684579951371
sweden,1748,1665.989901477853
sweden,1749,1754.6968765383076
sweden,1750,1888.3649211499514
sweden,1751,1830.0370471375977
sweden,1752,1816.6702426764334
sweden,1753,1859.2009841437746
sweden,1754,1849.4796718083824
sweden,1755,1766.8485169575479
sweden,1756,1685.4325261486376
sweden,1757,1657.4837531843848
sweden,1758,1940.616974952685
sweden,1759,1929.6804985753688
sweden,1760,2028.1087859712156
sweden,1761,1953.9837794138493
sweden,1762,1754.6968765383076
sweden,1763,1911.4530379465082
sweden,1764,1727.9632676159788
sweden,1765,1803.303438215269
sweden,1766,1862.8464762695467
sweden,1767,1892.0104132757235
sweden,1768,1789.9366337541046
sweden,1769,1787.5063056702566
sweden,1770,1766.8485169575479
sweden,1771,1629.534980220132
sweden,1772,1559.0554657885377
sweden,1773,1783.8608135444845
sweden,1774,1917.5288581561283
sweden,1775,1853.1251639341544
sweden,1776,1898.0862334853439
sweden,1777,1892.0104132757235
sweden,1778,1929.6804985753688
sweden,1779,1952.7686153719253
sweden,1780,1936.971482826913
sweden,1781,1799.6579460894968
sweden,1782,1853.1251639341544
sweden,1783,1770.49400908332
sweden,1784,1865.2768043533947
sweden,1785,1819.1005707602815
sweden,1786,1822.7460628860536
sweden,1787,1882.2891009403313
sweden,1788,1796.0124539637247
sweden,1789,1962.4899277073177
sweden,1790,1946.6927951623052
sweden,1791,2018.3874736358234
sweden,1792,1915.0985300722803
sweden,1793,1800.8731101314208
sweden,1794,1813.0247505506613
sweden,1795,1830.0370471375977
sweden,1796,1930.8956626172928
sweden,1797,1813.0247505506613
sweden,1798,1738.899743993295
sweden,1799,1721.8874474063587
sweden,1800,1659.9140812682328
sweden,1801,1644.1169487232203
sweden,1802,1721.8874474063587
sweden,1803,1704.875150819422
sweden,1804,1594.295223004335
sweden,1805,1695.1538384840298
sweden,1806,1714.5964631548143
sweden,1807,1642.9017846812962
sweden,1808,1555.4099736627657
sweden,1809,1483.7152951892476
sweden,1810,1604.0165353397272
sweden,1811,1721.8874474063587
sweden,1812,1613.7378476751194
sweden,1813,1642.9017846812962
sweden,1814,1656.2685891424608
sweden,1815,1714.5964631548143
sweden,1816,1747.4058922867634
sweden,1817,1696.3690025259539
sweden,1818,1709.7358069871182
sweden,1819,1695.1538384840298
sweden,1820,1719.4571193225106
sweden,1821,1770.49400908332
sweden,1822,1780.2153214187124
sweden,1823,1760.7726967479277
sweden,1824,1806.9489303410412
sweden,1825,1855.5554920180025
sweden,1826,1861.6313122276226
sweden,1827,1771.709173125244
sweden,1828,1805.733766299117
sweden,1829,1830.0370471375977
sweden,1830,1783.8608135444845
sweden,1831,1819.1005707602815
sweden,1832,1770.49400908332
sweden,1833,1826.3915550118256
sweden,1834,1849.4796718083824
sweden,1835,1843.4038515987622
sweden,1836,1901.731725611116
sweden,1837,1888.3649211499514
sweden,1838,1857.9858201018505
sweden,1839,1878.6436088145592
sweden,1840,1905.377217736888
sweden,1841,1882.2891009403313
sweden,1842,1793.5821258798767
sweden,1843,1832.4673752214458
sweden,1844,1911.4530379465082
sweden,1845,1956.4141074976974
sweden,1846,1888.3649211499514
sweden,1847,1936.971482826913
sweden,1848,1958.8444355815457
sweden,1849,2031.7542780969877
sweden,1850,2084.0063318997213
sweden,1851,2043.905918516228
sweden,1852,1998.9448489650388
sweden,1853,2025.6784578873676
sweden,1854,2047.551410642
sweden,1855,2172.713306960176
sweden,1856,2152.0555182474673
sweden,1857,2210.383392259821
sweden,1858,2237.1170011821496
sweden,1859,2316.102663907212
sweden,1860,2358.633405374553
sweden,1861,2266.2809381883267
sweden,1862,2197.0165877986565
sweden,1863,2291.7993830687315
sweden,1864,2331.8997964522246
sweden,1865,2373.215373877642
sweden,1866,2334.3301245360726
sweden,1867,2368.354717709946
sweden,1868,2155.7010103732396
sweden,1869,2311.242007739516
sweden,1870,2605.3117058851326
sweden,1871,2696.4490090294353
sweden,1872,2745.055570706397
sweden,1873,2775.4346717544977
sweden,1874,2879.9387793599644
sweden,1875,2777.8649998383457
sweden,1876,2954.0637859173307
sweden,1877,2888.444927653433
sweden,1878,2783.9408200479656
sweden,1879,2935.83632528847
sweden,1880,2866.5719748988004
sweden,1881,2969.8609184623433
sweden,1882,2860.49615468918
sweden,1883,3075.5801901097343
sweden,1884,3009.9613318458364
sweden,1885,3064.643713732418
sweden,1886,3095.0228147805187
sweden,1887,3002.6703475942923
sweden,1888,3051.2769092712538
sweden,1889,3097.4531428643672
sweden,1890,3166.717493254037
sweden,1891,3339.27078720725
sweden,1892,3296.740045739909
sweden,1893,3375.7257084649714
sweden,1894,3391.5228410099835
sweden,1895,3556.7851507116525
sweden,1896,3649.1376178978794
sweden,1897,3792.5269748449155
sweden,1898,3922.5495273307874
sweden,1899,4019.76265068471
sweden,1900,4034.3446191877983
sweden,1901,4138.848726793266
sweden,1902,4085.381508948608
sweden,1903,4300.465544369163
sweden,1904,4373.375386884604
sweden,1905,4310.186856704555
sweden,1906,4654.078280569057
sweden,1907,4963.945111259686
sweden,1908,4810.8344419772575
sweden,1909,4836.352886857662
sweden,1910,4925.059861918116
sweden,1911,5047.791430152444
sweden,1912,5239.787348776442
sweden,1913,5566.666476054008
sweden,1914,5684.537388120639
sweden,1915,5882.609126954257
sweden,1916,6208.2730901898985
sweden,1917,5831.572237193447
sweden,1918,5388.037361891174
sweden,1919,5471.8836807839325
sweden,1920,5818.205432732283
sweden,1921,5520.4902424608945
sweden,1922,5915.418556086206
sweden,1923,6103.768982584432
sweden,1924,6519.355084922451
sweden,1925,6668.820262079108
sweden,1926,6994.48422531475
sweden,1927,7220.50473711262
sweden,1928,7428.29778828163
sweden,1929,7869.402335500055
sweden,1930,8208.433103196861
sweden,1931,7998.209723944003
sweden,1932,7685.912565169526
sweden,1933,7812.2896255296255
sweden,1934,8317.797866970024
sweden,1935,8700.574540176096
sweden,1936,8987.353254070169
sweden,1937,9209.728273742267
sweden,1938,9492.861495510568
sweden,1939,10170.92303090418
sweden,1940,9404.154520450113
sweden,1941,9127.097118891432
sweden,1942,9182.994664819938
sweden,1943,9452.761082127074
sweden,1944,9705.515202847273
sweden,1945,9965.560307819016
sweden,1946,10936.476377316321
sweden,1947,11798.027683040462
sweden,1948,11935.341219777878
sweden,1949,12305.966252564709
sweden,1950,13053.292138347992
sweden,1951,13460.372092392543
sweden,1952,13551.509395536847
sweden,1953,13839.503273472843
sweden,1954,14337.720530661698
sweden,1955,14654.878345603871
sweden,1956,15102.058713031916
sweden,1957,15674.400976778137
sweden,1958,15656.173516149276
sweden,1959,16053.532157858435
sweden,1960,16828.80681660597
sweden,1961,17697.649106581655
sweden,1962,18340.47088475947
sweden,1963,19209.313174735158
sweden,1964,20367.364506688762
sweden,1965,20948.21291872845
sweden,1966,21182.73957881979
sweden,1967,21730.77856172753
sweden,1968,22393.04296457613
sweden,1969,23349.377065570345
sweden,1970,24630.15996575828
sweden,1971,24692.133331896406
sweden,1972,25184.27476887564
sweden,1973,26136.963377744083
sweden,1974,26894.010575862758
sweden,1975,27471.213495776676
sweden,1976,27663.209414400673
sweden,1977,27124.891743828324
sweden,1978,27518.604893411713
sweden,1979,28513.8242437475
sweden,1980,28931.840674169365
sweden,1981,28892.955424827796
sweden,1982,29166.367334260704
sweden,1983,29664.58459144956
sweden,1984,30812.914611067772
sweden,1985,31357.308101849743
sweden,1986,31969.750778979454
sweden,1987,32828.87175661975
sweden,1988,33378.12590356941
sweden,1989,33943.17718306409
sweden,1990,34107.22432872383
sweden,1991,33555.581898366174
sweden,1992,33050.67406947889
sweden,1993,32273.329135753127
sweden,1994,33424.24794084625
sweden,1995,34655.80296598259
sweden,1996,35254.466411975314
sweden,1997,36288.038769802304
sweden,1998,37897.5209914862
sweden,1999,39742.201129878194
sweden,2000,41561.774764
sweden,2001,42125.68184503281
sweden,2002,43223.110344164474
sweden,2003,44275.418101189854
sweden,2004,46195.7533807008
sweden,2005,47706.11540058338
sweden,2006,49812.36834818063
sweden,2007,51522.76629805419
sweden,2008,51267.72718286956
sweden,2009,48747.89825729244
sweden,2010,51808.22060465897
sweden,2011,51132.8877201215
sweden,2012,50611.582346136085
sweden,2013,50807.223756885855
sweden,2014,51615.30784476534
sweden,2015,53158.56617800886
sweden,2016,54268.01094828551
sweden,2017,54916.596492546974
sweden,2018,55340.869681104305
switzerland,1,1630.1304578060735
switzerland,1851,4167.790179262085
switzerland,1852,4170.562935682
switzerland,1853,4057.0460047945667
switzerland,1854,3860.1463663487084
switzerland,1855,4046.081331276962
switzerland,1856,4125.237806262508
switzerland,1857,4750.2192518095835
switzerland,1858,4879.592100166732
switzerland,1859,4935.17358072708
switzerland,1860,5002.301875535467
switzerland,1861,5027.3373372588985
switzerland,1862,4812.829902648398
switzerland,1863,4909.189539951684
switzerland,1864,4787.728621849997
switzerland,1865,4761.1366924676895
switzerland,1866,4799.509383690935
switzerland,1867,4682.4008798084415
switzerland,1868,5206.040729727365
switzerland,1869,5185.432368116489
switzerland,1870,5037.676900080026
switzerland,1871,5224.120342939784
switzerland,1872,5355.024422626544
switzerland,1873,5662.5913329419645
switzerland,1874,5665.397339930841
switzerland,1875,6136.473155793741
switzerland,1876,6568.119935434849
switzerland,1877,6190.041527548141
switzerland,1878,5943.900695237814
switzerland,1879,5983.776141662382
switzerland,1880,6597.878512592461
switzerland,1881,6724.14405265122
switzerland,1882,6818.347347928417
switzerland,1883,7151.853964927283
switzerland,1884,7744.985287271198
switzerland,1885,8138.484626979308
switzerland,1886,8588.862048921526
switzerland,1887,8819.361302045138
switzerland,1888,8728.532172196716
switzerland,1889,8759.952936770926
switzerland,1890,9053.2270473893
switzerland,1891,8418.474879523945
switzerland,1892,8986.496395282546
switzerland,1893,9105.3533675452
switzerland,1894,9100.957130781271
switzerland,1895,9604.058018994792
switzerland,1896,10175.092036301307
switzerland,1897,10643.40600875154
switzerland,1898,10959.914082318583
switzerland,1899,10806.125426430857
switzerland,1900,11274.122410123657
switzerland,1901,10911.117764015245
switzerland,1902,11281.584690377314
switzerland,1903,11036.187818233035
switzerland,1904,11730.757930175912
switzerland,1905,12250.839116637262
switzerland,1906,12932.01061341455
switzerland,1907,12728.964735182959
switzerland,1908,12801.826451174742
switzerland,1909,13399.73869378811
switzerland,1910,13723.70597832552
switzerland,1911,13716.186234268069
switzerland,1912,14172.893541446134
switzerland,1913,13934.648610911869
switzerland,1914,12951.15714360129
switzerland,1915,12719.210382375551
switzerland,1916,13776.68129634224
switzerland,1917,13369.975171674087
switzerland,1918,12133.230831125917
switzerland,1919,11505.153842866392
switzerland,1920,12556.710077419906
switzerland,1921,10229.480247725282
switzerland,1922,12246.361032318966
switzerland,1923,13078.962440776573
switzerland,1924,13974.65245568735
switzerland,1925,14298.233692593332
switzerland,1926,14760.406881761455
switzerland,1927,15789.648574227022
switzerland,1928,16469.797829153416
switzerland,1929,16915.225179213827
switzerland,1930,16999.266589069164
switzerland,1931,17146.184824830747
switzerland,1932,16629.450180248572
switzerland,1933,17067.1054229589
switzerland,1934,17047.10017551426
switzerland,1935,16162.859098817762
switzerland,1936,15861.1118906493
switzerland,1937,17118.573211333623
switzerland,1938,16384.124072135673
switzerland,1939,16772.187029076445
switzerland,1940,16714.588858879644
switzerland,1941,15717.030525225218
switzerland,1942,14902.678222623863
switzerland,1943,14737.629048412644
switzerland,1944,15160.108901964664
switzerland,1945,15072.423741298358
switzerland,1946,18528.40739573086
switzerland,1947,18792.455279326485
switzerland,1948,19079.590993883085
switzerland,1949,18660.464843871243
switzerland,1950,19679.28546699279
switzerland,1951,20253.677450732943
switzerland,1952,20489.69663933564
switzerland,1953,21264.993335182004
switzerland,1954,22459.32069222678
switzerland,1955,23871.32997538132
switzerland,1956,24736.82080046681
switzerland,1957,25010.652365576818
switzerland,1958,24971.106185042838
switzerland,1959,26378.088152686134
switzerland,1960,27893.577298826658
switzerland,1961,29512.118313450126
switzerland,1962,30341.53039553924
switzerland,1963,31439.41712030505
switzerland,1964,32731.25731259099
switzerland,1965,33766.40038424215
switzerland,1966,34486.020622261945
switzerland,1967,35368.804983006456
switzerland,1968,36482.501074445434
switzerland,1969,38038.09313500538
switzerland,1970,40035.37620476887
switzerland,1971,41754.15148581621
switzerland,1972,43237.52382213892
switzerland,1973,44340.426949408735
switzerland,1974,43853.698641351875
switzerland,1975,41721.776685686404
switzerland,1976,42207.602624456376
switzerland,1977,43363.11974689352
switzerland,1978,44604.87145261156
switzerland,1979,45427.259820925836
switzerland,1980,46731.08317723403
switzerland,1981,47283.306580358185
switzerland,1982,47166.270545664454
switzerland,1983,47760.314297723824
switzerland,1984,48281.67213551756
switzerland,1985,50160.19218719019
switzerland,1986,52600.685220353706
switzerland,1987,54180.303630498034
switzerland,1988,55388.46987434459
switzerland,1989,56808.31878908156
switzerland,1990,58401.64035550002
switzerland,1991,58194.705695341574
switzerland,1992,58583.75474479672
switzerland,1993,59041.98424597028
switzerland,1994,60403.20149462083
switzerland,1995,61392.87842033694
switzerland,1996,62614.21547032277
switzerland,1997,65078.14555067924
switzerland,1998,68019.64468621172
switzerland,1999,70067.70802489325
switzerland,2000,73749.938952
switzerland,2001,75706.66672909047
switzerland,2002,76620.08185499383
switzerland,2003,77485.07852546983
switzerland,2004,80591.87084323497
switzerland,2005,84019.75844895793
switzerland,2006,88434.51731443962
switzerland,2007,92947.34404389052
switzerland,2008,95582.39894472831
switzerland,2009,94076.09173006182
switzerland,2010,97568.2499573356
switzerland,2011,100068.86615774815
switzerland,2012,100048.40426915644
switzerland,2013,100665.67124167297
switzerland,2014,101431.28690647938
switzerland,2015,101127.76889236904
switzerland,2016,101733.09976320706
switzerland,2017,102601.7800851768
switzerland,2018,104650.16382293052
syria,1820,176.47842457863297
syria,1870,228.41257350906093
syria,1913,337.3277635857265
syria,1950,624.837816912171
syria,1951,587.5559357050612
syria,1952,723.0080106584031
syria,1953,800.3394236425827
syria,1954,896.0675727682618
syria,1955,788.6176094639281
syria,1956,910.394234542173
syria,1957,941.1639967611412
syria,1958,788.6176094639281
syria,1959,794.6413195279589
syria,1960,784.5475350963397
syria,1961,822.1550222528565
syria,1962,985.120799931096
syria,1963,953.211416889203
syria,1964,943.7688443563978
syria,1965,911.3710523903942
syria,1966,814.6660854164938
syria,1967,854.0644052947496
syria,1968,857.9716766876344
syria,1969,986.4232237287242
syria,1970,918.6971862520534
syria,1971,975.5154244235873
syria,1972,1179.1819457777108
syria,1973,1042.4274470267405
syria,1974,1251.1408605966737
syria,1975,1445.364809417992
syria,1976,1550.8611370258834
syria,1977,1480.530251953956
syria,1978,1556.559241140507
syria,1979,1559.6524976598744
syria,1980,1688.918059574482
syria,1981,1788.2278741436387
syria,1982,1761.0397773681482
syria,1983,1722.6182753381138
syria,1984,1594.1667282970238
syria,1985,1632.2626243776513
syria,1986,1497.7873672725307
syria,1987,1474.1809359405179
syria,1988,1613.8658882361517
syria,1989,1422.0839840353865
syria,1990,1479.3906311310311
syria,1991,1534.2751932508215
syria,1992,1628.4002866057847
syria,1993,1639.8307648612074
syria,1994,1623.0437431320888
syria,1995,1604.6647687951295
syria,1996,1549.456505520736
syria,1997,1437.0249828343412
syria,1998,1423.3821098344824
syria,1999,1295.9591845481646
syria,2000,1248.384883
syria,2001,1222.5370617137562
syria,2002,1225.8578191099741
syria,2003,1137.4268574770517
syria,2004,1147.9935357092925
syria,2005,1145.7614580852146
syria,2006,1123.6299728631234
syria,2007,1103.7288069929834
syria,2008,1074.5612865298574
syria,2009,1072.3047721792766
syria,2010,1061.5750793284653
syria,2011,973.3989857524414
syria,2012,786.175564843375
syria,2013,671.3994676773822
syria,2014,575.671318551703
syria,2015,496.3862698710811
syria,2016,503.2239948086296
syria,2017,527.7088784315476
syria,2018,545.3020028096131
tajikistan,1973,1678.1582837086971
tajikistan,1980,1477.355216514505
tajikistan,1981,1445.4735515566563
tajikistan,1982,1413.5918865988074
tajikistan,1983,1426.1902864611832
tajikistan,1984,1406.1356907618913
tajikistan,1985,1379.139119628229
tajikistan,1986,1367.5691605709453
tajikistan,1987,1295.8354144157856
tajikistan,1988,1417.962760020448
tajikistan,1989,1275.7808187164937
tajikistan,1990,1234.900296714091
tajikistan,1991,1097.9557159210874
tajikistan,1992,728.3169413206359
tajikistan,1993,638.2538603387663
tajikistan,1994,495.7903576533981
tajikistan,1995,428.39290359780784
tajikistan,1996,400.9688096214689
tajikistan,1997,399.1976288669397
tajikistan,1998,408.63336756549677
tajikistan,1999,416.85806579401793
tajikistan,2000,443.0924851580466
tajikistan,2001,474.4912714468846
tajikistan,2002,509.8196272078981
tajikistan,2003,549.1638129136144
tajikistan,2004,591.6856750189036
tajikistan,2005,621.4011608200074
tajikistan,2006,649.1633290000001
tajikistan,2007,680.624541645707
tajikistan,2008,720.3652427038264
tajikistan,2009,733.763846645624
tajikistan,2010,765.1411385216355
tajikistan,2011,799.8698361602201
tajikistan,2012,844.6070111817174
tajikistan,2013,892.4295086184904
tajikistan,2014,934.0813612247122
tajikistan,2015,974.1905526232961
tajikistan,2016,1026.1268132804366
tajikistan,2017,1081.1240223057723
tajikistan,2018,1141.667484037868
thailand,1820,331.862761336241
thailand,1870,353.7678940977091
thailand,1890,456.35693253058446
thailand,1913,489.579717218811
thailand,1929,461.468130174927
thailand,1938,480.8176641142238
thailand,1950,475.3413809238568
thailand,1951,493.96074377110466
thailand,1952,505.6434812438876
thailand,1953,543.9774635764567
thailand,1954,522.4374163610131
thailand,1955,549.8188323128481
thailand,1956,541.056779208261
thailand,1957,529.7391272815024
thailand,1958,531.9296405576492
thailand,1959,577.2002482646833
thailand,1960,627.2169680700353
thailand,1961,639.9949621808917
thailand,1962,668.4716347708002
thailand,1963,701.3293339130022
thailand,1964,726.8853221347149
thailand,1965,761.2033634610149
thailand,1966,821.8075641010765
thailand,1967,864.8876585319637
thailand,1968,908.3328385088753
thailand,1969,952.1431040318114
thailand,1970,985.7309742660625
thailand,1971,1003.9852515672858
thailand,1972,1017.1283312241667
thailand,1973,1090.5105259750846
thailand,1974,1111.6854876445038
thailand,1975,1140.1621602344123
thailand,1976,1216.8301248995504
thailand,1977,1308.8316824977162
thailand,1978,1409.5952932004693
thailand,1979,1452.6753876313564
thailand,1980,1486.2632578656076
thailand,1981,1544.311859683498
thailand,1982,1597.2492638570457
thailand,1983,1656.758207859034
thailand,1984,1723.203777235487
thailand,1985,1775.0459247709614
thailand,1986,1844.7772640616347
thailand,1987,1990.8114824714216
thailand,1988,2223.005889742983
thailand,1989,2458.851152474789
thailand,1990,2696.156757390693
thailand,1991,2865.828366460725
thailand,1992,3070.0119868076595
thailand,1993,3272.7335125598756
thailand,1994,3468.1365334564853
thailand,1995,3680.13835124587
thailand,1996,3818.1955600006863
thailand,1997,3649.255728399106
thailand,1998,3314.154512235409
thailand,1999,3412.4768324004513
thailand,2000,3514.71663
thailand,2001,3584.6729350041333
thailand,2002,3751.764484520411
thailand,2003,3968.054743167617
thailand,2004,4165.014817409466
thailand,2005,4286.881248877744
thailand,2006,4447.001672435457
thailand,2007,4634.65681136578
thailand,2008,4661.4593841843935
thailand,2009,4579.4135268835425
thailand,2010,4871.536032872483
thailand,2011,4862.209301953859
thailand,2012,5194.0720632901
thailand,2013,5316.375721208296
thailand,2014,5345.582564890255
thailand,2015,5483.584901287503
thailand,2016,5642.032028262122
thailand,2017,5853.130259325097
thailand,2018,6078.171874070392
togo,1950,480.11987312941176
togo,1951,488.3978019764706
togo,1952,496.12386890039215
togo,1953,503.8499358243137
togo,1954,512.1278646713725
togo,1955,518.7502077490196
togo,1956,527.0281365960784
togo,1957,534.75420352
togo,1958,541.9284085207843
togo,1959,549.1026135215686
togo,1960,583.8699146792156
togo,1961,608.7037012203922
togo,1962,616.4297681443137
togo,1963,630.7781781458824
togo,1964,703.623952
togo,1965,779.2290354698039
togo,1966,829.4484704752941
togo,1967,853.178533170196
togo,1968,872.49370048
togo,1969,942.0283027952942
togo,1970,900.0867966368628
togo,1971,937.613407410196
togo,1972,943.1320266415686
togo,1973,878.0123197113726
togo,1974,889.601420097255
togo,1975,858.6971524015686
togo,1976,830.5521943215687
togo,1977,851.5229474007843
togo,1978,910.5721731764706
togo,1979,937.0615454870589
togo,1980,867.5269431717647
togo,1981,785.2995166243137
togo,1982,730.1133243105883
togo,1983,668.3047889192156
togo,1984,683.7569227670589
togo,1985,684.308784690196
togo,1986,682.6531989207843
togo,1987,642.9191404549019
togo,1988,683.7569227670589
togo,1989,687.6199562290196
togo,1990,703.623952
togo,1991,689.368199615326
togo,1992,652.2297685187275
togo,1993,553.608510937792
togo,1994,632.3110298235883
togo,1995,646.0082979420474
togo,1996,670.9206144348863
togo,1997,676.7631766151404
togo,1998,648.3564704249964
togo,1999,652.8598292763733
togo,2000,634.843137885519
togo,2001,615.6297339143417
togo,2002,596.9736001131482
togo,2003,615.030135934853
togo,2004,619.0819061745268
togo,2005,617.9773545353676
togo,2006,631.8164511680728
togo,2007,632.389946078597
togo,2008,634.838722990134
togo,2009,643.4096353321863
togo,2010,657.3475152491332
togo,2011,677.1345796894118
togo,2012,697.001608922353
togo,2013,713.0056046933333
togo,2014,736.1838054650981
togo,2015,756.0508346980392
togo,2016,772.6066923921569
togo,2017,782.4431344963476
togo,2018,800.9508174402171
trinidad and tobago,1950,3060.2219928050067
trinidad and tobago,1951,3243.64718397211
trinidad and tobago,1952,3282.8406008881575
trinidad and tobago,1953,3293.814757624651
trinidad and tobago,1954,3260.369708522957
trinidad and tobago,1955,3595.3427784321116
trinidad and tobago,1956,4214.076186813451
trinidad and tobago,1957,4451.327003878594
trinidad and tobago,1958,4672.377875285103
trinidad and tobago,1959,4783.687179326678
trinidad and tobago,1960,5206.9760820199945
trinidad and tobago,1961,5306.788650432863
trinidad and tobago,1962,5425.936637857647
trinidad and tobago,1963,5595.774777827188
trinidad and tobago,1964,5665.277770491645
trinidad and tobago,1965,5856.0190661497445
trinidad and tobago,1966,6025.8572061192845
trinidad and tobago,1967,6103.198882166952
trinidad and tobago,1968,6400.546271836701
trinidad and tobago,1969,6578.223095189451
trinidad and tobago,1970,6867.209222583776
trinidad and tobago,1971,6890.20269384119
trinidad and tobago,1972,7187.027504618725
trinidad and tobago,1973,7234.5821838101965
trinidad and tobago,1974,7540.813414647582
trinidad and tobago,1975,7595.161619437836
trinidad and tobago,1976,8202.398292190468
trinidad and tobago,1977,8576.56477901567
trinidad and tobago,1978,9428.368373324442
trinidad and tobago,1979,9703.244870628989
trinidad and tobago,1980,10312.571858950478
trinidad and tobago,1981,10607.306354159156
trinidad and tobago,1982,9809.328385748426
trinidad and tobago,1983,8874.434747577634
trinidad and tobago,1984,9239.194814342984
trinidad and tobago,1985,8711.912712099089
trinidad and tobago,1986,8293.849598327914
trinidad and tobago,1987,7801.580281862353
trinidad and tobago,1988,7419.575111653941
trinidad and tobago,1989,7300.427124229157
trinidad and tobago,1990,7374.63332692354
trinidad and tobago,1991,7347.843999366752
trinidad and tobago,1992,7418.50476556691
trinidad and tobago,1993,7183.263421115997
trinidad and tobago,1994,6976.896546259697
trinidad and tobago,1995,7414.171071071668
trinidad and tobago,1996,7840.911816379614
trinidad and tobago,1997,8325.555243586872
trinidad and tobago,1998,8891.029135784109
trinidad and tobago,1999,9489.988733720855
trinidad and tobago,2000,10023.020667
trinidad and tobago,2001,10313.972109092165
trinidad and tobago,2002,11001.565529068985
trinidad and tobago,2003,12444.728595195586
trinidad and tobago,2004,13275.212224891367
trinidad and tobago,2005,13927.68536461172
trinidad and tobago,2006,15568.89140770999
trinidad and tobago,2007,16098.656177755018
trinidad and tobago,2008,16426.903709579266
trinidad and tobago,2009,15498.364212674684
trinidad and tobago,2010,15800.69261531346
trinidad and tobago,2011,15544.109148904528
trinidad and tobago,2012,15759.411652496685
trinidad and tobago,2013,16193.152133034278
trinidad and tobago,2014,16117.378193663253
trinidad and tobago,2015,16044.217148753298
trinidad and tobago,2016,15247.806917019208
trinidad and tobago,2017,14923.045613500695
trinidad and tobago,2018,14919.31816277831
tunisia,1,423.090503012645
tunisia,1820,259.69264745847835
tunisia,1870,382.52537413956884
tunisia,1913,533.4124890132541
tunisia,1950,673.6844299762278
tunisia,1951,668.376843020872
tunisia,1952,737.3754734404969
tunisia,1953,751.7817808907482
tunisia,1954,754.8146877223801
tunisia,1955,703.2552715846384
tunisia,1956,738.8919268563128
tunisia,1957,700.2223647530066
tunisia,1958,780.215282437297
tunisia,1959,735.479906670727
tunisia,1960,811.6816908154776
tunisia,1961,867.7904672006671
tunisia,1962,833.2911519908546
tunisia,1963,940.2011178058779
tunisia,1964,960.2941255654389
tunisia,1965,998.9636876687451
tunisia,1966,999.3428010226992
tunisia,1967,969.7719594142885
tunisia,1968,1048.627537036717
tunisia,1969,1063.4129578409222
tunisia,1970,1103.9780867139984
tunisia,1971,1197.6190851406323
tunisia,1972,1381.868175162268
tunisia,1973,1342.0612729970999
tunisia,1974,1415.9883770181264
tunisia,1975,1478.1629670665798
tunisia,1976,1552.4691844415604
tunisia,1977,1566.4963785378577
tunisia,1978,1631.7038754179428
tunisia,1979,1698.8069390677979
tunisia,1980,1779.1789701060422
tunisia,1981,1831.1174995977378
tunisia,1982,1786.761237185122
tunisia,1983,1836.4250865530937
tunisia,1984,1853.8643008349768
tunisia,1985,1910.3521905741202
tunisia,1986,1835.2877464912317
tunisia,1987,1911.8686439899361
tunisia,1988,1872.819968532676
tunisia,1989,1904.2863769108565
tunisia,1990,2015.3665896193736
tunisia,1991,2064.7378393007634
tunisia,1992,2195.049297203969
tunisia,1993,2215.185258506533
tunisia,1994,2262.8687713587906
tunisia,1995,2293.1609519457697
tunisia,1996,2421.9254757195013
tunisia,1997,2532.516404733405
tunisia,1998,2632.813685872086
tunisia,1999,2766.570071
tunisia,2000,2861.7135714710244
tunisia,2001,2975.317428042807
tunisia,2002,3001.3189174237414
tunisia,2003,3139.7088638750165
tunisia,2004,3300.2136296024896
tunisia,2005,3405.7209139192187
tunisia,2006,3571.2565896763313
tunisia,2007,3765.7095156196388
tunisia,2008,3902.942180646634
tunisia,2009,3993.283528085794
tunisia,2010,4064.781842404714
tunisia,2011,3956.8060752177203
tunisia,2012,4071.298308111823
tunisia,2013,4131.5773313905065
tunisia,2014,4185.411427651972
tunisia,2015,4192.993694731052
tunisia,2016,4197.922168332454
tunisia,2017,4234.0369234548
tunisia,2018,4304.4099914278495
turkey,1,477.0625174313015
turkey,1000,408.45486442278656
turkey,1120,395.15880763819064
turkey,1348,395.15880763819064
turkey,1450,415.3688139507764
turkey,1500,408.45486442278656
turkey,1650,442.4927697913521
turkey,1700,477.0625174313015
turkey,1750,490.89041648728124
turkey,1820,518.0143723278569
turkey,1870,619.5962461621697
turkey,1913,783.4036657483914
turkey,1918,442.4927697913521
turkey,1923,531.3104291124529
turkey,1924,576.5170221800789
turkey,1925,637.6788833892201
turkey,1926,735.0060190524623
turkey,1927,663.7391546870282
turkey,1928,723.8373313534017
turkey,1929,826.4828897304822
turkey,1930,850.9476342141387
turkey,1931,887.6447509396233
turkey,1932,820.6326247452599
turkey,1933,913.7050222374314
turkey,1934,920.6189717654213
turkey,1935,924.873709936492
turkey,1936,1081.7671799947238
turkey,1937,1098.7861326790066
turkey,1938,1174.8395774868952
turkey,1939,1236.0014386960363
turkey,1940,1141.3335143897134
turkey,1941,1027.5192683135724
turkey,1942,1060.4934891393702
turkey,1943,953.0613503198354
turkey,1944,902.004492266987
turkey,1945,772.2349780493308
turkey,1946,973.803198903805
turkey,1947,1005.1818929154513
turkey,1948,1115.8050853632892
turkey,1949,1034.965060112946
turkey,1950,1105.7000822069965
turkey,1951,1222.7053819114406
turkey,1952,1341.3062084300361
turkey,1953,1459.9070349486317
turkey,1954,1387.57648604043
turkey,1955,1464.6936153910863
turkey,1956,1476.9259876329145
turkey,1957,1552.979432440803
turkey,1958,1581.1670728241463
turkey,1959,1611.482082293025
turkey,1960,1617.3323472782472
turkey,1961,1607.2273441219545
turkey,1962,1671.0484166880149
turkey,1963,1794.4358236490648
turkey,1964,1836.451363088388
turkey,1965,1851.3429466871355
turkey,1966,2033.7648457717914
turkey,1967,2089.6082842670944
turkey,1968,2192.2538426441747
turkey,1969,2269.370971994831
turkey,1970,2339.0423095461138
turkey,1971,2507.6363095747897
turkey,1972,2621.4505556509307
turkey,1973,2685.8034704883753
turkey,1974,2846.9516787176776
turkey,1975,3041.605950044162
turkey,1976,3249.556278155242
turkey,1977,3335.1828838480396
turkey,1978,3377.198423287363
turkey,1979,3299.5494516653225
turkey,1980,3228.2825872998887
turkey,1981,3297.953924851171
turkey,1982,3393.6855337002617
turkey,1983,3451.124499009716
turkey,1984,3582.489540041524
turkey,1985,3700.5585242887355
turkey,1986,3894.680953343836
turkey,1987,4168.579723106512
turkey,1988,4264.843174226986
turkey,1989,4250.483432899623
turkey,1990,4577.034587529299
turkey,1991,4604.891634756749
turkey,1992,4866.5879218132495
turkey,1993,5246.783932172553
turkey,1994,4950.757705156272
turkey,1995,5298.498094088605
turkey,1996,5661.2663246096145
turkey,1997,6080.2531551641605
turkey,1998,6261.288701
turkey,1999,5930.931417155167
turkey,2000,6331.054759659817
turkey,2001,5824.200512370451
turkey,2002,6251.249380364225
turkey,2003,6584.31730471362
turkey,2004,7139.34141065408
turkey,2005,7705.2022815320315
turkey,2006,8203.767394732291
turkey,2007,8557.786128494083
turkey,2008,8606.661369549714
turkey,2009,8077.844004268602
turkey,2010,8790.352510215027
turkey,2011,9530.08166092697
turkey,2012,9663.574071044311
turkey,2013,9992.252594759524
turkey,2014,10252.32346546622
turkey,2015,10549.623295169784
turkey,2016,9523.167711398979
turkey,2017,10102.782076599142
turkey,2018,10248.717681234692
turkmenistan,1973,4156.966499674853
turkmenistan,1980,3654.4344777461374
turkmenistan,1981,3602.0198475019592
turkmenistan,1982,3552.8473593347408
turkmenistan,1983,3531.2330788216777
turkmenistan,1984,3411.814178987004
turkmenistan,1985,3342.6484813452025
turkmenistan,1986,3352.374907576081
turkmenistan,1987,3346.971337447815
turkmenistan,1988,3566.896641668232
turkmenistan,1989,3196.2117308692004
turkmenistan,1990,3131.909246342838
turkmenistan,1991,2949.137215217637
turkmenistan,1992,2479.0302884862026
turkmenistan,1993,2488.011292217887
turkmenistan,1994,2036.943196404981
turkmenistan,1995,1877.027456386825
turkmenistan,1996,1743.7238669647677
turkmenistan,1997,1543.3399256848086
turkmenistan,1998,1641.4448213984467
turkmenistan,1999,1905.925911539894
turkmenistan,2000,2255.014968
turkmenistan,2001,2709.3838346257567
turkmenistan,2002,3131.715258175233
turkmenistan,2003,3666.085115299691
turkmenistan,2004,4204.919834349733
turkmenistan,2005,4750.643673027703
turkmenistan,2006,5269.753686002834
turkmenistan,2007,5851.729158064418
turkmenistan,2008,6714.86465000386
turkmenistan,2009,7126.470311062936
turkmenistan,2010,7779.6004808948355
turkmenistan,2011,8925.61713786939
turkmenistan,2012,9799.374427609966
turkmenistan,2013,10672.591360337714
turkmenistan,2014,11642.532198361418
turkmenistan,2015,12252.595265842623
turkmenistan,2016,12867.521546439268
turkmenistan,2017,13546.543841147673
turkmenistan,2018,14221.313634236538
uganda,1950,463.1871632932731
uganda,1951,432.73102104933184
uganda,1952,447.53609019569217
uganda,1953,455.1501257566775
uganda,1954,436.9610408054348
uganda,1955,453.035115878626
uganda,1956,465.30217317132457
uganda,1957,472.0702047810893
uganda,1958,461.9181573664422
uganda,1959,472.0702047810893
uganda,1960,480.9532462689055
uganda,1961,462.3411593420525
uganda,1962,467.84018502498634
uganda,1963,506.3333648055232
uganda,1964,529.1754714884792
uganda,1965,525.3684537079864
uganda,1966,541.4425287811777
uganda,1967,554.1325880494866
uganda,1968,551.5945761958247
uganda,1969,593.8947737568543
uganda,1970,584.5887302934278
uganda,1971,585.8577362202586
uganda,1972,576.9746947324425
uganda,1973,563.0156295373027
uganda,1974,550.7485722446041
uganda,1975,525.7914556835967
uganda,1976,515.6394082689496
uganda,1977,510.56338456162615
uganda,1978,469.9551949030378
uganda,1979,408.61990843954504
uganda,1980,385.7778017565891
uganda,1981,390.43082348830234
uganda,1982,411.1579202932068
uganda,1983,428.9240032688392
uganda,1984,379.4327721224347
uganda,1985,374.7797503907214
uganda,1986,362.93569507363316
uganda,1987,370.9727326102288
uganda,1988,381.54778200048617
uganda,1989,392.9688353419641
uganda,1990,394.237841268795
uganda,1991,387.2182503841348
uganda,1992,395.43337175246234
uganda,1993,405.73846128188524
uganda,1994,420.68959301042383
uganda,1995,446.1460634036392
uganda,1996,461.7182889329663
uganda,1997,468.47506869017985
uganda,1998,481.22320612974005
uganda,1999,501.4397818502804
uganda,2000,504.1988545363961
uganda,2001,531.24158233815
uganda,2002,550.3504427851598
uganda,2003,564.720539
uganda,2004,577.2645356861306
uganda,2005,613.817024702765
uganda,2006,635.0890326526508
uganda,2007,664.0411067719144
uganda,2008,710.3893063389418
uganda,2009,743.377834510269
uganda,2010,774.6395840167602
uganda,2011,799.4737339034576
uganda,2012,793.9747082205239
uganda,2013,799.0507319278474
uganda,2014,813.4327990985975
uganda,2015,826.5458603425166
uganda,2016,837.5439117083843
uganda,2017,842.5755625084662
uganda,2018,865.2168278534024
ukraine,1973,2141.1922778983544
ukraine,1980,2309.7815029895996
ukraine,1981,2371.9794695281175
ukraine,1982,2437.1782151540197
ukraine,1983,2533.7487421480337
ukraine,1984,2585.0347847324256
ukraine,1985,2560.7557539344953
ukraine,1986,2566.4845140104117
ukraine,1987,2631.9560577351667
ukraine,1988,2647.232751270943
ukraine,1989,2750.3504326374327
ukraine,1990,2620.771335682188
ukraine,1991,2427.6566612703186
ukraine,1992,2217.9240541898516
ukraine,1993,1934.2087118196507
ukraine,1994,1523.6901295490848
ukraine,1995,1370.5872160527747
ukraine,1996,1264.8628397325035
ukraine,1997,1258.2550969022727
ukraine,1998,1265.837520059896
ukraine,1999,1296.1500264101612
ukraine,2000,1409.222656
ukraine,2001,1580.4993788419067
ukraine,2002,1708.529691870723
ukraine,2003,1917.6534681541693
ukraine,2004,2195.8597620372707
ukraine,2005,2317.8771412105953
ukraine,2006,2552.295712013052
ukraine,2007,2825.0475715884436
ukraine,2008,2952.7874910410305
ukraine,2009,2559.1803449136187
ukraine,2010,2619.19145277249
ukraine,2011,2818.822755449573
ukraine,2012,2832.46266039223
ukraine,2013,2838.1914204681466
ukraine,2014,2678.331734540202
ukraine,2015,2444.5437638230546
ukraine,2016,2513.5616828329007
ukraine,2017,2587.321051039294
ukraine,2018,2677.066960714489
united arab emirates,1950,26609.527266669476
united arab emirates,1951,28143.838822193426
united arab emirates,1952,29048.36409184115
united arab emirates,1953,31022.25802139951
united arab emirates,1954,33491.7388101457
united arab emirates,1955,33152.541834027805
united arab emirates,1956,34322.29589185495
united arab emirates,1957,34161.67925518852
united arab emirates,1958,34313.84238466198
united arab emirates,1959,36089.07889518555
united arab emirates,1960,37785.063775775045
united arab emirates,1961,39043.579659128365
united arab emirates,1962,40845.23337962997
united arab emirates,1963,42150.24355254462
united arab emirates,1964,43247.0861108324
united arab emirates,1965,44069.18968534868
united arab emirates,1966,44605.98739210224
united arab emirates,1967,44820.495137123835
united arab emirates,1968,44423.18029905427
united arab emirates,1969,42942.75985188551
united arab emirates,1970,41353.50049960725
united arab emirates,1971,41781.459301251336
united arab emirates,1972,41781.459301251336
united arab emirates,1973,41917.77210473797
united arab emirates,1974,47917.648834948006
united arab emirates,1975,42892.03880872769
united arab emirates,1976,43116.05674934138
united arab emirates,1977,44291.094249164125
united arab emirates,1978,37973.15431081861
united arab emirates,1979,41775.119170856604
united arab emirates,1980,46671.81321238414
united arab emirates,1981,44862.762673088684
united arab emirates,1982,38711.77950180431
united arab emirates,1983,34592.808122029965
united arab emirates,1984,33956.681705759016
united arab emirates,1985,31237.82245482023
united arab emirates,1986,23193.25367231071
united arab emirates,1987,22705.063631916728
united arab emirates,1988,21360.95598823459
united arab emirates,1989,22266.537946281438
united arab emirates,1990,23515.54363404267
united arab emirates,1991,0.0
united arab emirates,1992,0.0
united arab emirates,1993,27007.641383844133
united arab emirates,1994,29940.82409334771
united arab emirates,1995,33010.857989077274
united arab emirates,1996,35972.56980599337
united arab emirates,1997,40332.17586846411
united arab emirates,1998,41916.498583879344
united arab emirates,1999,44774.465050776234
united arab emirates,2000,51659.4163759337
united arab emirates,2001,54169.415353000004
united arab emirates,2002,57143.03192708943
united arab emirates,2003,63214.55255343525
united arab emirates,2004,68606.20377353358
united arab emirates,2005,69317.76347620839
united arab emirates,2006,71676.15281718469
united arab emirates,2007,69120.94797072212
united arab emirates,2008,67482.32415185284
united arab emirates,2009,62197.245451585564
united arab emirates,2010,63520.07773103979
united arab emirates,2011,69009.1492814067
united arab emirates,2012,72124.26668201592
united arab emirates,2013,74804.02846218723
united arab emirates,2014,76716.63446459656
united arab emirates,2015,78983.23108071148
united arab emirates,2016,80177.28897171842
united arab emirates,2017,80988.29562734248
united arab emirates,2018,80728.68810443988
united kingdom,1000,1402.3125559586167
united kingdom,1252,1608.2124881541042
united kingdom,1253,1617.9592305065532
united kingdom,1254,1604.5574597719358
united kingdom,1255,1565.5704903621393
united kingdom,1256,1529.020206540455
united kingdom,1257,1510.7450646296131
united kingdom,1258,1727.610081971606
united kingdom,1259,1451.0462677208623
united kingdom,1260,1574.0988899205322
united kingdom,1261,1566.7888331561956
united kingdom,1262,1485.159865954434
united kingdom,1263,1468.1030668376482
united kingdom,1264,1440.081182574357
united kingdom,1265,1443.7362109565254
united kingdom,1266,1706.8982544726514
united kingdom,1267,1599.6840885957113
united kingdom,1268,1475.413123601985
united kingdom,1269,1492.469922718771
united kingdom,1270,1452.2646105149183
united kingdom,1271,1433.9894686040761
united kingdom,1272,1486.3782087484904
united kingdom,1273,1399.8758703705043
united kingdom,1274,1392.5658136061675
united kingdom,1275,1588.719003449206
united kingdom,1276,1396.220841988336
united kingdom,1277,1488.8148943366025
united kingdom,1278,1541.2036344810165
united kingdom,1279,1276.8232481708342
united kingdom,1280,1289.0066761113956
united kingdom,1281,1362.107243754764
united kingdom,1282,1313.3735319925183
united kingdom,1283,1241.491307143206
united kingdom,1284,1276.8232481708342
united kingdom,1285,1285.3516477292271
united kingdom,1286,1259.7664490540483
united kingdom,1287,1370.635643313157
united kingdom,1288,1321.9019315509115
united kingdom,1289,1212.2510800858588
united kingdom,1290,1223.2161652323641
united kingdom,1291,1225.6528508204765
united kingdom,1292,1291.443361699508
united kingdom,1293,1323.1202743449676
united kingdom,1294,1313.3735319925183
united kingdom,1295,1407.1859271348412
united kingdom,1296,1464.4480384554797
united kingdom,1297,1402.3125559586167
united kingdom,1298,1475.413123601985
united kingdom,1299,1421.8060406635148
united kingdom,1300,1412.0592983110657
united kingdom,1301,1423.024383457571
united kingdom,1302,1460.7930100733113
united kingdom,1303,1521.7101497761182
united kingdom,1304,1376.7273572834376
united kingdom,1305,1415.7143266932342
united kingdom,1306,1375.5090144893816
united kingdom,1307,1442.5178681624693
united kingdom,1308,1460.7930100733113
united kingdom,1309,1497.3432938949954
united kingdom,1310,1477.8498091900972
united kingdom,1311,1531.4568921285675
united kingdom,1312,1491.2515799247149
united kingdom,1313,1518.0551213939498
united kingdom,1314,1519.273464188006
united kingdom,1315,1365.7622721369323
united kingdom,1316,1306.0634752281817
united kingdom,1317,1384.0374140477745
united kingdom,1318,1547.2953484512973
united kingdom,1319,1574.0988899205322
united kingdom,1320,1542.4219772750725
united kingdom,1321,1321.9019315509115
united kingdom,1322,1408.4042699288973
united kingdom,1323,1480.2864947782095
united kingdom,1324,1366.9806149309886
united kingdom,1325,1498.5616366890517
united kingdom,1326,1516.8367785998937
united kingdom,1327,1488.8148943366025
united kingdom,1328,1382.8190712537184
united kingdom,1329,1453.4829533089744
united kingdom,1330,1414.495983899178
united kingdom,1331,1347.4871302260904
united kingdom,1332,1416.9326694872902
united kingdom,1333,1458.3563244851991
united kingdom,1334,1408.4042699288973
united kingdom,1335,1348.7054730201464
united kingdom,1336,1412.0592983110657
united kingdom,1337,1563.133804774027
united kingdom,1338,1592.3740318313744
united kingdom,1339,1298.7534184638448
united kingdom,1340,1454.7012961030307
united kingdom,1341,1468.1030668376482
united kingdom,1342,1536.330263304792
united kingdom,1343,1492.469922718771
united kingdom,1344,1592.3740318313744
united kingdom,1345,1481.5048375722656
united kingdom,1346,1407.1859271348412
united kingdom,1347,1460.7930100733113
united kingdom,1348,1497.3432938949954
united kingdom,1349,1405.967584340785
united kingdom,1350,1600.9024313897673
united kingdom,1351,1850.662704171276
united kingdom,1352,1917.6715578443636
united kingdom,1353,1923.7632718146444
united kingdom,1354,1842.134304612883
united kingdom,1355,1899.3964159335214
united kingdom,1356,1872.5928744642865
united kingdom,1357,1909.1431582859707
united kingdom,1358,1918.8899006384197
united kingdom,1359,1939.6017281373743
united kingdom,1360,1926.1999574027566
united kingdom,1361,1859.1911037296688
united kingdom,1362,1810.4573919674233
united kingdom,1363,1758.0686518230093
united kingdom,1364,1953.0034988719917
united kingdom,1365,1865.2828176999496
united kingdom,1366,1922.5449290205881
united kingdom,1367,1804.3656779971427
united kingdom,1368,1792.1822500565813
united kingdom,1369,1672.7846562390796
united kingdom,1370,1875.0295600523987
united kingdom,1371,1814.1124203495917
united kingdom,1372,1641.10774359362
united kingdom,1373,1776.3437937338515
united kingdom,1374,1633.797686829283
united kingdom,1375,1576.5355755086446
united kingdom,1376,1821.4224771139286
united kingdom,1377,1875.0295600523987
united kingdom,1378,1855.5360753475006
united kingdom,1379,1703.2432260904832
united kingdom,1380,1781.217164910076
united kingdom,1381,1827.5141910842094
united kingdom,1382,1892.0863591691848
united kingdom,1383,1809.2390491733672
united kingdom,1384,2046.8158940143144
united kingdom,1385,1866.5011604940057
united kingdom,1386,2088.239549012223
united kingdom,1387,2105.296348129009
united kingdom,1388,1948.1301276957672
united kingdom,1389,2017.575666956967
united kingdom,1390,1893.3047019632409
united kingdom,1391,2123.571490039851
united kingdom,1392,2396.4802759084264
united kingdom,1393,1985.8987543115074
united kingdom,1394,2186.9253153307704
united kingdom,1395,2099.2046341587284
united kingdom,1396,2117.4797760695706
united kingdom,1397,2077.2744638657177
united kingdom,1398,2229.5673131227354
united kingdom,1399,2146.720003126918
united kingdom,1400,2091.8945773943915
united kingdom,1401,2066.309378719213
united kingdom,1402,2122.3531472457953
united kingdom,1403,2156.466745479367
united kingdom,1404,2194.2353720951073
united kingdom,1405,2199.108743271332
united kingdom,1406,2039.5058372499775
united kingdom,1407,2043.160865632146
united kingdom,1408,1890.8680163751285
united kingdom,1409,1957.8768700482162
united kingdom,1410,2080.929492247886
united kingdom,1411,2038.2874944559214
united kingdom,1412,1991.9904682817883
united kingdom,1413,1806.8023635852549
united kingdom,1414,2054.1259507786513
united kingdom,1415,2102.859662540897
united kingdom,1416,2028.5407521034724
united kingdom,1417,2218.60222797623
united kingdom,1418,2106.5146909230652
united kingdom,1419,2218.60222797623
united kingdom,1420,2166.213487831816
united kingdom,1421,2023.6673809272477
united kingdom,1422,2090.6762346003356
united kingdom,1423,2207.637142829725
united kingdom,1424,2225.912284740567
united kingdom,1425,2150.3750315090865
united kingdom,1426,2085.802863424111
united kingdom,1427,2032.1957804856409
united kingdom,1428,1909.1431582859707
united kingdom,1429,1976.1520119590584
united kingdom,1430,2033.414123279697
united kingdom,1431,2048.0342368083707
united kingdom,1432,2027.3224093094161
united kingdom,1433,2091.8945773943915
united kingdom,1434,2221.0389135643422
united kingdom,1435,1977.3703547531145
united kingdom,1436,1845.7893329950514
united kingdom,1437,1775.1254509397954
united kingdom,1438,1867.719503288062
united kingdom,1439,1955.4401844601039
united kingdom,1440,1977.3703547531145
united kingdom,1441,1751.9769378527287
united kingdom,1442,1817.7674487317602
united kingdom,1443,2202.7637716535005
united kingdom,1444,2205.2004572416126
united kingdom,1445,1905.4881299038022
united kingdom,1446,2030.9774376915846
united kingdom,1447,2084.5845206300546
united kingdom,1448,2158.9034310674792
united kingdom,1449,1984.6804115174514
united kingdom,1450,2050.470922396483
united kingdom,1451,2052.907607984595
united kingdom,1452,2026.10406651536
united kingdom,1453,2041.9425228380899
united kingdom,1454,2043.160865632146
united kingdom,1455,2026.10406651536
united kingdom,1456,2046.8158940143144
united kingdom,1457,1871.3745316702302
united kingdom,1458,1979.8070403412269
united kingdom,1459,1948.1301276957672
united kingdom,1460,1946.911784901711
united kingdom,1461,1953.0034988719917
united kingdom,1462,2134.5365751863565
united kingdom,1463,2158.9034310674792
united kingdom,1464,1967.6236124006653
united kingdom,1465,1909.1431582859707
united kingdom,1466,1893.3047019632409
united kingdom,1467,1949.3484704898233
united kingdom,1468,2033.414123279697
united kingdom,1469,2004.1738962223496
united kingdom,1470,1945.6934421076548
united kingdom,1471,1857.9727609356128
united kingdom,1472,1918.8899006384197
united kingdom,1473,1900.6147587275777
united kingdom,1474,2000.5188678401812
united kingdom,1475,1939.6017281373743
united kingdom,1476,1797.0556212328058
united kingdom,1477,1877.466245640511
united kingdom,1478,1928.636642990869
united kingdom,1479,2037.0691516618654
united kingdom,1480,2093.112920188448
united kingdom,1481,1998.0821822520688
united kingdom,1482,1907.9248154919146
united kingdom,1483,1999.300525046125
united kingdom,1484,1977.3703547531145
united kingdom,1485,1866.5011604940057
united kingdom,1486,2066.309378719213
united kingdom,1487,1885.994645198904
united kingdom,1488,1923.7632718146444
united kingdom,1489,1963.968584018497
united kingdom,1490,1973.715326370946
united kingdom,1491,1988.3354398996198
united kingdom,1492,2009.0472673985741
united kingdom,1493,1973.715326370946
united kingdom,1494,2065.0910359251566
united kingdom,1495,2021.2306953391355
united kingdom,1496,1955.4401844601039
united kingdom,1497,2083.3661778359988
united kingdom,1498,2100.4229769527847
united kingdom,1499,2105.296348129009
united kingdom,1500,2067.5277215132687
united kingdom,1501,1989.5537826936759
united kingdom,1502,2057.7809791608197
united kingdom,1503,2140.628289156637
united kingdom,1504,2141.8466319506933
united kingdom,1505,2160.1217738615355
united kingdom,1506,2163.776802243704
united kingdom,1507,2119.9164616576827
united kingdom,1508,2144.2833175388055
united kingdom,1509,2238.095712681128
united kingdom,1510,2154.0300598912545
united kingdom,1511,2191.798686506995
united kingdom,1512,2089.4578918062793
united kingdom,1513,2174.7418873902093
united kingdom,1514,2164.99514503776
united kingdom,1515,2217.383885182174
united kingdom,1516,2193.017029301051
united kingdom,1517,2193.017029301051
united kingdom,1518,2199.108743271332
united kingdom,1519,2173.523544596153
united kingdom,1520,2138.191603568525
united kingdom,1521,2182.0519441545457
united kingdom,1522,2214.9471995940617
united kingdom,1523,2250.2791406216897
united kingdom,1524,2273.427653708756
united kingdom,1525,2251.497483415746
united kingdom,1526,2256.3708545919703
united kingdom,1527,2087.021206218167
united kingdom,1528,2097.986291364672
united kingdom,1529,2121.134804451739
united kingdom,1530,2138.191603568525
united kingdom,1531,2057.7809791608197
united kingdom,1532,2121.134804451739
united kingdom,1533,2101.6413197468405
united kingdom,1534,2186.9253153307704
united kingdom,1535,2028.5407521034724
united kingdom,1536,1996.8638394580128
united kingdom,1537,2141.8466319506933
united kingdom,1538,2018.7940097510232
united kingdom,1539,2168.6501734199283
united kingdom,1540,2087.021206218167
united kingdom,1541,2021.2306953391355
united kingdom,1542,2084.5845206300546
united kingdom,1543,2009.0472673985741
united kingdom,1544,2112.606404893346
united kingdom,1545,2046.8158940143144
united kingdom,1546,2077.2744638657177
united kingdom,1547,2242.969083857353
united kingdom,1548,2138.191603568525
united kingdom,1549,2044.3792084262022
united kingdom,1550,2015.1389813688547
united kingdom,1551,1954.2218416660478
united kingdom,1552,1861.6277893177812
united kingdom,1553,2169.8685162139845
united kingdom,1554,1968.8419551947215
united kingdom,1555,1948.1301276957672
united kingdom,1556,1577.7539183027006
united kingdom,1557,1728.828424765662
united kingdom,1558,2245.405769445465
united kingdom,1559,2124.7898328339074
united kingdom,1560,2135.7549179804128
united kingdom,1561,2166.213487831816
united kingdom,1562,2146.720003126918
united kingdom,1563,2330.689765029395
united kingdom,1564,2245.405769445465
united kingdom,1565,2240.5323982692407
united kingdom,1566,2504.912784579423
united kingdom,1567,2339.218164587788
united kingdom,1568,2328.253079441283
united kingdom,1569,2308.7595947363843
united kingdom,1570,2116.2614332755143
united kingdom,1571,2116.2614332755143
united kingdom,1572,2040.7241800440338
united kingdom,1573,2331.9081078234512
united kingdom,1574,2057.7809791608197
united kingdom,1575,2285.611081649318
united kingdom,1576,2350.183249734293
united kingdom,1577,1985.8987543115074
united kingdom,1578,2258.807540180083
united kingdom,1579,2217.383885182174
united kingdom,1580,2090.6762346003356
united kingdom,1581,2015.1389813688547
united kingdom,1582,1798.273964026862
united kingdom,1583,2023.6673809272477
united kingdom,1584,1945.6934421076548
united kingdom,1585,1700.8065405023708
united kingdom,1586,1652.0728287401253
united kingdom,1587,1829.9508766723216
united kingdom,1588,2058.999321954876
united kingdom,1589,1795.8372784387498
united kingdom,1590,1898.1780731394654
united kingdom,1591,1910.3615010800268
united kingdom,1592,2061.436007542988
united kingdom,1593,2183.270286948602
united kingdom,1594,1771.470422557627
united kingdom,1595,1770.2520797635707
united kingdom,1596,1680.0947130034165
united kingdom,1597,1603.3391169778797
united kingdom,1598,1911.579843874083
united kingdom,1599,2178.3969157723777
united kingdom,1600,2060.217664748932
united kingdom,1601,2035.8508088678093
united kingdom,1602,2133.3182323923
united kingdom,1603,2252.715826209802
united kingdom,1604,2396.4802759084264
united kingdom,1605,2134.5365751863565
united kingdom,1606,2230.7856559167917
united kingdom,1607,2022.4490381331916
united kingdom,1608,1914.0165294621952
united kingdom,1609,2207.637142829725
united kingdom,1610,2337.999821793732
united kingdom,1611,2140.628289156637
united kingdom,1612,2040.7241800440338
united kingdom,1613,1963.968584018497
united kingdom,1614,1894.523044757297
united kingdom,1615,2048.0342368083707
united kingdom,1616,1932.2916713730374
united kingdom,1617,2130.881546804188
united kingdom,1618,2119.9164616576827
united kingdom,1619,1932.2916713730374
united kingdom,1620,2244.187426651409
united kingdom,1621,2232.0039987108476
united kingdom,1622,1926.1999574027566
united kingdom,1623,1910.3615010800268
united kingdom,1624,2169.8685162139845
united kingdom,1625,2190.580343712939
united kingdom,1626,2107.7330337171215
united kingdom,1627,2111.38806209929
united kingdom,1628,2372.1134200273036
united kingdom,1629,1742.2301955002795
united kingdom,1630,1725.1733963834936
united kingdom,1631,1767.8153941754586
united kingdom,1632,1985.8987543115074
united kingdom,1633,1828.7325338782655
united kingdom,1634,1850.662704171276
united kingdom,1635,1914.0165294621952
united kingdom,1636,1859.1911037296688
united kingdom,1637,1798.273964026862
united kingdom,1638,1978.5886975471706
united kingdom,1639,1998.0821822520688
united kingdom,1640,2050.470922396483
united kingdom,1641,1826.2958482901531
united kingdom,1642,1991.9904682817883
united kingdom,1643,2101.6413197468405
united kingdom,1644,2126.0081756279633
united kingdom,1645,1840.9159618188269
united kingdom,1646,1856.7544181415567
united kingdom,1647,1845.7893329950514
united kingdom,1648,1870.1561888761742
united kingdom,1649,1837.2609334366584
united kingdom,1650,1761.7236802051777
united kingdom,1651,1860.4094465237251
united kingdom,1652,2095.54960577656
united kingdom,1653,2339.218164587788
united kingdom,1654,2318.5063370888333
united kingdom,1655,2414.7554178192686
united kingdom,1656,2235.659027093016
united kingdom,1657,2104.078005334953
united kingdom,1658,2073.6194354835493
united kingdom,1659,1755.6319662348972
united kingdom,1660,1922.5449290205881
united kingdom,1661,1961.5318984303847
united kingdom,1662,2027.3224093094161
united kingdom,1663,2386.7335335559774
united kingdom,1664,2227.1306275346233
united kingdom,1665,2323.379708265058
united kingdom,1666,2601.161865309858
united kingdom,1667,2675.480775747282
united kingdom,1668,2363.585020468911
united kingdom,1669,2425.720502965774
united kingdom,1670,2356.274963704574
united kingdom,1671,2281.9560532671494
united kingdom,1672,2266.1175969444193
united kingdom,1673,2311.196280324497
united kingdom,1674,2200.327086065388
united kingdom,1675,2257.5891973860266
united kingdom,1676,2669.3890617770016
united kingdom,1677,2472.0175291399073
united kingdom,1678,2562.1748959000615
united kingdom,1679,2391.606904732202
united kingdom,1680,2691.3192320700123
united kingdom,1681,2441.5589592885035
united kingdom,1682,2619.4370072207
united kingdom,1683,2830.210310592412
united kingdom,1684,2370.895077233248
united kingdom,1685,2570.7032954584542
united kingdom,1686,2374.5501056154158
united kingdom,1687,2642.5855203077667
united kingdom,1688,2842.3937385329737
united kingdom,1689,2720.55945912736
united kingdom,1690,2906.965906617949
united kingdom,1691,2924.0227057347347
united kingdom,1692,3161.5995505756823
united kingdom,1693,2676.6991185413385
united kingdom,1694,3187.184749250861
united kingdom,1695,3048.293670728461
united kingdom,1696,2914.2759633822857
united kingdom,1697,2876.5073367665454
united kingdom,1698,2944.7345332336895
united kingdom,1699,2831.4286533864683
united kingdom,1700,2938.6428192634085
united kingdom,1701,3183.5297208686925
united kingdom,1702,3077.5338977858087
united kingdom,1703,2857.0138520616474
united kingdom,1704,3384.5562818879557
united kingdom,1705,3204.241548367647
united kingdom,1706,2704.7210028046297
united kingdom,1707,3027.581843229507
united kingdom,1708,3211.5516051319837
united kingdom,1709,2775.384884859886
united kingdom,1710,2517.0962125199844
united kingdom,1711,2747.3630005965947
united kingdom,1712,2749.799686184707
united kingdom,1713,2627.965406779093
united kingdom,1714,2880.162365148714
united kingdom,1715,2794.878369564784
united kingdom,1716,2883.8173935308823
united kingdom,1717,3025.1451576413947
united kingdom,1718,3175.0013213102998
united kingdom,1719,3097.0273824907067
united kingdom,1720,3307.800685862419
united kingdom,1721,3181.0930352805804
united kingdom,1722,3211.5516051319837
united kingdom,1723,3122.612581165886
united kingdom,1724,3079.970583373921
united kingdom,1725,3149.4161226351207
united kingdom,1726,3025.1451576413947
united kingdom,1727,2991.0315594078224
united kingdom,1728,3111.6474960193805
united kingdom,1729,2987.376531025654
united kingdom,1730,3092.154011314482
united kingdom,1731,3044.6386423462927
united kingdom,1732,3233.4817754249943
united kingdom,1733,3288.3072011575205
united kingdom,1734,3243.2285177774434
united kingdom,1735,3138.4510374886154
united kingdom,1736,3344.350969684103
united kingdom,1737,3145.7610942529523
united kingdom,1738,3190.8397776330294
united kingdom,1739,3148.1977798410644
united kingdom,1740,3077.5338977858087
united kingdom,1741,3161.5995505756823
united kingdom,1742,3268.8137164526224
united kingdom,1743,3193.276463221142
united kingdom,1744,3125.049266753998
united kingdom,1745,3139.6693802826717
united kingdom,1746,3217.6433191022647
united kingdom,1747,3350.442683654384
united kingdom,1748,3305.3640002743064
united kingdom,1749,3266.3770308645103
united kingdom,1750,3291.962229539689
united kingdom,1751,3200.5865199854784
united kingdom,1752,3335.82257012571
united kingdom,1753,3341.9142840959908
united kingdom,1754,3226.1717186606575
united kingdom,1755,3301.7089718921384
united kingdom,1756,3220.080004690377
united kingdom,1757,3390.6479958582363
united kingdom,1758,3429.634965268033
united kingdom,1759,3472.276963059998
united kingdom,1760,3551.4692446736467
united kingdom,1761,3668.4301529030363
united kingdom,1762,3553.905930261759
united kingdom,1763,3550.250901879591
united kingdom,1764,3530.7574171746924
united kingdom,1765,3475.9319914421662
united kingdom,1766,3507.608904087626
united kingdom,1767,3522.2290176162996
united kingdom,1768,3546.5958734974224
united kingdom,1769,3723.2555786355624
united kingdom,1770,3596.547928053724
united kingdom,1771,3641.626611433801
united kingdom,1772,3521.0106748222433
united kingdom,1773,3557.5609586439273
united kingdom,1774,3452.7834783550993
united kingdom,1775,3527.102388792524
united kingdom,1776,3608.7313559942854
united kingdom,1777,3675.740209667373
united kingdom,1778,3613.6047271705097
united kingdom,1779,3570.962729378545
united kingdom,1780,3714.7271790771697
united kingdom,1781,3779.299347162145
united kingdom,1782,3713.5088362831134
united kingdom,1783,3687.9236376079343
united kingdom,1784,3665.9934673149237
united kingdom,1785,3608.7313559942854
united kingdom,1786,3631.879869081352
united kingdom,1787,3530.7574171746924
united kingdom,1788,3485.6787337946153
united kingdom,1789,3518.573989234131
united kingdom,1790,3742.7490633404605
united kingdom,1791,3711.0721506950013
united kingdom,1792,3818.2863165719414
united kingdom,1793,3717.163864665282
united kingdom,1794,3563.6526726142083
united kingdom,1795,3907.2253405380397
united kingdom,1796,3938.902253183499
united kingdom,1797,3858.4916287757937
united kingdom,1798,3851.1815720114573
united kingdom,1799,3907.2253405380397
united kingdom,1800,4072.9199605296744
united kingdom,1801,4082.6667028821234
united kingdom,1802,4093.6317880286288
united kingdom,1803,3962.050766270566
united kingdom,1804,3903.5703121558713
united kingdom,1805,4077.793331705899
united kingdom,1806,4004.692764062531
united kingdom,1807,4208.156010669906
united kingdom,1808,3959.6140806824537
united kingdom,1809,4031.4963055317658
united kingdom,1810,4237.396237727254
united kingdom,1811,4138.710471408706
united kingdom,1812,3907.2253405380397
united kingdom,1813,4054.6448186188322
united kingdom,1814,3903.5703121558713
united kingdom,1815,4250.798008461871
united kingdom,1816,3959.6140806824537
united kingdom,1817,3963.2691090646217
united kingdom,1818,3899.915283773703
united kingdom,1819,3780.517689956201
united kingdom,1820,4027.8412771495973
united kingdom,1821,4030.2779627377095
united kingdom,1822,4038.8063622961026
united kingdom,1823,4092.413445234573
united kingdom,1824,4254.453036844039
united kingdom,1825,4289.784977871667
united kingdom,1826,4008.3477924446993
united kingdom,1827,4262.981436402432
united kingdom,1828,4216.684410228299
united kingdom,1829,4194.754239935289
united kingdom,1830,4325.116918899295
united kingdom,1831,4319.025204929015
united kingdom,1832,4400.654172130776
united kingdom,1833,4384.815715808047
united kingdom,1834,4433.549427570292
united kingdom,1835,4704.021527850755
united kingdom,1836,4796.615580199022
united kingdom,1837,4699.148156674531
united kingdom,1838,4828.292492844481
united kingdom,1839,4728.388383731877
united kingdom,1840,4895.301346517569
united kingdom,1841,4744.226840054607
united kingdom,1842,4639.449359765779
united kingdom,1843,4812.454036521751
united kingdom,1844,5171.865160768312
united kingdom,1845,5344.869837524284
united kingdom,1846,5280.297669439309
united kingdom,1847,5158.463390033695
united kingdom,1848,5313.192924878825
united kingdom,1849,5387.511835316249
united kingdom,1850,5277.860983851197
united kingdom,1851,5454.520688989337
united kingdom,1852,5636.053765303702
united kingdom,1853,5767.634787061765
united kingdom,1854,5980.844776021589
united kingdom,1855,5784.691586178551
united kingdom,1856,6107.552426603427
united kingdom,1857,6114.862483367764
united kingdom,1858,5944.294492199905
united kingdom,1859,6129.482596896438
united kingdom,1860,6196.491450569526
united kingdom,1861,6120.954197338045
united kingdom,1862,5804.185070883449
united kingdom,1863,6292.740531299961
united kingdom,1864,6402.391382765013
united kingdom,1865,6497.4221207013925
united kingdom,1866,6641.1865704000165
united kingdom,1867,6608.291314960501
united kingdom,1868,6866.5799873004025
united kingdom,1869,6865.361644506346
united kingdom,1870,7101.720146553237
united kingdom,1871,7062.733177143441
united kingdom,1872,7028.619578909869
united kingdom,1873,7117.558602875967
united kingdom,1874,7156.545572285763
united kingdom,1875,7249.13962463403
united kingdom,1876,7234.519511105356
united kingdom,1877,7216.244369194515
united kingdom,1878,7162.637286256045
united kingdom,1879,7049.331406408824
united kingdom,1880,7306.401735954669
united kingdom,1881,7487.9348122690335
united kingdom,1882,7637.790975937939
united kingdom,1883,7631.6992619676585
united kingdom,1884,7578.092179029188
united kingdom,1885,7470.878013152248
united kingdom,1886,7517.175039326381
united kingdom,1887,7746.223484608935
united kingdom,1888,8022.787298859679
united kingdom,1889,8377.325051930016
united kingdom,1890,8339.556425314275
united kingdom,1891,8261.582486494683
united kingdom,1892,7983.800329449882
united kingdom,1893,7902.171362248121
united kingdom,1894,8346.866482078613
united kingdom,1895,8523.526187216752
united kingdom,1896,8785.469887938822
united kingdom,1897,8807.400058231833
united kingdom,1898,9137.570955421046
united kingdom,1899,9416.571455259902
united kingdom,1900,9252.095178062324
united kingdom,1901,9157.064440125945
united kingdom,1902,9302.047232618625
united kingdom,1903,9115.640785128036
united kingdom,1904,9082.74552968852
united kingdom,1905,9263.060263208828
united kingdom,1906,9481.143623344879
united kingdom,1907,9570.082647310976
united kingdom,1908,9090.055586452858
united kingdom,1909,9207.016494682246
united kingdom,1910,9403.169684525285
united kingdom,1911,9593.231160398043
united kingdom,1912,9690.698583922534
united kingdom,1913,10005.031024789017
united kingdom,1914,9906.34525847047
united kingdom,1915,10525.26339785099
united kingdom,1916,10602.018993876527
united kingdom,1917,10556.94031049645
united kingdom,1918,10514.298312704484
united kingdom,1919,9265.496948796941
united kingdom,1920,8549.11138589193
united kingdom,1921,8274.9842572293
united kingdom,1922,9004.771590868928
united kingdom,1923,9243.566778503931
united kingdom,1924,9556.680876576358
united kingdom,1925,9989.192568466287
united kingdom,1926,9585.921103633706
united kingdom,1927,10321.800151243615
united kingdom,1928,10403.429118445376
united kingdom,1929,10687.302989460457
united kingdom,1930,10566.687052848898
united kingdom,1931,9978.227483319783
united kingdom,1932,9997.720968024681
united kingdom,1933,10247.48124080619
united kingdom,1934,10890.766236067831
united kingdom,1935,11262.360788254953
united kingdom,1936,11720.457678820063
united kingdom,1937,12074.995431890398
united kingdom,1938,12168.807827032722
united kingdom,1939,12161.497770268385
united kingdom,1940,13314.050053445493
united kingdom,1941,14529.95616191352
united kingdom,1942,14834.541860427555
united kingdom,1943,15039.223449828987
united kingdom,1944,14380.099998244616
united kingdom,1945,13702.701404749401
united kingdom,1946,13098.403378897556
united kingdom,1947,12825.494593028981
united kingdom,1948,13100.840064485668
united kingdom,1949,13508.984900494475
united kingdom,1950,13476.089645054959
united kingdom,1951,13833.064083713409
united kingdom,1952,13770.928601216545
united kingdom,1953,14265.575775603338
united kingdom,1954,14796.773233811815
united kingdom,1955,15279.236980258045
united kingdom,1956,15398.634574075548
united kingdom,1957,15569.202565243408
united kingdom,1958,15470.51679892486
united kingdom,1959,16001.714257133337
united kingdom,1960,16788.7637020936
united kingdom,1961,17200.56356648458
united kingdom,1962,17216.40202280731
united kingdom,1963,17767.092965720683
united kingdom,1964,18580.945952150185
united kingdom,1965,18939.13873360269
united kingdom,1966,19197.42740594259
united kingdom,1967,19515.414875191243
united kingdom,1968,20215.961981773522
united kingdom,1969,20492.525796024267
united kingdom,1970,20909.199031591466
united kingdom,1971,21247.898328339073
united kingdom,1972,21932.606978598626
united kingdom,1973,23353.194676468083
united kingdom,1974,23030.333836043206
united kingdom,1975,23007.18532295614
united kingdom,1976,23527.41769601811
united kingdom,1977,24050.086754668195
united kingdom,1978,24912.67345285994
united kingdom,1979,25570.578561650258
united kingdom,1980,25112.48167108515
united kingdom,1981,24755.5072324267
united kingdom,1982,25158.77869725928
united kingdom,1983,26031.112137803477
united kingdom,1984,26643.938563213716
united kingdom,1985,27508.961946993575
united kingdom,1986,28628.618974731166
united kingdom,1987,29893.25879496144
united kingdom,1988,31285.824608567607
united kingdom,1989,31876.720863684834
united kingdom,1990,31907.17943353624
united kingdom,1991,31423.512939083717
united kingdom,1992,31421.285686621904
united kingdom,1993,32102.530953820788
united kingdom,1994,33233.39770993793
united kingdom,1995,33944.51150357306
united kingdom,1996,34688.958425047895
united kingdom,1997,35648.42238151469
united kingdom,1998,36644.564669630825
united kingdom,1999,37686.43258115068
united kingdom,2000,38921.22312476086
united kingdom,2001,39791.613430382815
united kingdom,2002,40535.851649737015
united kingdom,2003,41706.830393
united kingdom,2004,42478.47511167222
united kingdom,2005,43401.78754791382
united kingdom,2006,44121.14976593327
united kingdom,2007,44855.33324587669
united kingdom,2008,44182.94630546482
united kingdom,2009,41913.86496783958
united kingdom,2010,42342.860887928706
united kingdom,2011,42606.66585093726
united kingdom,2012,42867.39120886527
united kingdom,2013,43394.933638691575
united kingdom,2014,44391.5380442295
united kingdom,2015,45006.80115522785
united kingdom,2016,45485.60987329191
united kingdom,2017,46032.436598365384
united kingdom,2018,46367.79434633173
united states,1650,945.6095395769555
united states,1720,1864.849117875434
united states,1775,2550.088602270519
united states,1800,2683.431143454476
united states,1801,2732.220800608194
united states,1802,2778.299921253372
united states,1803,2730.865532353924
united states,1804,2728.1549958453843
united states,1805,2786.4315307789916
united states,1806,2836.576456186979
united states,1807,2865.0370895266483
united states,1808,2663.1021196404276
united states,1809,2795.918408558881
united states,1810,2873.168699052268
united states,1811,2931.4452339858753
united states,1812,2879.9450403236174
united states,1813,2912.4714784260955
united states,1814,2968.0374768511633
united states,1815,2955.8400625627337
united states,1816,2836.576456186979
united states,1817,2833.8659196784397
united states,1818,2840.642260949789
united states,1819,2836.576456186979
united states,1820,2818.9579688814697
united states,1821,2862.326553018108
united states,1822,2942.2873800200346
united states,1823,2909.760941917556
united states,1824,2989.7217689194827
united states,1825,3054.7746451244393
united states,1826,3076.458937192758
united states,1827,3088.656351481188
united states,1828,3088.656351481188
united states,1829,2987.0112324109423
united states,1830,3203.854153094132
united states,1831,3400.3680499632733
united states,1832,3523.6974611018377
united states,1833,3647.0268722404016
united states,1834,3473.55253569385
united states,1835,3605.013556358034
united states,1836,3657.8690182745618
united states,1837,3542.6712166616167
united states,1838,3510.1447785591386
united states,1839,3680.9085785971506
united states,1840,3499.3026325249784
united states,1841,3428.8286833029424
united states,1842,3397.657513454734
united states,1843,3451.8682436255312
united states,1844,3640.2505309690523
united states,1845,3695.8165293941197
united states,1846,3717.5008214624386
united states,1847,3815.0801357698742
united states,1848,3914.01471833158
united states,1849,3812.3695992613343
united states,1850,3828.632818312574
united states,1851,3983.1333992993464
united states,1852,4186.423637439837
united states,1853,4472.385239090793
united states,1854,4484.582653379223
united states,1855,4387.003339071787
united states,1856,4477.806312107874
united states,1857,4381.582266054708
united states,1858,4403.266558123027
united states,1859,4521.174896244512
united states,1860,4640.438502620266
united states,1861,4545.56972482137
united states,1862,4687.872891519714
united states,1863,4990.09771222191
united states,1864,5154.085170988573
united states,1865,4888.452593151665
united states,1866,4849.149813777836
united states,1867,5009.071467781689
united states,1868,5076.834880495187
united states,1869,5211.006437667909
united states,1870,5063.282197952486
united states,1871,5185.256340836781
united states,1872,5262.506631330168
united states,1873,5393.967651994351
united states,1874,5234.045997990498
united states,1875,5381.770237705921
united states,1876,5323.4937027723145
united states,1877,5374.993896434572
united states,1878,5480.704820267628
united states,1879,6025.522658484143
united states,1880,6594.735325277516
united states,1881,6659.788201482474
united states,1882,6913.223365030951
united states,1883,6914.578633285221
united states,1884,6876.631122165663
united states,1885,6772.275466586879
united states,1886,6822.420391994866
united states,1887,6975.565704727368
united states,1888,6796.670295163736
united states,1889,7069.079214271994
united states,1890,7025.710630135356
united states,1891,7180.2112111221295
united states,1892,7720.963244575834
united states,1893,7204.606039698988
united states,1894,6863.078439622964
united states,1895,7547.488908029282
united states,1896,7258.816769869785
united states,1897,7807.70041284911
united states,1898,7829.384704917429
united states,1899,8390.465762185184
united states,1900,8473.13712569565
united states,1901,9245.640030629515
united states,1902,9154.837057593428
united states,1903,9425.890708447416
united states,1904,9133.15276552511
united states,1905,9615.628264045208
united states,1906,10520.947457897526
united states,1907,10489.776288049317
united states,1908,9462.395348020911
united states,1909,10329.09034539865
united states,1910,10159.011875083801
united states,1911,10263.489184331336
united states,1912,10517.209612028542
united states,1913,10655.732765208422
united states,1914,9589.315650770022
united states,1915,9660.794876755648
united states,1916,10776.280060253455
united states,1917,10298.476421038311
united states,1918,11038.758814166671
united states,1919,11016.066820694916
united states,1920,10703.126778583495
united states,1921,10199.174241992268
united states,1922,10552.154153990421
united states,1923,11671.207353148931
united states,1924,11729.683341064576
united states,1925,11753.991936798251
united states,1926,12278.974745214367
united states,1927,12157.35280762235
united states,1928,12071.616593928593
united states,1929,12602.05009813555
united states,1930,11274.55640954825
united states,1931,10469.134591114378
united states,1932,8834.654300007413
united states,1933,8484.367741200638
united states,1934,9136.77222571818
united states,1935,10205.455218801357
united states,1936,11140.706064445436
united states,1937,11907.194281276676
united states,1938,11096.557800469922
united states,1939,11776.842691470294
united states,1940,12655.666159029563
united states,1941,14287.877303498915
united states,1942,15675.677372246639
united states,1943,16919.99853480941
united states,1944,17920.541768907486
united states,1945,17370.490714552325
united states,1946,15625.714294827032
united states,1947,15087.107645959719
united states,1948,15532.698363546262
united states,1949,14966.007216772638
united states,1950,16065.874451675365
united states,1951,16998.83369640848
united states,1952,17335.1207010072
united states,1953,17833.753156101848
united states,1954,17406.805705122286
united states,1955,18311.301786456763
united states,1956,18339.764949855402
united states,1957,18349.25267098828
united states,1958,17864.324701974456
united states,1959,18870.023142059646
united states,1960,19035.53116626654
united states,1961,19159.925732230953
united states,1962,20004.3329130572
united states,1963,20571.487798555976
united states,1964,21463.333585046614
united states,1965,22549.150559142785
united states,1966,23749.87437807049
united states,1967,24079.836235247287
united states,1968,24974.84459544889
united states,1969,25506.15697889012
united states,1970,25256.3136557243
united states,1971,25715.941035050448
united states,1972,26791.216096776752
united states,1973,28043.595286316802
united states,1974,27710.470855429045
united states,1975,27362.587747223475
united states,1976,28524.306490382678
united states,1977,29518.408826861014
united states,1978,30873.044566388762
united states,1979,31571.973356510858
united states,1980,31215.6567184094
united states,1981,31684.771818868423
united states,1982,30792.92603237778
united states,1983,31792.29932504105
united states,1984,33814.2381175813
united states,1985,34812.55721900758
united states,1986,35684.373371995476
united states,1987,36612.06166054366
united states,1988,37806.46033204945
united states,1989,38747.853106678456
united states,1990,38986.10032623742
united states,1991,38439.984567769934
united states,1992,39258.396868559816
united states,1993,39807.879503
united states,1994,40910.29450728427
united states,1995,41525.252116100695
united states,1996,42602.76796672034
united states,1997,43983.67341393993
united states,1998,45406.924036443284
united states,1999,46991.46897536017
united states,2000,48373.11509734287
united states,2001,48364.195269029355
united states,2002,48773.52370560778
united states,2003,49713.54539911397
united states,2004,51120.597424488915
united states,2005,52345.61434253911
united states,2006,53225.967968678866
united states,2007,53660.17321006771
united states,2008,53000.25118242009
united states,2009,51078.65790199314
united states,2010,51936.75101513443
united states,2011,52366.94969730799
united states,2012,53124.91319670133
united states,2013,53619.32888684804
united states,2014,54463.73606767428
united states,2015,55440.971344360834
united states,2016,55887.94842884314
united states,2017,56934.517652348055
united states,2018,58333.397376415625
uruguay,1800,1563.7655568607543
uruguay,1820,1687.131174785025
uruguay,1850,2098.9170994425904
uruguay,1860,2552.3920949849094
uruguay,1870,3128.381911086504
uruguay,1871,3128.381911086504
uruguay,1872,3662.6826563033446
uruguay,1873,3746.060798072852
uruguay,1874,3333.424076050291
uruguay,1875,2757.4342599486968
uruguay,1876,3005.016293162233
uruguay,1877,2922.488948757721
uruguay,1878,3128.381911086504
uruguay,1879,2675.7577129091796
uruguay,1880,2922.488948757721
uruguay,1881,2634.068642024426
uruguay,1882,2881.6506752379623
uruguay,1883,3375.113146935045
uruguay,1884,3292.585802530533
uruguay,1885,3705.222524553093
uruguay,1886,3828.588142477364
uruguay,1887,3128.381911086504
uruguay,1888,3909.4138921518856
uruguay,1889,3498.4787648593156
uruguay,1890,3086.69284020175
uruguay,1891,3128.381911086504
uruguay,1892,3128.381911086504
uruguay,1893,3292.585802530533
uruguay,1894,3539.317038379074
uruguay,1895,3456.789693974562
uruguay,1896,3498.4787648593156
uruguay,1897,3375.113146935045
uruguay,1898,2922.488948757721
uruguay,1899,3005.016293162233
uruguay,1900,2881.6506752379623
uruguay,1901,3005.016293162233
uruguay,1902,3415.9514204548036
uruguay,1903,3415.9514204548036
uruguay,1904,3415.9514204548036
uruguay,1905,2881.6506752379623
uruguay,1906,3251.747529010774
uruguay,1907,3456.789693974562
uruguay,1908,3705.222524553093
uruguay,1909,3705.222524553093
uruguay,1910,3828.588142477364
uruguay,1911,3828.588142477364
uruguay,1912,4403.727161213963
uruguay,1913,4116.157651845663
uruguay,1914,3210.058458126021
uruguay,1915,3005.016293162233
uruguay,1916,2922.488948757721
uruguay,1917,3333.424076050291
uruguay,1918,3333.424076050291
uruguay,1919,3909.4138921518856
uruguay,1920,3045.8545666819914
uruguay,1921,3005.016293162233
uruguay,1922,3292.585802530533
uruguay,1923,3498.4787648593156
uruguay,1924,3622.695180148581
uruguay,1925,3580.1553118988327
uruguay,1926,3869.426415997122
uruguay,1927,4322.050614174446
uruguay,1928,4403.727161213963
uruguay,1929,4362.888887694205
uruguay,1930,5062.24432172007
uruguay,1931,4116.157651845663
uruguay,1932,3786.0482742276154
uruguay,1933,3498.4787648593156
uruguay,1934,3992.792033921393
uruguay,1935,4075.319378325905
uruguay,1936,4075.319378325905
uruguay,1937,4198.684996250176
uruguay,1938,4486.254505618475
uruguay,1939,4527.9435765032285
uruguay,1940,4239.523269769934
uruguay,1941,4445.416232098717
uruguay,1942,4116.157651845663
uruguay,1943,3992.792033921393
uruguay,1944,4527.9435765032285
uruguay,1945,4609.620123542746
uruguay,1946,5022.256845565306
uruguay,1947,4898.040430276041
uruguay,1948,4979.716977315557
uruguay,1949,5556.557590782148
uruguay,1950,5968.343515439713
uruguay,1951,6421.8185109820315
uruguay,1952,6255.913024808013
uruguay,1953,6831.902840909607
uruguay,1954,7038.646600603384
uruguay,1955,6956.119256198873
uruguay,1956,6997.808327083626
uruguay,1957,6956.119256198873
uruguay,1958,6626.009878580824
uruguay,1959,6338.440369212524
uruguay,1960,6502.644260656553
uruguay,1961,6585.171605061066
uruguay,1962,6379.278642732283
uruguay,1963,6338.440369212524
uruguay,1964,6379.278642732283
uruguay,1965,6379.278642732283
uruguay,1966,6545.184128906302
uruguay,1967,6215.0747512882535
uruguay,1968,6255.913024808013
uruguay,1969,6585.171605061066
uruguay,1970,6831.902840909607
uruguay,1971,6749.375496505095
uruguay,1972,6502.644260656553
uruguay,1973,6708.5372229853365
uruguay,1974,6956.119256198873
uruguay,1975,7285.377836451926
uruguay,1976,7532.109072300467
uruguay,1977,7614.636416704979
uruguay,1978,8068.111412247298
uruguay,1979,8479.046539539868
uruguay,1980,8972.50901123695
uruguay,1981,9055.036355641463
uruguay,1982,8148.93716192182
uruguay,1983,7614.636416704979
uruguay,1984,7491.270798780708
uruguay,1985,7572.947345820226
uruguay,1986,8191.477030171568
uruguay,1987,8767.466846273162
uruguay,1988,8725.77777538841
uruguay,1989,8767.466846273162
uruguay,1990,8767.466846273162
uruguay,1991,9006.888371480614
uruguay,1992,9656.160427499739
uruguay,1993,9853.683840909856
uruguay,1994,10502.370378182393
uruguay,1995,10288.38531195567
uruguay,1996,10771.233065567601
uruguay,1997,11253.052460404464
uruguay,1998,11693.632175524763
uruguay,1999,11357.086686
uruguay,2000,11102.959979135978
uruguay,2001,10604.269442710738
uruguay,2002,9698.733221607512
uruguay,2003,9732.003992884587
uruguay,2004,10171.545735219592
uruguay,2005,10854.046192807016
uruguay,2006,11250.757859911073
uruguay,2007,11891.077996215194
uruguay,2008,12651.294454028346
uruguay,2009,12884.471977374098
uruguay,2010,13966.373727775535
uruguay,2011,14643.073448928424
uruguay,2012,15208.853696650078
uruguay,2013,15815.472217891493
uruguay,2014,16301.27751330362
uruguay,2015,16372.744491963198
uruguay,2016,16563.32310172207
uruguay,2017,16946.297709491184
uruguay,2018,17174.0560790206
uzbekistan,1973,2210.394619737161
uzbekistan,1980,2027.5779816493616
uzbekistan,1981,2047.709575724506
uzbekistan,1982,2065.9368298195695
uzbekistan,1983,2087.1566181690464
uzbekistan,1984,1955.7571595434401
uzbekistan,1985,1953.580770994776
uzbekistan,1986,1878.2233174972753
uzbekistan,1987,1817.2844381346754
uzbekistan,1988,1931.816885508133
uzbekistan,1989,1929.640496959469
uzbekistan,1990,1847.2097806788092
uzbekistan,1991,1764.3785544954815
uzbekistan,1992,1504.5587867091087
uzbekistan,1993,1412.8744743923814
uzbekistan,1994,1290.7229803974733
uzbekistan,1995,1233.811861707316
uzbekistan,1996,1211.4001469643063
uzbekistan,1997,1232.1989401539006
uzbekistan,1998,1244.8906587948638
uzbekistan,1999,1259.762084977028
uzbekistan,2000,1269.721375
uzbekistan,2001,1285.4981788184086
uzbekistan,2002,1299.6545253380523
uzbekistan,2003,1318.0018616712882
uzbekistan,2004,1378.798894910229
uzbekistan,2005,1437.5059694307442
uzbekistan,2006,1505.8219626227533
uzbekistan,2007,1607.2626439351466
uzbekistan,2008,1707.9952372332318
uzbekistan,2009,1800.4439788228208
uzbekistan,2010,1905.1179301679665
uzbekistan,2011,2012.0712132401286
uzbekistan,2012,2156.8010517263033
uzbekistan,2013,2307.5159587213047
uzbekistan,2014,2471.561245576875
uzbekistan,2015,2644.3120866271024
uzbekistan,2016,2824.1361904604887
uzbekistan,2017,2922.853529577081
uzbekistan,2018,3052.4856518817446
venezuela,1800,286.7971966135436
venezuela,1820,258.7322332916218
venezuela,1830,513.722471473654
venezuela,1831,507.0403373493869
venezuela,1832,572.5252517672044
venezuela,1833,580.8110980812957
venezuela,1834,586.6913761106507
venezuela,1835,575.465390781882
venezuela,1836,535.1053006713087
venezuela,1837,503.56562760476805
venezuela,1838,452.51412289536745
venezuela,1839,421.24173519379747
venezuela,1840,406.0064693904685
venezuela,1841,452.51412289536745
venezuela,1842,503.56562760476805
venezuela,1843,467.7493886986964
venezuela,1844,467.7493886986964
venezuela,1845,472.8278106331394
venezuela,1846,477.9062325675824
venezuela,1847,457.59254482981044
venezuela,1848,457.59254482981044
venezuela,1849,421.24173519379747
venezuela,1850,503.56562760476805
venezuela,1851,483.25193986699605
venezuela,1852,503.56562760476805
venezuela,1853,534.5707299413673
venezuela,1854,544.994859175224
venezuela,1855,565.308546912996
venezuela,1856,437.0115717270678
venezuela,1857,503.56562760476805
venezuela,1858,493.4087837358821
venezuela,1859,498.48720567032507
venezuela,1860,529.4923080069243
venezuela,1861,570.386968847439
venezuela,1862,503.56562760476805
venezuela,1863,462.6709667642534
venezuela,1864,452.51412289536745
venezuela,1865,477.9062325675824
venezuela,1866,472.8278106331394
venezuela,1867,426.58744249321114
venezuela,1868,431.6658644276541
venezuela,1869,477.9062325675824
venezuela,1870,472.8278106331394
venezuela,1871,462.6709667642534
venezuela,1872,467.7493886986964
venezuela,1873,503.56562760476805
venezuela,1874,555.15170304411
venezuela,1875,493.4087837358821
venezuela,1876,514.2570422035953
venezuela,1877,519.3354641380383
venezuela,1878,555.15170304411
venezuela,1879,544.994859175224
venezuela,1880,575.465390781882
venezuela,1881,575.465390781882
venezuela,1882,565.308546912996
venezuela,1883,590.9679419501816
venezuela,1884,627.0514662212239
venezuela,1885,580.8110980812957
venezuela,1886,616.8946223523379
venezuela,1887,637.4755954550806
venezuela,1888,637.4755954550806
venezuela,1889,662.8677051272955
venezuela,1890,714.4537805666374
venezuela,1891,673.5591197261228
venezuela,1892,606.737778483452
venezuela,1893,606.737778483452
venezuela,1894,596.580934614566
venezuela,1895,647.6324393239665
venezuela,1896,570.386968847439
venezuela,1897,585.8895200157386
venezuela,1898,570.386968847439
venezuela,1899,483.25193986699605
venezuela,1900,493.4087837358821
venezuela,1901,472.8278106331394
venezuela,1902,442.3572790264815
venezuela,1903,472.8278106331394
venezuela,1904,477.9062325675824
venezuela,1905,483.25193986699605
venezuela,1906,477.9062325675824
venezuela,1907,462.6709667642534
venezuela,1908,452.51412289536745
venezuela,1909,452.51412289536745
venezuela,1910,447.43570096092446
venezuela,1911,426.58744249321114
venezuela,1912,457.59254482981044
venezuela,1913,467.7493886986964
venezuela,1914,539.916437240781
venezuela,1915,539.916437240781
venezuela,1916,503.56562760476805
venezuela,1917,524.4138860724813
venezuela,1918,544.994859175224
venezuela,1919,524.4138860724813
venezuela,1920,508.64404953921104
venezuela,1921,493.4087837358821
venezuela,1922,534.5707299413673
venezuela,1923,560.230124978553
venezuela,1924,580.8110980812957
venezuela,1925,611.816200417895
venezuela,1926,647.6324393239665
venezuela,1927,657.7892831928525
venezuela,1928,766.0398560059793
venezuela,1929,786.3535437437514
venezuela,1930,781.2751218093084
venezuela,1931,776.1966998748654
venezuela,1932,704.2969366977514
venezuela,1933,781.2751218093084
venezuela,1934,812.012938780937
venezuela,1935,966.2365943690214
venezuela,1936,1043.482064845549
venezuela,1937,1038.403642911106
venezuela,1938,1146.3869303592624
venezuela,1939,1212.9409862369625
venezuela,1940,1274.6839055451903
venezuela,1941,1238.8676666391189
venezuela,1942,1069.4087452477054
venezuela,1943,1182.2031692653338
venezuela,1944,1274.6839055451903
venezuela,1945,1552.3933997497309
venezuela,1946,1778.7841038799
venezuela,1947,1737.3548723094439
venezuela,1948,2061.3047346539124
venezuela,1949,2092.309836990512
venezuela,1950,2261.768758381925
venezuela,1951,2415.9924139700097
venezuela,1952,2488.1594625120943
venezuela,1953,2539.2109672214947
venezuela,1954,2678.1993570062505
venezuela,1955,2806.7636175571492
venezuela,1956,2976.4898243135335
venezuela,1957,3186.843406545461
venezuela,1958,3104.5195141344907
venezuela,1959,3228.2726381159173
venezuela,1960,3238.4294819848033
venezuela,1961,3269.1672989564318
venezuela,1962,3434.082369143344
venezuela,1963,3536.7199492920863
venezuela,1964,3747.0735315240145
venezuela,1965,3834.743131234399
venezuela,1966,3788.5027630944705
venezuela,1967,3808.8164508322425
venezuela,1968,3880.983499374327
venezuela,1969,3917.0670236453693
venezuela,1970,4086.5259450367826
venezuela,1971,4060.5992646346263
venezuela,1972,4045.3639988312975
venezuela,1973,4153.614571644424
venezuela,1974,4261.33057372761
venezuela,1975,4379.470705044652
venezuela,1976,4590.358858006522
venezuela,1977,4729.079962426306
venezuela,1978,4672.4154650525215
venezuela,1979,4579.934728772665
venezuela,1980,4348.732888073023
venezuela,1981,4209.744498288268
venezuela,1982,4122.342183942854
venezuela,1983,3783.4243411600273
venezuela,1984,3634.279107506386
venezuela,1985,3546.8767931609723
venezuela,1986,3675.441053711871
venezuela,1987,3706.1788706834996
venezuela,1988,3824.319002000542
venezuela,1989,3407.888403376217
venezuela,1990,3541.7983712265295
venezuela,1991,3815.3717580508305
venezuela,1992,3982.9839781271253
venezuela,1993,3927.4649589134588
venezuela,1994,3776.5492270022514
venezuela,1995,3861.8143810264323
venezuela,1996,3798.608662372793
venezuela,1997,3981.038220855748
venezuela,1998,3939.5325456709106
venezuela,1999,3653.6531802721397
venezuela,2000,3740.01955
venezuela,2001,3821.656037909339
venezuela,2002,3436.233802503066
venezuela,2003,3134.771673597968
venezuela,2004,3665.296291141482
venezuela,2005,3994.4032375033044
venezuela,2006,4344.372341171818
venezuela,2007,4647.046154821938
venezuela,2008,4816.239100546669
venezuela,2009,4608.786794037353
venezuela,2010,4572.071006235472
venezuela,2011,4743.246086769753
venezuela,2012,4957.876234841211
venezuela,2013,5727.65808595678
venezuela,2014,5430.43676010938
venezuela,2015,5025.499432178794
venezuela,2016,4067.815969488835
venezuela,2017,3442.4042989817062
venezuela,2018,2862.6130549389927
vietnam,1820,366.7034929406012
vietnam,1870,351.42418073474283
vietnam,1913,505.96350990256764
vietnam,1950,457.94281439844127
vietnam,1951,470.60281594043823
vietnam,1952,482.8262657051249
vietnam,1953,495.4862672471219
vietnam,1954,509.4559241210495
vietnam,1955,521.6793738857363
vietnam,1956,531.7200647638717
vietnam,1957,539.1414449781458
vietnam,1958,546.1262734151096
vietnam,1959,550.9283429655222
vietnam,1960,556.1669642932452
vietnam,1961,564.89799983945
vietnam,1962,615.974557784748
vietnam,1963,613.7917988981968
vietnam,1964,622.9593862217118
vietnam,1965,610.2993846797149
vietnam,1966,597.6393831377179
vietnam,1967,508.58282056642906
vietnam,1968,486.31867992360685
vietnam,1969,514.2579936714621
vietnam,1970,511.6386830076007
vietnam,1971,524.735236326908
vietnam,1972,557.9131714024861
vietnam,1973,581.9235191545492
vietnam,1974,544.8166180831789
vietnam,1975,494.17661191519113
vietnam,1976,563.151792730209
vietnam,1977,569.2635176125524
vietnam,1978,560.9690338436578
vietnam,1979,553.1111018520735
vietnam,1980,526.9179952134591
vietnam,1981,533.902823650423
vietnam,1982,564.4614480621398
vietnam,1983,581.9235191545492
vietnam,1984,619.9035237805401
vietnam,1985,642.1676644233623
vietnam,1986,646.5331821964647
vietnam,1987,654.8276659653593
vietnam,1988,679.2745654947327
vietnam,1989,693.2442223686604
vietnam,1990,713.3256041249314
vietnam,1991,736.9692047288763
vietnam,1992,782.593623872169
vietnam,1993,827.2038895815923
vietnam,1994,881.114585320366
vietnam,1995,946.026036605936
vietnam,1996,1014.1300346941537
vietnam,1997,1076.9180108245312
vietnam,1998,1119.442956004099
vietnam,1999,1153.0853821707353
vietnam,2000,1210.602432141869
vietnam,2001,1272.8479490337606
vietnam,2002,1340.516705
vietnam,2003,1415.4254975722185
vietnam,2004,1500.7185036161382
vietnam,2005,1588.0253666639676
vietnam,2006,1671.5164615918616
vietnam,2007,1762.4611979103724
vietnam,2008,1833.6201416810295
vietnam,2009,1903.3926843173044
vietnam,2010,1995.8486319233305
vietnam,2011,2089.3368062068066
vietnam,2012,2175.774058114234
vietnam,2013,2270.0692420132455
vietnam,2014,2381.3899452273567
vietnam,2015,2515.8478926389103
vietnam,2016,2646.376874054672
vietnam,2017,2803.5732756150956
vietnam,2018,2974.7259319098835
yemen,1950,726.0306224364595
yemen,1951,731.5308544246144
yemen,1952,736.5310653229371
yemen,1953,741.0312551314277
yemen,1954,746.0314660297503
yemen,1955,751.031676928073
yemen,1956,754.0318034670667
yemen,1957,758.0319721857248
yemen,1958,761.0320987247185
yemen,1959,764.5322463535445
yemen,1960,768.5324150722025
yemen,1961,772.5325837908607
yemen,1962,777.0327735993512
yemen,1963,784.0330688570031
yemen,1964,788.0332375756612
yemen,1965,794.0334906536484
yemen,1966,802.5338491807971
yemen,1967,812.0342498876103
yemen,1968,819.5345662350943
yemen,1969,829.0349669419076
yemen,1970,980.541357161086
yemen,1971,1127.0475364819417
yemen,1972,1191.550257070305
yemen,1973,1307.05512882156
yemen,1974,1351.5570058166322
yemen,1975,1422.0599794829825
yemen,1976,1596.5673398344456
yemen,1977,1723.0726755620105
yemen,1978,1818.0766826301422
yemen,1979,1866.5787283438726
yemen,1980,1825.076977887794
yemen,1981,1883.5794453981698
yemen,1982,1862.0785385353822
yemen,1983,1913.5807107881062
yemen,1984,1930.5814278424034
yemen,1985,1858.5783909065563
yemen,1986,1842.0776949420913
yemen,1987,1856.078285457395
yemen,1988,1873.5790236015243
yemen,1989,1875.5791079608534
yemen,1990,1811.0763873724904
yemen,1991,1831.039029354518
yemen,1992,1879.9384418283382
yemen,1993,1856.2488426511368
yemen,1994,1887.6143655825715
yemen,1995,1911.7400831543248
yemen,1996,1927.867313366794
yemen,1997,1963.9229841187464
yemen,1998,2022.1594904114404
yemen,1999,2040.1952511216905
yemen,2000,2106.141582598508
yemen,2001,2124.606561412271
yemen,2002,2146.139969645897
yemen,2003,2163.3464953807697
yemen,2004,2185.789992
yemen,2005,2242.8860001888957
yemen,2006,2248.724496444322
yemen,2007,2258.167044711042
yemen,2008,2274.600437836815
yemen,2009,2296.8682270450786
yemen,2010,2406.2741915573224
yemen,2011,2044.0862152343293
yemen,2012,2038.5859832461742
yemen,2013,2082.5878391514143
yemen,2014,2027.0854981800321
yemen,2015,1422.0599794829825
yemen,2016,1253.0528511196744
yemen,2017,1161.0109189856
yemen,2018,1142.4931379447519
zambia,1950,593.5774446273244
zambia,1951,617.7936022354601
zambia,1952,642.0097598435956
zambia,1953,666.7890839077344
zambia,1954,693.2579073398826
zambia,1955,660.5942528916997
zambia,1956,720.8530636840372
zambia,1957,733.2427257161066
zambia,1958,696.6369060759016
zambia,1959,821.0966928525986
zambia,1960,861.6446776848258
zambia,1961,841.9338517247153
zambia,1962,812.6491960125513
zambia,1963,809.8333637325355
zambia,1964,894.3083321330087
zambia,1965,1029.4682815737656
zambia,1966,947.8091454533082
zambia,1967,993.988794845567
zambia,1968,980.4727999014913
zambia,1969,947.8091454533082
zambia,1970,963.0146397653934
zambia,1971,935.419483421239
zambia,1972,991.7361290215543
zambia,1973,953.4408100133398
zambia,1974,1000.1836258616016
zambia,1975,934.2931505092326
zambia,1976,961.325140397384
zambia,1977,888.6766675729771
zambia,1978,867.8395087008604
zambia,1979,817.1545276605766
zambia,1980,817.7176941165798
zambia,1981,840.2443523567059
zambia,1982,787.3067054924094
zambia,1983,743.3797219241634
zambia,1984,714.6582326680025
zambia,1985,703.9580700039426
zambia,1986,684.2472440438322
zambia,1987,677.4892465717943
zambia,1988,697.7632389879079
zambia,1989,684.2472440438322
zambia,1990,723.668895964053
zambia,1991,720.7131168197204
zambia,1992,737.1013170060578
zambia,1993,739.0641773718112
zambia,1994,643.2497397464234
zambia,1995,665.0679345848976
zambia,1996,709.9987060443236
zambia,1997,738.5123305615737
zambia,1998,737.1575773350124
zambia,1999,773.7067987463893
zambia,2000,804.484634
zambia,2001,847.2557184172996
zambia,2002,889.2526742241771
zambia,2003,956.5672849104869
zambia,2004,1029.642806858481
zambia,2005,1109.4484495389408
zambia,2006,1201.568515212948
zambia,2007,1305.7730066998708
zambia,2008,1410.5951228390923
zambia,2009,1544.946872098839
zambia,2010,1707.5589336039257
zambia,2011,1804.9484914901088
zambia,2012,1886.6076276105662
zambia,2013,1925.4661130747838
zambia,2014,1958.69293397897
zambia,2015,1958.69293397897
zambia,2016,1959.256100434973
zambia,2017,1969.7207468871325
zambia,2018,1990.2492342247137
zimbabwe,1950,843.6848235208404
zimbabwe,1951,869.3654716853065
zimbabwe,1952,871.6314112292299
zimbabwe,1953,914.684262563776
zimbabwe,1954,929.7905261899324
zimbabwe,1955,972.8433775244785
zimbabwe,1956,1074.0553438197269
zimbabwe,1957,1112.576316066426
zimbabwe,1958,1090.6722338084992
zimbabwe,1959,1113.3316292477339
zimbabwe,1960,1129.1932060551983
zimbabwe,1961,1151.097288313125
zimbabwe,1962,1130.7038324178138
zimbabwe,1963,1084.6297283580366
zimbabwe,1964,1147.320722406586
zimbabwe,1965,1184.3310682906695
zimbabwe,1966,1163.9376123953582
zimbabwe,1967,1222.0967273560607
zimbabwe,1968,1202.4585846420573
zimbabwe,1969,1307.447116843845
zimbabwe,1970,1543.1048294118862
zimbabwe,1971,1629.2105320809783
zimbabwe,1972,1713.0502952061468
zimbabwe,1973,1724.379992925764
zimbabwe,1974,1718.3374874753015
zimbabwe,1975,1688.1249602229886
zimbabwe,1976,1633.7424111688251
zimbabwe,1977,1469.8394508250271
zimbabwe,1978,1483.4350880885681
zimbabwe,1979,1457.754439924102
zimbabwe,1980,1558.9664062193506
zimbabwe,1981,1694.1674656734513
zimbabwe,1982,1691.9015261295276
zimbabwe,1983,1654.1358670641364
zimbabwe,1984,1561.232345763274
zimbabwe,1985,1607.3064498230513
zimbabwe,1986,1591.444873015587
zimbabwe,1987,1513.647615340881
zimbabwe,1988,1596.7320652847418
zimbabwe,1989,1647.3380484323661
zimbabwe,1990,1631.4764716249017
zimbabwe,1991,1678.4987203211747
zimbabwe,1992,1489.0588479113137
zimbabwe,1993,1472.0377898392237
zimbabwe,1994,1594.2485955446016
zimbabwe,1995,1588.3178009136545
zimbabwe,1996,1731.5460267334224
zimbabwe,1997,1757.2654979954075
zimbabwe,1998,1789.351353
zimbabwe,1999,1754.5995445906635
zimbabwe,2000,1670.1456363177733
zimbabwe,2001,1656.9596053924558
zimbabwe,2002,1529.749230677365
zimbabwe,2003,1284.7544120933144
zimbabwe,2004,1211.902265347949
zimbabwe,2005,1129.974426478625
zimbabwe,2006,1099.530999986786
zimbabwe,2007,1074.172643956784
zimbabwe,2008,904.5072482901525
zimbabwe,2009,970.6126355748038
zimbabwe,2010,1058.840692752053
zimbabwe,2011,1144.2994696813546
zimbabwe,2012,1211.522342817751
zimbabwe,2013,1211.522342817751
zimbabwe,2014,1203.9692110046728
zimbabwe,2015,1178.2885628402069
zimbabwe,2016,1158.6504201262035
zimbabwe,2017,1195.1820485159737
zimbabwe,2018,1217.1155879879718
